entry_time,exit_time,entry_price,exit_price,stop,target,pnl,r_multiple,position
2015-02-04 15:15:00,2015-02-04 15:15:00,,219.2,,,566.3999999999678,0.5667081654707793,0
2015-02-05 09:15:00,2015-02-05 09:15:00,,218.00540817566187,,,-999.9868200861085,-1.0,0
2015-02-09 15:20:00,2015-02-09 15:20:00,,211.05,,,242.75,0.24292029297603915,0
2015-02-10 13:50:00,2015-02-10 13:50:00,,208.56639484086605,,,1999.8996213777973,1.9999999999999756,0
2015-02-10 14:00:00,2015-02-10 14:00:00,,207.2,,,-507.0000000000192,-0.5074196529972058,0
2015-02-10 14:10:00,2015-02-10 14:10:00,,204.61742554427835,,,-999.4308417912307,-1.0,0
2015-02-10 14:20:00,2015-02-10 14:20:00,,205.0,,,-443.0999999999928,-0.4431809652059622,0
2015-02-10 14:30:00,2015-02-10 14:30:00,,206.5,,,682.5000000000074,0.6827368657699845,0
2015-02-11 14:45:00,2015-02-11 14:45:00,,213.05,,,-57.05000000001297,-0.05705158926478016,0
2015-02-11 14:55:00,2015-02-11 14:55:00,,212.9,,,459.6000000000065,0.4599277343518304,0
2015-02-12 09:20:00,2015-02-12 09:20:00,,213.5,,,734.9999999999881,0.7350086971284343,0
2015-02-13 11:50:00,2015-02-13 11:50:00,,216.25,,,-335.0,-0.3350120437255936,0
2015-02-13 12:05:00,2015-02-13 12:05:00,,216.3,,,0.0,0.0,0
2015-02-13 13:05:00,2015-02-13 13:05:00,,216.2,,,762.0,0.7620871368327649,0
2015-02-13 13:30:00,2015-02-13 13:30:00,,216.9,,,-321.4000000000274,-0.3214616388723066,0
2015-02-13 13:40:00,2015-02-13 13:40:00,,217.0,,,82.15000000001868,0.08218391949436421,0
2015-02-13 13:55:00,2015-02-13 13:55:00,,216.6,,,823.0,0.8231409754710548,0
2015-02-23 09:20:00,2015-02-23 09:20:00,,205.3,,,470.80000000000666,0.47115151446598846,0
2015-02-23 13:45:00,2015-02-23 13:45:00,,203.89145639302316,,,1998.9311259396802,2.0,0
2015-02-23 14:10:00,2015-02-23 14:10:00,,202.40284523102665,,,-999.7782404054265,-1.0,0
2015-02-23 14:20:00,2015-02-23 14:20:00,,202.8,,,188.50000000004286,0.18851744846525603,0
2015-02-23 14:45:00,2015-02-23 14:45:00,,202.2541135278713,,,1999.5718938645716,1.9999999999999505,0
2015-02-23 15:15:00,2015-02-23 15:15:00,,200.66851386826815,,,-999.6425465315369,-1.0,0
2015-02-23 15:25:00,2015-02-23 15:25:00,,200.4,,,148.39999999999156,0.14848917237403075,0
2015-02-24 09:30:00,2015-02-24 09:30:00,,199.85,,,545.5999999999831,0.5460731930613859,0
2015-02-24 12:55:00,2015-02-24 12:55:00,,197.7,,,0.0,0.0,0
2015-02-24 14:55:00,2015-02-24 14:55:00,,198.3,,,474.95000000003085,0.4751084208058145,0
2015-02-25 09:45:00,2015-02-25 09:45:00,,201.85,,,59.8000000000136,0.05983986310642046,0
2015-02-25 09:55:00,2015-02-25 09:55:00,,201.9,,,-67.45000000001534,-0.06746513439019303,0
2015-02-25 10:05:00,2015-02-25 10:05:00,,201.85,,,75.75000000001722,0.07579280030960799,0
2015-02-25 10:15:00,2015-02-25 10:15:00,,201.8,,,83.29999999997159,0.08330629986620608,0
2015-02-25 10:25:00,2015-02-25 10:25:00,,201.8,,,0.0,0.0,0
2015-02-25 14:35:00,2015-02-25 14:35:00,,198.8,,,0.0,0.0,0
2015-02-25 14:45:00,2015-02-25 14:45:00,,198.75,,,94.90000000002158,0.09491539936420859,0
2015-02-25 14:55:00,2015-02-25 14:55:00,,198.8,,,197.80000000004497,0.1978266330248795,0
2015-02-25 15:10:00,2015-02-25 15:10:00,,198.9,,,205.8999999999883,0.2059529154542844,0
2015-02-26 11:10:00,2015-02-26 11:10:00,,198.0,,,85.00000000001933,0.08500113614959015,0
2015-02-26 11:20:00,2015-02-26 11:20:00,,197.8,,,-364.1999999999793,-0.3643615853540221,0
2015-02-26 11:30:00,2015-02-26 11:30:00,,198.2,,,430.5,0.4307124591422219,0
2015-02-27 15:20:00,2015-02-27 15:20:00,,202.5,,,0.0,0.0,0
2015-02-28 09:15:00,2015-02-28 09:15:00,,203.45785280327306,,,-999.9178613841865,-1.0,0
2015-02-28 09:25:00,2015-02-28 09:25:00,,202.9,,,429.5999999999756,0.42966085134389237,0
2015-02-28 09:35:00,2015-02-28 09:35:00,,203.25,,,-126.09999999999283,-0.12616668337179637,0
2015-02-28 09:45:00,2015-02-28 09:45:00,,202.9,,,123.79999999999296,0.12385482931156046,0
2015-02-28 09:55:00,2015-02-28 09:55:00,,203.0,,,-128.2999999999927,-0.12839823875709125,0
2015-03-04 14:55:00,2015-03-04 14:55:00,,209.5,,,1197.3000000000104,1.1981359845258697,0
2015-03-10 09:15:00,2015-03-10 09:15:00,,205.3,,,1069.0,1.069654726547718,0
2015-03-10 14:35:00,2015-03-10 14:35:00,,202.4,,,132.49999999999247,0.13252432206739465,0
2015-03-10 14:55:00,2015-03-10 14:55:00,,202.65,,,746.9000000000154,0.7472597570207775,0
2015-03-11 15:25:00,2015-03-11 15:25:00,,201.5,,,130.49999999999258,0.1305729495044933,0
2015-03-12 15:20:00,2015-03-12 15:20:00,,204.5,,,77.00000000001751,0.07704836120536088,0
2015-03-13 09:50:00,2015-03-13 09:50:00,,204.4,,,786.5,0.7869483307184354,0
2015-03-17 11:15:00,2015-03-17 11:15:00,,201.33941881222995,,,-999.5430590620783,-1.0,0
2015-03-17 11:25:00,2015-03-17 11:25:00,,201.7,,,0.0,0.0,0
2015-03-17 11:35:00,2015-03-17 11:35:00,,201.9,,,0.0,0.0,0
2015-03-17 11:45:00,2015-03-17 11:45:00,,201.85,,,82.15000000001868,0.0821526745047959,0
2015-03-17 11:55:00,2015-03-17 11:55:00,,201.85,,,0.0,0.0,0
2015-03-17 12:05:00,2015-03-17 12:05:00,,201.4,,,879.7499999999777,0.8801026605574095,0
2015-03-19 15:05:00,2015-03-19 15:05:00,,201.84458954624472,,,-999.4080303182283,-1.0,0
2015-03-19 15:20:00,2015-03-19 15:20:00,,201.8,,,-233.7999999999867,-0.23383672186651366,0
2015-03-20 09:15:00,2015-03-20 09:15:00,,202.3,,,626.0,0.6260168630162369,0
2015-03-23 14:15:00,2015-03-23 14:15:00,,198.1,,,-171.39999999999026,-0.17147209391919427,0
2015-03-23 14:25:00,2015-03-23 14:25:00,,198.55,,,654.8500000000425,0.6551533416326254,0
2015-03-24 11:40:00,2015-03-24 11:40:00,,200.4,,,634.8999999999896,0.6351290814403828,0
2015-03-24 11:50:00,2015-03-24 11:50:00,,200.4,,,452.75,0.45284131398411864,0
2015-03-24 13:00:00,2015-03-24 13:00:00,,200.8,,,-95.50000000002171,-0.09552559223405353,0
2015-03-24 13:10:00,2015-03-24 13:10:00,,200.7,,,289.35000000001094,0.289418589704363,0
2015-03-24 14:10:00,2015-03-24 14:10:00,,201.6,,,-331.1999999999812,-0.3312840313509176,0
2015-03-24 14:20:00,2015-03-24 14:20:00,,201.1,,,735.7500000000279,0.7357525892977101,0
2015-03-26 09:30:00,2015-03-26 09:30:00,,200.2,,,0.0,0.0,0
2015-03-26 09:40:00,2015-03-26 09:40:00,,200.1,,,-84.59999999997115,-0.08461764984136062,0
2015-03-26 12:30:00,2015-03-26 12:30:00,,198.1,,,94.04999999996792,0.09406105555656406,0
2015-03-26 15:05:00,2015-03-26 15:05:00,,194.9,,,-439.24999999999284,-0.43925862327507376,0
2015-03-27 10:50:00,2015-03-27 10:50:00,,194.11372094126867,,,1999.6260356741743,2.0,0
2015-03-27 11:25:00,2015-03-27 11:25:00,,193.07177534178885,,,1999.610641953534,2.000000000000036,0
2015-03-27 11:40:00,2015-03-27 11:40:00,,190.81276867734272,,,1999.911850053493,2.000000000000032,0
2015-03-27 11:50:00,2015-03-27 11:50:00,,192.2,,,983.3999999999949,0.9834168601884036,0
2015-03-27 12:10:00,2015-03-27 12:10:00,,191.0,,,-84.09999999999522,-0.08418740366938132,0
2015-03-27 12:20:00,2015-03-27 12:20:00,,190.3,,,-214.0,-0.21402742730157737,0
2015-03-27 12:30:00,2015-03-27 12:30:00,,190.0,,,0.0,0.0,0
2015-03-27 12:40:00,2015-03-27 12:40:00,,189.5,,,-472.0,-0.4721344278791054,0
2015-03-27 12:50:00,2015-03-27 12:50:00,,190.0,,,335.6499999999945,0.33574053268745635,0
2015-03-30 12:25:00,2015-03-30 12:25:00,,188.2186142769543,,,1999.913023597575,2.0,0
2015-03-30 12:35:00,2015-03-30 12:35:00,,188.9,,,553.6000000000079,0.5537312313834974,0
2015-04-01 09:45:00,2015-04-01 09:45:00,,193.7,,,546.2999999999862,0.5464417320406639,0
2015-04-01 10:45:00,2015-04-01 10:45:00,,193.05,,,364.75,0.3649718244878448,0
2015-04-01 11:05:00,2015-04-01 11:05:00,,192.4,,,-448.7999999999745,-0.44899461317874595,0
2015-04-01 11:15:00,2015-04-01 11:15:00,,192.3,,,-294.1999999999833,-0.2943629140337587,0
2015-04-01 11:30:00,2015-04-01 11:30:00,,192.3,,,-140.39999999999202,-0.14045395195476462,0
2015-04-01 11:40:00,2015-04-01 11:40:00,,192.7,,,591.1999999999664,0.5914787837997132,0
2015-04-01 14:30:00,2015-04-01 14:30:00,,196.82269871385913,,,1998.8916929720633,2.0,0
2015-04-06 13:00:00,2015-04-06 13:00:00,,194.4,,,442.60000000003777,0.4427925352465525,0
2015-04-08 14:55:00,2015-04-08 14:55:00,,204.45,,,0.0,0.0,0
2015-04-08 15:10:00,2015-04-08 15:10:00,,204.7,,,422.100000000016,0.42216870141764395,0
2015-04-08 15:20:00,2015-04-08 15:20:00,,204.0,,,762.3000000000158,0.7624076695164079,0
2015-04-10 09:45:00,2015-04-10 09:45:00,,212.8,,,153.79999999999126,0.15382323601375242,0
2015-04-10 13:40:00,2015-04-10 13:40:00,,212.2,,,400.20000000001517,0.4002814219810659,0
2015-04-10 13:50:00,2015-04-10 13:50:00,,212.4,,,67.99999999997681,0.06802679198285715,0
2015-04-10 14:10:00,2015-04-10 14:10:00,,213.45840246950442,,,-999.4549487076933,-1.0,0
2015-04-10 14:20:00,2015-04-10 14:20:00,,213.15,,,-67.7000000000154,-0.06771696258545738,0
2015-04-10 14:40:00,2015-04-10 14:40:00,,212.3,,,786.4999999999757,0.7865065387414855,0
2015-04-10 15:15:00,2015-04-10 15:15:00,,213.35,,,492.800000000007,0.49291484436936595,0
2015-04-10 15:25:00,2015-04-10 15:25:00,,213.4,,,0.0,0.0,0
2015-04-13 12:20:00,2015-04-13 12:20:00,,215.5,,,169.49999999999037,0.16956266165966932,0
2015-04-13 12:30:00,2015-04-13 12:30:00,,215.65,,,253.3500000000096,0.2534085848870814,0
2015-04-13 12:40:00,2015-04-13 12:40:00,,215.8,,,-173.00000000003934,-0.17308971667324416,0
2015-04-13 12:50:00,2015-04-13 12:50:00,,215.4,,,635.9499999999897,0.6361439528329926,0
2015-04-13 13:40:00,2015-04-13 13:40:00,,215.9,,,155.89999999999114,0.1559006864836066,0
2015-04-13 14:15:00,2015-04-13 14:15:00,,216.8,,,-396.90000000001504,-0.3970483368336872,0
2015-04-13 14:25:00,2015-04-13 14:25:00,,216.8,,,135.2999999999923,0.13536635049232923,0
2015-04-13 14:35:00,2015-04-13 14:35:00,,217.1,,,-283.79999999998387,-0.28396251717343834,0
2015-04-13 14:45:00,2015-04-13 14:45:00,,216.65,,,629.0999999999841,0.6291919634944876,0
2015-04-13 15:05:00,2015-04-13 15:05:00,,217.8,,,-393.6000000000149,-0.3936309066093415,0
2015-04-13 15:15:00,2015-04-13 15:15:00,,217.7,,,126.40000000002874,0.12641013260575185,0
2015-04-13 15:25:00,2015-04-13 15:25:00,,217.7,,,64.50000000001467,0.06454085148999912,0
2015-04-20 14:15:00,2015-04-20 14:15:00,,208.6,,,-422.550000000016,-0.4229141223066166,0
2015-04-20 14:40:00,2015-04-20 14:40:00,,208.2,,,-295.8000000000112,-0.2960552393798462,0
2015-04-20 14:50:00,2015-04-20 14:50:00,,208.0,,,186.5999999999894,0.1867762199477725,0
2015-04-21 15:10:00,2015-04-21 15:10:00,,206.55,,,49.100000000011164,0.04911391733647329,0
2015-04-22 13:50:00,2015-04-22 13:50:00,,204.75446413651406,,,-999.4850358292806,-1.0,0
2015-04-22 14:05:00,2015-04-22 14:05:00,,205.45,,,192.29999999997085,0.1923888348121397,0
2015-04-22 14:15:00,2015-04-22 14:15:00,,205.1,,,-381.9000000000145,-0.3820925858442779,0
2015-04-28 11:55:00,2015-04-28 11:55:00,,204.65,,,868.4000000000076,0.868837638157,0
2015-04-28 13:45:00,2015-04-28 13:45:00,,203.9,,,1377.199999999993,1.3779651520020988,0
2015-04-30 09:15:00,2015-04-30 09:15:00,,201.1,,,1205.1000000000076,1.2055669267604916,0
2015-05-05 09:25:00,2015-05-05 09:25:00,,210.55,,,759.0,0.7591062643126977,0
2015-05-05 10:35:00,2015-05-05 10:35:00,,212.3,,,-573.1000000000118,-0.5734624755756343,0
2015-05-05 10:45:00,2015-05-05 10:45:00,,212.5,,,-102.99999999999415,-0.10300307376904438,0
2015-05-05 11:00:00,2015-05-05 11:00:00,,212.0,,,522.8999999999868,0.5231436282892327,0
2015-05-05 11:10:00,2015-05-05 11:10:00,,211.9,,,226.7999999999871,0.22692254522131053,0
2015-05-13 11:10:00,2015-05-13 11:10:00,,203.2,,,91.4999999999948,0.09151829002940688,0
2015-05-18 15:10:00,2015-05-18 15:10:00,,210.65,,,285.3000000000108,0.28535988391152634,0
2015-05-25 13:25:00,2015-05-25 13:25:00,,210.9,,,0.0,0.0,0
2015-05-25 13:35:00,2015-05-25 13:35:00,,211.0,,,0.0,0.0,0
2015-05-25 13:45:00,2015-05-25 13:45:00,,211.0,,,89.90000000002044,0.08994009359269454,0
2015-05-25 13:55:00,2015-05-25 13:55:00,,210.8,,,-470.25,-0.47046883687428825,0
2015-05-26 15:15:00,2015-05-26 15:15:00,,208.55,,,-246.59999999996262,-0.24666471510667734,0
2015-05-26 15:25:00,2015-05-26 15:25:00,,209.4,,,1651.1000000000297,1.651498610319174,0
2015-05-28 15:05:00,2015-05-28 15:05:00,,207.0,,,0.0,0.0,0
2015-05-29 13:45:00,2015-05-29 13:45:00,,206.45,,,72.89999999997514,0.07294908410231059,0
2015-05-29 14:00:00,2015-05-29 14:00:00,,206.5,,,146.0999999999917,0.14610745453525043,0
2015-05-29 14:10:00,2015-05-29 14:10:00,,206.6,,,371.0,0.3711606818462121,0
2015-06-08 13:20:00,2015-06-08 13:20:00,,210.3,,,1063.200000000015,1.0632393831003732,0
2015-06-08 13:50:00,2015-06-08 13:50:00,,209.7,,,975.9999999999792,0.976152927691836,0
2015-06-11 13:55:00,2015-06-11 13:55:00,,207.7,,,-71.00000000001614,-0.07102811563672747,0
2015-06-11 14:05:00,2015-06-11 14:05:00,,207.4,,,205.9500000000078,0.20607432214848123,0
2015-06-11 14:25:00,2015-06-11 14:25:00,,206.9,,,-386.699999999978,-0.38678603047513305,0
2015-06-11 14:35:00,2015-06-11 14:35:00,,207.0,,,0.0,0.0,0
2015-06-16 13:25:00,2015-06-16 13:25:00,,211.35,,,945.3499999999847,0.945548622926897,0
2015-06-19 13:10:00,2015-06-19 13:10:00,,234.5,,,465.90000000001766,0.4661782282798571,0
2015-06-19 13:30:00,2015-06-19 13:30:00,,234.5,,,162.99999999999073,0.16307121835243787,0
2015-06-19 14:05:00,2015-06-19 14:05:00,,235.5,,,-304.7999999999827,-0.30494566237674836,0
2015-06-19 14:35:00,2015-06-19 14:35:00,,236.55,,,66.44999999997734,0.06649825624752245,0
2015-06-24 15:20:00,2015-06-24 15:20:00,,233.45,,,177.59999999997308,0.17770092073236016,0
2015-07-03 09:20:00,2015-07-03 09:20:00,,237.65,,,729.3000000000151,0.7294005049659011,0
2015-07-06 09:20:00,2015-07-06 09:20:00,,236.3,,,68.75000000001563,0.0687838965206037,0
2015-07-06 09:30:00,2015-07-06 09:30:00,,236.9,,,1029.6000000000147,1.0298950578558344,0
2015-07-07 14:20:00,2015-07-07 14:20:00,,236.85,,,-533.5,-0.5335724824061219,0
2015-07-07 14:30:00,2015-07-07 14:30:00,,236.3190905924683,,,-999.8106582583996,-1.0,0
2015-07-07 14:40:00,2015-07-07 14:40:00,,236.9,,,518.4000000000196,0.5186388488011923,0
2015-07-08 09:35:00,2015-07-08 09:35:00,,235.1,,,-282.75,-0.28275857518067543,0
2015-07-09 15:15:00,2015-07-09 15:15:00,,232.5,,,-417.0000000000158,-0.4170264951133167,0
2015-07-21 13:10:00,2015-07-21 13:10:00,,240.0,,,255.9000000000097,0.2560016349954369,0
2015-07-21 15:05:00,2015-07-21 15:05:00,,238.05,,,1271.5500000000138,1.2720460769523296,0
2015-07-24 15:05:00,2015-07-24 15:05:00,,242.1,,,48.34999999998351,0.04837832836985819,0
2015-07-27 09:25:00,2015-07-27 09:25:00,,241.1,,,679.7999999999965,0.6807164394076823,0
2015-07-27 15:20:00,2015-07-27 15:20:00,,237.3,,,410.0000000000058,0.41016053414780435,0
2015-07-28 09:15:00,2015-07-28 09:15:00,,238.66467874073095,,,1998.5613108050957,2.0000000000000284,0
2015-07-30 12:25:00,2015-07-30 12:25:00,,235.5,,,505.80000000001917,0.5058637549105344,0
2015-07-30 13:30:00,2015-07-30 13:30:00,,235.45,,,838.5,0.8387390810986045,0
2015-08-03 15:20:00,2015-08-03 15:20:00,,236.05,,,-833.849999999979,-0.8340424456684897,0
2015-08-05 15:25:00,2015-08-05 15:25:00,,233.45,,,1123.8499999999865,1.1239406004770987,0
2015-08-06 15:05:00,2015-08-06 15:05:00,,231.0,,,-640.1499999999896,-0.6404406668790715,0
2015-08-06 15:15:00,2015-08-06 15:15:00,,230.95,,,-271.0500000000103,-0.2711969910167127,0
2015-08-07 09:15:00,2015-08-07 09:15:00,,232.02495870964717,,,1999.0516270430035,2.0,0
2015-08-10 13:40:00,2015-08-10 13:40:00,,230.9,,,473.00000000004036,0.47319936855634004,0
2015-08-10 15:15:00,2015-08-10 15:15:00,,228.4,,,0.0,0.0,0
2015-08-10 15:25:00,2015-08-10 15:25:00,,228.1,,,-499.2000000000071,-0.4995702470771028,0
2015-08-11 09:25:00,2015-08-11 09:25:00,,229.1,,,897.599999999994,0.8980831329946073,0
2015-08-12 14:10:00,2015-08-12 14:10:00,,224.2,,,0.0,0.0,0
2015-08-12 14:40:00,2015-08-12 14:40:00,,223.9,,,306.6000000000116,0.30679075266214734,0
2015-08-12 14:55:00,2015-08-12 14:55:00,,223.55,,,-51.499999999982435,-0.051503051246184865,0
2015-08-12 15:05:00,2015-08-12 15:05:00,,222.55,,,-531.0,-0.5312575999172638,0
2015-08-12 15:15:00,2015-08-12 15:15:00,,222.4,,,-109.99999999999375,-0.11004648738632028,0
2015-08-12 15:25:00,2015-08-12 15:25:00,,222.4,,,-227.99999999998704,-0.22807742165224373,0
2015-08-13 15:05:00,2015-08-13 15:05:00,,219.65,,,-365.04999999999404,-0.3652010483245953,0
2015-08-13 15:15:00,2015-08-13 15:15:00,,220.4,,,531.5,0.5319132160232267,0
2015-08-19 11:20:00,2015-08-19 11:20:00,,226.5,,,-124.39999999999293,-0.12448805731604991,0
2015-08-20 14:45:00,2015-08-20 14:45:00,,217.2,,,-584.5,-0.5847132288938337,0
2015-08-20 14:55:00,2015-08-20 14:55:00,,217.4,,,487.35000000001844,0.48738629122793814,0
2015-08-20 15:05:00,2015-08-20 15:05:00,,215.94777349338662,,,-999.8378319440548,-1.0,0
2015-08-24 13:05:00,2015-08-24 13:05:00,,202.3087506877356,,,1996.9946066152454,2.0,0
2015-08-24 14:10:00,2015-08-24 14:10:00,,199.85868423917117,,,1999.2536586593128,2.0000000000000253,0
2015-08-24 15:10:00,2015-08-24 15:10:00,,196.67568202639893,,,1999.074180550299,2.0,0
2015-08-24 15:25:00,2015-08-24 15:25:00,,193.9,,,169.2000000000064,0.1694777574675862,0
2015-08-25 11:20:00,2015-08-25 11:20:00,,196.05,,,84.00000000000318,0.08409837235477756,0
2015-08-25 11:30:00,2015-08-25 11:30:00,,196.4,,,499.5000000000032,0.49977659277251796,0
2015-08-26 15:20:00,2015-08-26 15:20:00,,200.7,,,-128.25000000000486,-0.12832921532520986,0
2015-09-01 14:30:00,2015-09-01 14:30:00,,197.6,,,243.0000000000092,0.24308837261946298,0
2015-09-03 14:20:00,2015-09-03 14:20:00,,201.4,,,782.0000000000111,0.7821205661865079,0
2015-09-03 15:05:00,2015-09-03 15:05:00,,201.4,,,208.99999999998812,0.2090766301963805,0
2015-09-03 15:15:00,2015-09-03 15:15:00,,201.6,,,0.0,0.0,0
2015-09-03 15:25:00,2015-09-03 15:25:00,,201.7,,,-220.0999999999875,-0.22011693727272724,0
2015-09-04 10:55:00,2015-09-04 10:55:00,,195.2,,,0.0,0.0,0
2015-09-04 11:05:00,2015-09-04 11:05:00,,195.5,,,192.99999999998903,0.19308588090364537,0
2015-09-04 14:25:00,2015-09-04 14:25:00,,196.8,,,925.8000000000351,0.9261879785337491,0
2015-09-08 09:45:00,2015-09-08 09:45:00,,198.47431110031528,,,-999.6356305070362,-1.0,0
2015-09-08 09:55:00,2015-09-08 09:55:00,,197.7,,,464.0000000000066,0.4642251299894785,0
2015-09-08 11:35:00,2015-09-08 11:35:00,,195.6,,,244.19999999998612,0.24420173742743886,0
2015-09-09 14:15:00,2015-09-09 14:15:00,,205.4213711097613,,,1999.0816382263538,2.0000000000000373,0
2015-09-09 14:30:00,2015-09-09 14:30:00,,206.0,,,205.5999999999883,0.2056646602181421,0
2015-09-09 14:40:00,2015-09-09 14:40:00,,206.3,,,212.19999999998794,0.2122703051568504,0
2015-09-14 09:30:00,2015-09-14 09:30:00,,201.8,,,139.30000000003167,0.13936163558794984,0
2015-09-14 14:10:00,2015-09-14 14:10:00,,202.45,,,1063.700000000022,1.064056129666544,0
2015-09-14 15:00:00,2015-09-14 15:00:00,,203.97594283332418,,,-999.8367586507716,-1.0,0
2015-09-14 15:10:00,2015-09-14 15:10:00,,203.85,,,244.05000000000925,0.24411642298351785,0
2015-09-14 15:25:00,2015-09-14 15:25:00,,203.5,,,978.5999999999907,0.9787063456270857,0
2015-09-15 13:45:00,2015-09-15 13:45:00,,204.2,,,-243.74999999996305,-0.2437948258807515,0
2015-09-18 11:45:00,2015-09-18 11:45:00,,211.2,,,-620.0,-0.6204626898653248,0
2015-09-18 11:55:00,2015-09-18 11:55:00,,211.0,,,-125.39999999999287,-0.1254089479366184,0
2015-09-18 12:05:00,2015-09-18 12:05:00,,210.85,,,65.75000000001495,0.0657677846761587,0
2015-09-18 12:15:00,2015-09-18 12:15:00,,210.7,,,139.30000000003167,0.13937048625669637,0
2015-09-23 14:05:00,2015-09-23 14:05:00,,201.3,,,643.1999999999634,0.6434558854098444,0
2015-09-23 14:15:00,2015-09-23 14:15:00,,201.4,,,0.0,0.0,0
2015-09-23 14:30:00,2015-09-23 14:30:00,,201.6,,,71.90000000001635,0.07190235738807657,0
2015-09-24 09:50:00,2015-09-24 09:50:00,,197.6,,,60.19999999997947,0.0602104065226057,0
2015-09-24 10:15:00,2015-09-24 10:15:00,,197.5,,,201.30000000000763,0.2013798204549509,0
2015-09-24 13:10:00,2015-09-24 13:10:00,,197.8,,,-146.2999999999501,-0.14632994979940941,0
2015-09-28 11:25:00,2015-09-28 11:25:00,,196.0,,,189.09999999998925,0.18910149434194892,0
2015-09-28 13:40:00,2015-09-28 13:40:00,,197.9,,,171.29999999999026,0.17135885418950392,0
2015-09-28 13:50:00,2015-09-28 13:50:00,,198.15,,,-173.79999999999012,-0.1738768766269533,0
2015-09-28 14:00:00,2015-09-28 14:00:00,,198.0,,,505.50000000001916,0.505501139110505,0
2015-09-29 09:20:00,2015-09-29 09:20:00,,195.8,,,139.70000000003176,0.13976390714909032,0
2015-09-29 09:30:00,2015-09-29 09:30:00,,195.55,,,-713.5,-0.7139308331829861,0
2015-09-29 09:40:00,2015-09-29 09:40:00,,196.25,,,618.7499999999843,0.6189091279833053,0
2015-09-29 09:55:00,2015-09-29 09:55:00,,196.1,,,284.9999999999838,0.2851342545158174,0
2015-09-29 10:10:00,2015-09-29 10:10:00,,195.9,,,152.49999999999133,0.15253948874588846,0
2015-09-30 15:10:00,2015-09-30 15:10:00,,203.5005102837012,,,1998.8031709402424,2.0,0
2015-10-05 13:30:00,2015-10-05 13:30:00,,208.73217567193404,,,1999.709668057714,2.0,0
2015-10-05 13:45:00,2015-10-05 13:45:00,,208.9,,,0.0,0.0,0
2015-10-05 13:55:00,2015-10-05 13:55:00,,209.1,,,108.40000000002465,0.10840028571237485,0
2015-10-05 14:05:00,2015-10-05 14:05:00,,209.2,,,201.50000000004582,0.20159045807902887,0
2015-10-05 15:10:00,2015-10-05 15:10:00,,208.8,,,1444.0,1.4443274038888385,0
2015-10-06 09:15:00,2015-10-06 09:15:00,,210.83445315228022,,,-999.393316004984,-1.0,0
2015-10-06 11:15:00,2015-10-06 11:15:00,,210.8,,,204.449999999969,0.20454472650962072,0
2015-10-06 14:00:00,2015-10-06 14:00:00,,212.2,,,-459.2999999999739,-0.45955198719868223,0
2015-10-06 14:10:00,2015-10-06 14:10:00,,211.8,,,521.1499999999916,0.5211782167171579,0
2015-10-06 14:20:00,2015-10-06 14:20:00,,211.9,,,427.49999999997567,0.4276586088850236,0
2015-10-07 15:05:00,2015-10-07 15:05:00,,215.5,,,130.79999999999256,0.1308613609537824,0
2015-10-07 15:15:00,2015-10-07 15:15:00,,215.55,,,69.89999999997616,0.06991544788731689,0
2015-10-12 13:20:00,2015-10-12 13:20:00,,212.35,,,262.20000000000994,0.26223003962626684,0
2015-10-12 15:00:00,2015-10-12 15:00:00,,210.3,,,652.0,0.6523725068477734,0
2015-10-13 13:50:00,2015-10-13 13:50:00,,209.35,,,650.9999999999894,0.6511501980915724,0
2015-10-13 15:25:00,2015-10-13 15:25:00,,211.3,,,0.0,0.0,0
2015-10-19 14:05:00,2015-10-19 14:05:00,,226.82850641883797,,,-999.7054751489823,-1.0,0
2015-10-19 15:05:00,2015-10-19 15:05:00,,227.2,,,404.1000000000153,0.40424616655312656,0
2015-10-21 10:35:00,2015-10-21 10:35:00,,229.45,,,63.400000000014415,0.06344270931612175,0
2015-10-21 10:55:00,2015-10-21 10:55:00,,229.4,,,0.0,0.0,0
2015-10-21 15:25:00,2015-10-21 15:25:00,,225.2,,,152.9999999999913,0.15300915641132135,0
2015-11-05 09:30:00,2015-11-05 09:30:00,,222.7,,,0.0,0.0,0
2015-11-05 14:20:00,2015-11-05 14:20:00,,221.2,,,-241.80000000000916,-0.2418398752631105,0
2015-11-06 12:40:00,2015-11-06 12:40:00,,224.6,,,-71.59999999997558,-0.07163037833960845,0
2015-11-06 14:35:00,2015-11-06 14:35:00,,224.9,,,148.29999999999157,0.14836779842589504,0
2015-11-10 13:20:00,2015-11-10 13:20:00,,220.2,,,-163.6000000000372,-0.16369125675622773,0
2015-11-10 14:50:00,2015-11-10 14:50:00,,218.2,,,-352.50000000001336,-0.3527156637802696,0
2015-11-10 15:00:00,2015-11-10 15:00:00,,216.76432732536557,,,-999.9244496622771,-1.0,0
2015-11-10 15:10:00,2015-11-10 15:10:00,,218.15,,,883.1499999999941,0.8833337622132124,0
2015-11-13 09:25:00,2015-11-13 09:25:00,,216.4,,,0.0,0.0,0
2015-11-13 09:35:00,2015-11-13 09:35:00,,217.0,,,880.0000000000125,0.8803060880834943,0
2015-11-18 15:00:00,2015-11-18 15:00:00,,215.4,,,-351.75,-0.35186763633797213,0
2015-11-18 15:15:00,2015-11-18 15:15:00,,215.3,,,492.450000000032,0.4924986038556292,0
2015-11-26 13:50:00,2015-11-26 13:50:00,,233.1137548305049,,,-999.6316704998371,-1.0,0
2015-11-26 14:00:00,2015-11-26 14:00:00,,232.95,,,118.3000000000269,0.11832238225020165,0
2015-11-26 14:20:00,2015-11-26 14:20:00,,232.6,,,630.0,0.6300568019929415,0
2015-11-26 15:15:00,2015-11-26 15:15:00,,233.9,,,-384.00000000003274,-0.3841320405386882,0
2015-11-30 14:20:00,2015-11-30 14:20:00,,227.75,,,103.05000000002343,0.10309244010180177,0
2015-11-30 14:35:00,2015-11-30 14:35:00,,227.4,,,0.0,0.0,0
2015-11-30 14:45:00,2015-11-30 14:45:00,,227.8,,,944.5500000000358,0.9448493365184867,0
2015-11-30 15:05:00,2015-11-30 15:05:00,,227.6,,,566.0999999999678,0.5662952914773567,0
2015-12-02 15:15:00,2015-12-02 15:15:00,,231.05,,,291.4499999999558,0.29153728019513736,0
2015-12-03 09:15:00,2015-12-03 09:15:00,,230.01954288178214,,,1999.152064046209,2.000000000000058,0
2015-12-03 14:55:00,2015-12-03 14:55:00,,231.3,,,1090.5,1.0905181312088994,0
2015-12-04 09:20:00,2015-12-04 09:20:00,,229.1,,,136.79999999999222,0.1368867517680961,0
2015-12-04 09:30:00,2015-12-04 09:30:00,,229.05,,,72.1000000000164,0.07214650292443257,0
2015-12-07 13:35:00,2015-12-07 13:35:00,,224.7,,,423.29999999997597,0.42344713281943247,0
2015-12-08 15:20:00,2015-12-08 15:20:00,,221.7,,,156.99999999999108,0.15707190037395657,0
2015-12-09 14:55:00,2015-12-09 14:55:00,,216.95,,,200.84999999996955,0.2008509905735822,0
2015-12-09 15:05:00,2015-12-09 15:05:00,,216.1,,,-61.70000000001403,-0.061727240392854335,0
2015-12-09 15:15:00,2015-12-09 15:15:00,,215.9,,,364.2000000000138,0.36427263402261545,0
2015-12-15 15:25:00,2015-12-15 15:25:00,,230.4,,,738.0000000000105,0.7380000405775925,0
2015-12-18 15:15:00,2015-12-18 15:15:00,,234.05,,,-72.9999999999751,-0.0730199995576439,0
2015-12-18 15:25:00,2015-12-18 15:25:00,,233.85,,,-292.40000000002493,-0.292489902178052,0
2015-12-21 09:20:00,2015-12-21 09:20:00,,233.8,,,0.0,0.0,0
2015-12-21 09:30:00,2015-12-21 09:30:00,,233.3,,,-192.74999999997078,-0.19278454333864067,0
2015-12-21 09:40:00,2015-12-21 09:40:00,,233.45,,,-130.10000000002958,-0.13019454282019158,0
2015-12-21 09:50:00,2015-12-21 09:50:00,,233.15,,,-205.35000000000778,-0.20547837802545468,0
2015-12-24 09:35:00,2015-12-24 09:35:00,,236.0,,,0.0,0.0,0
2015-12-24 09:45:00,2015-12-24 09:45:00,,235.45,,,-783.9000000000296,-0.7843218412056318,0
2015-12-24 09:55:00,2015-12-24 09:55:00,,235.3,,,-343.79999999998046,-0.3438966129577017,0
2015-12-24 10:05:00,2015-12-24 10:05:00,,235.7,,,345.39999999998037,0.3455712788239051,0
2015-12-30 15:10:00,2015-12-30 15:10:00,,236.85874674920646,,,-999.8798662981865,-1.0,0
2015-12-30 15:20:00,2015-12-30 15:20:00,,237.2,,,404.399999999977,0.40444977547976646,0
2015-12-31 09:15:00,2015-12-31 09:15:00,,237.1,,,359.39999999997957,0.35940114118131633,0
2015-12-31 09:40:00,2015-12-31 09:40:00,,237.0,,,160.1999999999909,0.16020937861454207,0
2015-12-31 13:30:00,2015-12-31 13:30:00,,236.18413473795448,,,-999.7400899574164,-1.0,0
2016-01-04 13:40:00,2016-01-04 13:40:00,,233.7,,,755.9999999999928,0.7563119905613284,0
2016-01-11 14:20:00,2016-01-11 14:20:00,,249.75,,,0.0,0.0,0
2016-01-18 15:00:00,2016-01-18 15:00:00,,241.31393270402654,,,-998.6372228941718,-1.0,0
2016-01-18 15:10:00,2016-01-18 15:10:00,,238.4754062601045,,,-999.125150035725,-1.0,0
2016-01-18 15:20:00,2016-01-18 15:20:00,,240.1,,,580.0,0.5806438084206367,0
2016-01-20 13:55:00,2016-01-20 13:55:00,,235.91881994366668,,,1999.6322445033165,2.0,0
2016-01-20 14:05:00,2016-01-20 14:05:00,,234.3,,,-160.59999999999087,-0.16068257201662853,0
2016-01-20 14:50:00,2016-01-20 14:50:00,,234.65,,,540.5999999999949,0.5408978751115233,0
2016-01-27 15:25:00,2016-01-27 15:25:00,,235.35,,,-283.6000000000242,-0.2836550972066879,0
2016-01-28 14:15:00,2016-01-28 14:15:00,,239.5,,,-147.6999999999916,-0.14775158035027425,0
2016-02-03 09:15:00,2016-02-03 09:15:00,,233.73241936126186,,,-998.8535433256532,-1.0,0
2016-02-03 09:25:00,2016-02-03 09:25:00,,234.4,,,967.400000000004,0.9685977778403796,0
2016-02-03 11:05:00,2016-02-03 11:05:00,,231.0,,,245.25,0.245421212272312,0
2016-02-03 11:20:00,2016-02-03 11:20:00,,230.3,,,-353.8499999999942,-0.354170394045748,0
2016-02-04 14:55:00,2016-02-04 14:55:00,,228.9,,,-265.7999999999849,-0.2660963755011981,0
2016-02-04 15:05:00,2016-02-04 15:05:00,,229.3,,,83.30000000001894,0.08337499559392397,0
2016-02-08 15:15:00,2016-02-08 15:15:00,,226.8,,,368.4000000000052,0.36878306796718624,0
2016-02-09 09:20:00,2016-02-09 09:20:00,,226.0,,,168.9999999999904,0.1691054565711038,0
2016-02-11 14:55:00,2016-02-11 14:55:00,,216.75,,,-993.5999999999965,-0.9941732028894673,0
2016-02-11 15:05:00,2016-02-11 15:05:00,,218.95,,,1332.0,1.3328908488404516,0
2016-02-12 10:20:00,2016-02-12 10:20:00,,211.20433875385118,,,1996.1018995208249,2.000000000000013,0
2016-02-16 14:45:00,2016-02-16 14:45:00,,220.2,,,674.099999999983,0.6744910630668091,0
2016-02-17 09:35:00,2016-02-17 09:35:00,,217.4,,,127.00000000001083,0.12705772955838404,0
2016-02-18 14:25:00,2016-02-18 14:25:00,,221.7,,,424.0,0.42427127336847315,0
2016-02-23 15:25:00,2016-02-23 15:25:00,,222.8,,,-475.199999999988,-0.475377408872155,0
2016-02-26 14:40:00,2016-02-26 14:40:00,,225.6,,,720.0000000000273,0.7204376393323275,0
2016-03-02 09:25:00,2016-03-02 09:25:00,,233.5,,,769.6000000000109,0.7701398992018738,0
2016-03-15 14:05:00,2016-03-15 14:05:00,,240.35,,,371.0,0.37106988942733393,0
2016-03-30 11:30:00,2016-03-30 11:30:00,,247.6,,,404.75,0.40497344720371486,0
2016-03-31 14:40:00,2016-03-31 14:40:00,,244.9,,,113.39999999999355,0.11340441287261988,0
2016-03-31 15:00:00,2016-03-31 15:00:00,,246.41255789053352,,,1999.8464904536688,1.9999999999999711,0
2016-04-06 14:35:00,2016-04-06 14:35:00,,244.366546201505,,,-999.8193022575208,-1.0,0
2016-04-06 15:00:00,2016-04-06 15:00:00,,244.45,,,-384.89999999997815,-0.3849900763745422,0
2016-04-07 13:55:00,2016-04-07 13:55:00,,247.32018122076352,,,-999.6115344197677,-1.0,0
2016-04-07 14:05:00,2016-04-07 14:05:00,,246.6,,,650.0,0.6501449086699795,0
2016-04-11 12:45:00,2016-04-11 12:45:00,,244.7,,,590.0999999999904,0.5903558993834858,0
2016-04-22 13:45:00,2016-04-22 13:45:00,,244.3,,,-592.3999999999663,-0.5926254249890349,0
2016-04-22 13:55:00,2016-04-22 13:55:00,,244.5,,,141.89999999999193,0.14195833545393557,0
2016-04-22 14:05:00,2016-04-22 14:05:00,,244.45,,,443.99999999997476,0.4441120654966324,0
2016-04-28 09:40:00,2016-04-28 09:40:00,,239.55,,,432.6000000000164,0.432891422189459,0
2016-04-28 14:05:00,2016-04-28 14:05:00,,236.82044210185882,,,1999.3412273574827,1.9999999999999474,0
2016-04-29 09:30:00,2016-04-29 09:30:00,,233.95,,,290.0,0.29008031639486803,0
2016-04-29 14:05:00,2016-04-29 14:05:00,,231.8,,,574.8000000000081,0.574955090579829,0
2016-05-03 13:40:00,2016-05-03 13:40:00,,230.0,,,-848.3999999999919,-0.8485911581886174,0
2016-05-03 13:50:00,2016-05-03 13:50:00,,230.6,,,682.0,0.682250895705474,0
2016-05-05 09:15:00,2016-05-05 09:15:00,,231.58018873877347,,,1999.2397234822524,2.000000000000048,0
2016-05-05 13:30:00,2016-05-05 13:30:00,,230.5435323590434,,,1999.4079999271753,2.0,0
2016-05-09 11:25:00,2016-05-09 11:25:00,,232.4,,,190.49999999998917,0.1905413536002729,0
2016-05-09 11:35:00,2016-05-09 11:35:00,,232.45,,,89.3000000000203,0.08933890007869671,0
2016-05-13 13:00:00,2016-05-13 13:00:00,,230.55,,,160.1000000000364,0.16019392304741956,0
2016-05-16 09:15:00,2016-05-16 09:15:00,,230.9,,,1358.999999999987,1.3594577198598725,0
2016-05-17 15:15:00,2016-05-17 15:15:00,,228.75,,,-482.5,-0.4825934132449764,0
2016-05-17 15:25:00,2016-05-17 15:25:00,,228.4,,,-181.79999999998967,-0.18182186319470983,0
2016-05-18 09:20:00,2016-05-18 09:20:00,,229.2,,,958.7999999999909,0.9588406401368775,0
2016-05-19 13:05:00,2016-05-19 13:05:00,,228.05,,,109.20000000002483,0.10923183319129419,0
2016-05-19 15:25:00,2016-05-19 15:25:00,,223.50299680619884,,,-999.5025799108514,-1.0,0
2016-05-20 09:30:00,2016-05-20 09:30:00,,224.0,,,314.1000000000119,0.31431065666709085,0
2016-05-20 15:00:00,2016-05-20 15:00:00,,220.6,,,-152.79999999999131,-0.1528214104675329,0
2016-05-20 15:10:00,2016-05-20 15:10:00,,220.65,,,501.19999999999186,0.5013278656875895,0
2016-05-20 15:20:00,2016-05-20 15:20:00,,220.6,,,-284.0000000000242,-0.2840339739977305,0
2016-05-23 09:15:00,2016-05-23 09:15:00,,221.25,,,1396.4999999999832,1.3965888690532497,0
2016-05-23 12:30:00,2016-05-23 12:30:00,,218.8,,,0.0,0.0,0
2016-05-23 12:40:00,2016-05-23 12:40:00,,218.7,,,-140.50000000003195,-0.1405760860325789,0
2016-05-23 12:50:00,2016-05-23 12:50:00,,218.9,,,147.9999999999916,0.14807025840353374,0
2016-05-24 11:00:00,2016-05-24 11:00:00,,222.2,,,417.75,0.4179185393707627,0
2016-05-27 15:00:00,2016-05-27 15:00:00,,230.2,,,240.4500000000091,0.24052959839931912,0
2016-06-03 09:20:00,2016-06-03 09:20:00,,226.75,,,-229.8000000000087,-0.2299166454442742,0
2016-06-03 10:05:00,2016-06-03 10:05:00,,226.35,,,1290.9000000000112,1.2911832765451003,0
2016-06-20 14:55:00,2016-06-20 14:55:00,,234.1,,,-164.69999999999064,-0.16479341021543015,0
2016-06-20 15:05:00,2016-06-20 15:05:00,,234.2,,,0.0,0.0,0
2016-06-21 13:10:00,2016-06-21 13:10:00,,232.9,,,268.39999999998474,0.2684070884990679,0
2016-06-21 13:55:00,2016-06-21 13:55:00,,233.2,,,-158.79999999994584,-0.158822296761534,0
2016-06-21 14:05:00,2016-06-21 14:05:00,,232.95,,,1033.9000000000672,1.0342365990631313,0
2016-06-21 15:05:00,2016-06-21 15:05:00,,232.84722855704814,,,1999.360952480124,1.9999999999999245,0
2016-06-29 13:40:00,2016-06-29 13:40:00,,228.0,,,808.5,0.8085465106800488,0
2016-06-30 13:40:00,2016-06-30 13:40:00,,229.9,,,-423.2000000000361,-0.42320318515244854,0
2016-06-30 13:50:00,2016-06-30 13:50:00,,230.0,,,-220.0999999999875,-0.22018247931786883,0
2016-06-30 14:00:00,2016-06-30 14:00:00,,230.3,,,-879.6000000000125,-0.8796188069590386,0
2016-07-07 12:15:00,2016-07-07 12:15:00,,233.7,,,838.5,0.8386712892221379,0
2016-07-08 09:35:00,2016-07-08 09:35:00,,232.0,,,0.0,0.0,0
2016-07-08 14:40:00,2016-07-08 14:40:00,,231.0,,,-701.4000000000266,-0.701573738143465,0
2016-07-08 15:15:00,2016-07-08 15:15:00,,230.95,,,-110.4000000000251,-0.11041619579671634,0
2016-07-08 15:25:00,2016-07-08 15:25:00,,230.8,,,0.0,0.0,0
2016-07-13 10:25:00,2016-07-13 10:25:00,,239.0,,,-152.8999999999913,-0.1529566341299947,0
2016-07-21 11:55:00,2016-07-21 11:55:00,,238.4,,,0.0,0.0,0
2016-07-22 09:20:00,2016-07-22 09:20:00,,237.7,,,521.6999999999704,0.5219454557283388,0
2016-07-29 13:30:00,2016-07-29 13:30:00,,239.15,,,79.6000000000181,0.07964477387673616,0
2016-08-03 11:30:00,2016-08-03 11:30:00,,235.25,,,266.39999999998486,0.26654326442144954,0
2016-08-03 11:45:00,2016-08-03 11:45:00,,235.1,,,260.5999999999852,0.26060576383600176,0
2016-08-04 09:25:00,2016-08-04 09:25:00,,233.05,,,-494.0999999999875,-0.4941052035776222,0
2016-08-04 09:35:00,2016-08-04 09:35:00,,232.5,,,0.0,0.0,0
2016-08-04 09:45:00,2016-08-04 09:45:00,,233.45,,,1006.999999999988,1.0074779667901463,0
2016-08-09 09:30:00,2016-08-09 09:30:00,,241.3,,,-386.0999999999781,-0.38626460823800063,0
2016-08-09 09:40:00,2016-08-09 09:40:00,,241.2,,,0.0,0.0,0
2016-08-10 14:50:00,2016-08-10 14:50:00,,236.95,,,82.6999999999718,0.08273651208082625,0
2016-08-10 15:00:00,2016-08-10 15:00:00,,237.05,,,-82.79999999997176,-0.08281821905084649,0
2016-08-10 15:15:00,2016-08-10 15:15:00,,236.9,,,338.0000000000288,0.338181137631938,0
2016-08-11 09:15:00,2016-08-11 09:15:00,,236.15,,,-791.09999999998,-0.7914224420726832,0
2016-08-11 09:25:00,2016-08-11 09:25:00,,237.83691634662355,,,1999.9333718311805,2.000000000000041,0
2016-08-17 13:40:00,2016-08-17 13:40:00,,238.65,,,236.55000000000896,0.23658787383218266,0
2016-08-17 14:15:00,2016-08-17 14:15:00,,238.25,,,74.90000000001703,0.07490121900169551,0
2016-08-17 14:30:00,2016-08-17 14:30:00,,238.05,,,-76.64999999997386,-0.07665775350790681,0
2016-08-19 09:25:00,2016-08-19 09:25:00,,238.10463619721548,,,-999.6158248751831,-1.0,0
2016-08-22 14:20:00,2016-08-22 14:20:00,,239.4,,,657.5999999999626,0.6577306356781748,0
2016-08-23 14:10:00,2016-08-23 14:10:00,,237.85,,,270.30000000001024,0.2703016962577225,0
2016-08-23 14:45:00,2016-08-23 14:45:00,,237.9,,,551.4000000000209,0.5515279265817623,0
2016-08-24 14:40:00,2016-08-24 14:40:00,,240.7,,,397.20000000001505,0.3972063990520484,0
2016-08-25 12:20:00,2016-08-25 12:20:00,,242.7,,,265.40000000006034,0.2654860971330559,0
2016-08-25 13:35:00,2016-08-25 13:35:00,,240.32287900455233,,,-999.9485283642116,-1.0,0
2016-08-25 13:45:00,2016-08-25 13:45:00,,240.75,,,79.65000000001811,0.07968551980769611,0
2016-08-25 13:55:00,2016-08-25 13:55:00,,240.7,,,84.29999999997125,0.08430698526438249,0
2016-08-25 14:05:00,2016-08-25 14:05:00,,240.2,,,-163.40000000003715,-0.16349827208513895,0
2016-08-25 14:15:00,2016-08-25 14:15:00,,239.89954078181566,,,-999.7645982769272,-1.0,0
2016-08-25 14:25:00,2016-08-25 14:25:00,,240.0,,,222.90000000000845,0.22297624957319767,0
2016-08-25 14:35:00,2016-08-25 14:35:00,,240.45,,,1150.3999999999755,1.150705436853313,0
2016-08-25 15:10:00,2016-08-25 15:10:00,,238.85,,,409.49999999999335,0.40958666645569575,0
2016-08-29 11:50:00,2016-08-29 11:50:00,,245.9,,,-353.60000000003015,-0.35362147589640025,0
2016-08-29 12:00:00,2016-08-29 12:00:00,,246.0,,,341.1999999999806,0.3412926788239359,0
2016-08-30 13:20:00,2016-08-30 13:20:00,,251.6,,,1064.99999999999,1.065111336606964,0
2016-08-30 13:30:00,2016-08-30 13:30:00,,251.65,,,83.5499999999715,0.08358115207076584,0
2016-08-30 13:45:00,2016-08-30 13:45:00,,251.5,,,862.0,0.8624095210422384,0
2016-09-01 14:45:00,2016-09-01 14:45:00,,244.76315134854397,,,1999.993931641548,1.9999999999999807,0
2016-09-02 10:40:00,2016-09-02 10:40:00,,238.31989105280937,,,1998.3343019840113,2.0000000000000195,0
2016-09-02 13:35:00,2016-09-02 13:35:00,,237.6,,,641.6999999999838,0.6419399378140742,0
2016-09-20 13:50:00,2016-09-20 13:50:00,,253.2,,,0.0,0.0,0
2016-09-20 14:00:00,2016-09-20 14:00:00,,252.51845059851811,,,-999.6965574763939,-1.0,0
2016-09-20 14:10:00,2016-09-20 14:10:00,,253.3,,,911.5,0.9117818594316055,0
2016-09-21 15:10:00,2016-09-21 15:10:00,,253.15,,,216.69999999998768,0.2167124995980463,0
2016-09-22 09:15:00,2016-09-22 09:15:00,,253.54358663651573,,,1999.460082776837,2.0000000000000604,0
2016-09-23 12:30:00,2016-09-23 12:30:00,,259.7,,,406.1999999999769,0.40638122396439863,0
2016-09-26 15:10:00,2016-09-26 15:10:00,,261.5,,,-237.3999999999865,-0.2375394552194023,0
2016-09-26 15:20:00,2016-09-26 15:20:00,,260.8,,,-476.3999999999729,-0.47661848656394185,0
2016-09-27 09:15:00,2016-09-27 09:15:00,,262.9225256922779,,,1999.408980889466,2.0,0
2016-09-27 13:30:00,2016-09-27 13:30:00,,262.4,,,196.09999999993312,0.1961587497790116,0
2016-09-27 14:30:00,2016-09-27 14:30:00,,261.4799777399482,,,-999.4827838195657,-1.0,0
2016-09-27 14:40:00,2016-09-27 14:40:00,,261.8,,,-168.99999999994236,-0.16906205466408913,0
2016-09-27 14:50:00,2016-09-27 14:50:00,,261.65,,,-325.60000000007403,-0.3256806826714702,0
2016-09-28 09:25:00,2016-09-28 09:25:00,,260.55,,,566.8000000000297,0.5670661332398339,0
2016-09-29 13:00:00,2016-09-29 13:00:00,,255.2,,,889.5999999999968,0.8905407178716248,0
2016-10-03 15:10:00,2016-10-03 15:10:00,,257.3,,,-282.19999999998396,-0.2823837285260786,0
2016-10-03 15:20:00,2016-10-03 15:20:00,,257.3,,,0.0,0.0,0
2016-10-04 09:15:00,2016-10-04 09:15:00,,258.9006847483935,,,1998.912084860137,2.0,0
2016-10-04 14:30:00,2016-10-04 14:30:00,,259.9471679062536,,,1999.4213171346178,2.0,0
2016-10-04 14:55:00,2016-10-04 14:55:00,,259.2,,,211.49999999992787,0.21150353541278585,0
2016-10-04 15:10:00,2016-10-04 15:10:00,,258.85,,,100.05000000002275,0.10007817171041687,0
2016-10-04 15:20:00,2016-10-04 15:20:00,,258.6,,,-393.5999999999776,-0.39363754596544254,0
2016-10-05 09:15:00,2016-10-05 09:15:00,,259.49021217246104,,,1999.2383761988447,2.0,0
2016-10-05 15:10:00,2016-10-05 15:10:00,,257.1,,,200.1000000000455,0.20017430543647188,0
2016-10-05 15:20:00,2016-10-05 15:20:00,,257.3,,,764.5499999999806,0.7647857267988151,0
2016-10-07 15:20:00,2016-10-07 15:20:00,,261.7,,,-320.3999999999818,-0.3204751000901099,0
2016-10-10 09:15:00,2016-10-10 09:15:00,,262.56294298302913,,,1999.2387421350973,2.0,0
2016-10-13 13:40:00,2016-10-13 13:40:00,,251.1,,,340.4999999999807,0.34062231827018674,0
2016-10-13 13:50:00,2016-10-13 13:50:00,,250.4,,,-375.8999999999939,-0.37600329734547655,0
2016-10-13 14:00:00,2016-10-13 14:00:00,,250.5,,,-110.39999999999372,-0.11043034295998377,0
2016-10-13 14:10:00,2016-10-13 14:10:00,,251.1,,,572.0,0.5724712086923935,0
2016-10-13 14:40:00,2016-10-13 14:40:00,,249.1,,,-202.60000000001727,-0.20278342588314602,0
2016-10-13 14:50:00,2016-10-13 14:50:00,,248.5,,,-518.0,-0.5184354348538147,0
2016-10-13 15:00:00,2016-10-13 15:00:00,,248.6,,,-208.20000000001775,-0.20829967712721129,0
2016-10-13 15:10:00,2016-10-13 15:10:00,,250.1,,,1165.999999999994,1.1668800006647149,0
2016-10-21 12:25:00,2016-10-21 12:25:00,,250.45,,,-190.50000000000722,-0.19050452515984348,0
2016-10-24 15:15:00,2016-10-24 15:15:00,,250.64296547823986,,,-999.87207691101,-1.0,0
2016-10-24 15:25:00,2016-10-24 15:25:00,,251.0,,,701.2000000000099,0.7013222794285755,0
2016-10-25 09:30:00,2016-10-25 09:30:00,,249.7,,,0.0,0.0,0
2016-10-25 09:45:00,2016-10-25 09:45:00,,249.5,,,353.7000000000134,0.3537147519157401,0
2016-10-28 13:45:00,2016-10-28 13:45:00,,249.4,,,-516.6000000000196,-0.5166003597204081,0
2016-10-28 13:55:00,2016-10-28 13:55:00,,249.1,,,452.75,0.4529001106061449,0
2016-11-02 12:00:00,2016-11-02 12:00:00,,243.10693362855167,,,1999.0806102591227,2.0,0
2016-11-02 15:05:00,2016-11-02 15:05:00,,241.85,,,176.09999999999,0.1761667103464933,0
2016-11-03 15:20:00,2016-11-03 15:20:00,,241.35,,,-361.25,-0.3612633814865823,0
2016-11-04 09:15:00,2016-11-04 09:15:00,,242.2,,,1428.0,1.4285642941525165,0
2016-11-04 14:05:00,2016-11-04 14:05:00,,237.1,,,242.7999999999862,0.2429415104155375,0
2016-11-04 14:20:00,2016-11-04 14:20:00,,236.5,,,-121.79999999999308,-0.12183151511624113,0
2016-11-04 14:30:00,2016-11-04 14:30:00,,236.3,,,-372.5999999999788,-0.3727034988263712,0
2016-11-04 14:40:00,2016-11-04 14:40:00,,236.9,,,752.9999999999928,0.7532036762880995,0
2016-11-04 14:50:00,2016-11-04 14:50:00,,236.5,,,398.6499999999935,0.39872144015886246,0
2016-11-09 09:20:00,2016-11-09 09:20:00,,227.2,,,-215.0,-0.21518253704773055,0
2016-11-09 09:30:00,2016-11-09 09:30:00,,229.65,,,1102.4000000000024,1.1034867030769488,0
2016-11-10 15:10:00,2016-11-10 15:10:00,,238.8,,,367.80000000001394,0.3678582132181427,0
2016-11-10 15:20:00,2016-11-10 15:20:00,,238.05,,,-471.99999999997317,-0.47221848973579966,0
2016-11-11 09:15:00,2016-11-11 09:15:00,,237.171662894495,,,-999.8028863445347,-1.0,0
2016-11-11 09:25:00,2016-11-11 09:25:00,,236.4,,,189.20000000001613,0.18926777292157793,0
2016-11-11 09:35:00,2016-11-11 09:35:00,,235.6,,,-886.5000000000056,-0.8871768336571614,0
2016-11-11 09:45:00,2016-11-11 09:45:00,,235.45,,,139.7999999999788,0.13980513207682235,0
2016-11-15 09:40:00,2016-11-15 09:40:00,,232.7,,,-70.30000000001598,-0.07039329955705889,0
2016-11-15 09:55:00,2016-11-15 09:55:00,,232.0,,,-107.85000000000409,-0.10798301179312567,0
2016-11-15 10:10:00,2016-11-15 10:10:00,,232.05,,,245.35000000001594,0.2456112749340629,0
2016-11-17 09:15:00,2016-11-17 09:15:00,,233.27687963889758,,,1999.593514513615,2.0,0
2016-11-17 14:10:00,2016-11-17 14:10:00,,233.25,,,206.19999999998828,0.20625678971556521,0
2016-11-17 14:20:00,2016-11-17 14:20:00,,232.45,,,-85.15000000001936,-0.08515319571919927,0
2016-11-17 14:35:00,2016-11-17 14:35:00,,232.5,,,161.09999999999084,0.16110113134959544,0
2016-11-17 15:05:00,2016-11-17 15:05:00,,230.9457661694577,,,-999.6692930686281,-1.0,0
2016-11-22 10:35:00,2016-11-22 10:35:00,,237.2,,,-449.39999999997445,-0.449568551051999,0
2016-11-22 11:00:00,2016-11-22 11:00:00,,237.2,,,-76.249999999974,-0.07625393659059378,0
2016-11-24 13:00:00,2016-11-24 13:00:00,,233.35,,,260.40000000000987,0.26047770013428667,0
2016-11-24 13:15:00,2016-11-24 13:15:00,,233.45,,,714.599999999982,0.7147072148004522,0
2016-11-25 15:15:00,2016-11-25 15:15:00,,234.7,,,-330.4499999999499,-0.330558054630213,0
2016-11-25 15:25:00,2016-11-25 15:25:00,,234.4,,,1103.0,1.1031253857313779,0
2016-11-28 09:40:00,2016-11-28 09:40:00,,235.85,,,-80.19999999997265,-0.08022735396438271,0
2016-11-28 09:50:00,2016-11-28 09:50:00,,235.9,,,-156.19999999999112,-0.156267848736575,0
2016-11-28 10:00:00,2016-11-28 10:00:00,,235.7,,,168.60000000003834,0.16860556458298,0
2016-11-28 13:20:00,2016-11-28 13:20:00,,233.37147079586146,,,-999.9772542301372,-1.0,0
2016-11-28 13:30:00,2016-11-28 13:30:00,,233.4,,,772.5,0.7727400310056367,0
2016-11-28 13:40:00,2016-11-28 13:40:00,,232.7,,,-136.300000000031,-0.13639418994843952,0
2016-11-28 13:50:00,2016-11-28 13:50:00,,233.05,,,337.25,0.33745261720672126,0
2016-11-30 10:50:00,2016-11-30 10:50:00,,233.4,,,-105.79999999996392,-0.10582113232801764,0
2016-11-30 11:00:00,2016-11-30 11:00:00,,233.45,,,114.14999999996107,0.11415029755694875,0
2016-11-30 11:10:00,2016-11-30 11:10:00,,233.5,,,664.2000000000252,0.6644051865472821,0
2016-12-02 15:05:00,2016-12-02 15:05:00,,234.45,,,414.7999999999764,0.4148559367568186,0
2016-12-02 15:15:00,2016-12-02 15:15:00,,234.9,,,726.2499999999882,0.7263173989530284,0
2016-12-05 12:25:00,2016-12-05 12:25:00,,233.2,,,-198.20000000004507,-0.1982313805989776,0
2016-12-05 12:40:00,2016-12-05 12:40:00,,233.3,,,404.8000000000345,0.40486880960042504,0
2016-12-05 14:20:00,2016-12-05 14:20:00,,235.2,,,-165.2999999999906,-0.16533871152933483,0
2016-12-06 09:20:00,2016-12-06 09:20:00,,236.9032107065886,,,-999.9656247689986,-1.0,0
2016-12-06 09:30:00,2016-12-06 09:30:00,,236.05,,,329.0,0.3290410059158971,0
2016-12-06 09:40:00,2016-12-06 09:40:00,,236.05,,,200.69999999996958,0.20071211986572926,0
2016-12-06 09:50:00,2016-12-06 09:50:00,,235.65,,,492.099999999992,0.4922845687209193,0
2016-12-06 15:05:00,2016-12-06 15:05:00,,237.2,,,-483.9999999999725,-0.48404825499747917,0
2016-12-06 15:15:00,2016-12-06 15:15:00,,237.5,,,-490.19999999997214,-0.4902895840960622,0
2016-12-07 11:30:00,2016-12-07 11:30:00,,237.1,,,598.200000000051,0.5983274669729183,0
2016-12-07 14:20:00,2016-12-07 14:20:00,,237.55,,,799.5,0.7995550933934282,0
2016-12-07 15:00:00,2016-12-07 15:00:00,,235.7,,,0.0,0.0,0
2016-12-07 15:10:00,2016-12-07 15:10:00,,235.7,,,0.0,0.0,0
2016-12-12 15:20:00,2016-12-12 15:20:00,,242.23170747262589,,,-999.8045459437108,-1.0,0
2016-12-13 09:15:00,2016-12-13 09:15:00,,243.0501677257778,,,1999.5193498809526,2.000000000000054,0
2016-12-13 13:20:00,2016-12-13 13:20:00,,245.6,,,300.6999999999829,0.30071203690659726,0
2016-12-14 14:15:00,2016-12-14 14:15:00,,250.85,,,107.10000000002435,0.1071159423455668,0
2016-12-15 14:55:00,2016-12-15 14:55:00,,250.4,,,1064.2499999999732,1.064419529214782,0
2016-12-15 15:20:00,2016-12-15 15:20:00,,247.7,,,-630.4500000000239,-0.6308144272182455,0
2016-12-20 09:25:00,2016-12-20 09:25:00,,250.0,,,-109.70000000002494,-0.10973212121938739,0
2016-12-20 09:35:00,2016-12-20 09:35:00,,250.0,,,-217.09999999998766,-0.21710063878171723,0
2016-12-20 09:45:00,2016-12-20 09:45:00,,250.0,,,222.89999999998733,0.22299567251421826,0
2016-12-20 09:55:00,2016-12-20 09:55:00,,249.8,,,-473.5999999999731,-0.47365176685789107,0
2016-12-20 10:05:00,2016-12-20 10:05:00,,250.0,,,232.3999999999868,0.23240525286847286,0
2016-12-22 14:50:00,2016-12-22 14:50:00,,248.62076568383944,,,-999.6827835109224,-1.0,0
2016-12-22 15:05:00,2016-12-22 15:05:00,,248.7,,,-83.75000000001904,-0.08377076936218328,0
2016-12-22 15:25:00,2016-12-22 15:25:00,,248.22164747165996,,,-999.9715214999428,-1.0,0
2016-12-23 15:25:00,2016-12-23 15:25:00,,250.2,,,1275.3999999999792,1.275430171912578,0
2016-12-28 14:20:00,2016-12-28 14:20:00,,248.5,,,157.99999999999102,0.1580817312790292,0
2016-12-28 14:30:00,2016-12-28 14:30:00,,248.0,,,-705.1499999999821,-0.7052799501465804,0
2016-12-28 14:40:00,2016-12-28 14:40:00,,248.1,,,584.0000000000083,0.5840741943310773,0
2016-12-28 14:50:00,2016-12-28 14:50:00,,247.6,,,-639.0000000000242,-0.6394143689495567,0
2016-12-29 13:40:00,2016-12-29 13:40:00,,249.75,,,657.6499999999893,0.6577370218638867,0
2016-12-29 14:05:00,2016-12-29 14:05:00,,250.0,,,173.49999999999014,0.17359134949191285,0
2017-01-03 09:25:00,2017-01-03 09:25:00,,256.2,,,1358.0999999999658,1.358847046780866,0
2017-01-03 14:50:00,2017-01-03 14:50:00,,258.5,,,500.40000000001896,0.5005437111174954,0
2017-01-04 15:10:00,2017-01-04 15:10:00,,251.9,,,-165.1999999999906,-0.16529196374953678,0
2017-01-04 15:20:00,2017-01-04 15:20:00,,251.7,,,-150.9000000000343,-0.15095115572695714,0
2017-01-05 09:15:00,2017-01-05 09:15:00,,253.28042596606363,,,1998.8567988601308,2.0,0
2017-01-09 09:25:00,2017-01-09 09:25:00,,254.05,,,1131.3500000000304,1.1320123596459324,0
2017-01-09 15:20:00,2017-01-09 15:20:00,,254.2,,,0.0,0.0,0
2017-01-10 13:20:00,2017-01-10 13:20:00,,257.95,,,-522.5999999999208,-0.5226921763433551,0
2017-01-10 13:30:00,2017-01-10 13:30:00,,258.0,,,322.3000000000733,0.32237420875846273,0
2017-01-10 13:40:00,2017-01-10 13:40:00,,258.2,,,-329.09999999988776,-0.3291432026645408,0
2017-01-10 13:50:00,2017-01-10 13:50:00,,258.2,,,323.90000000007365,0.32399140371076623,0
2017-01-11 14:35:00,2017-01-11 14:35:00,,256.2,,,379.0999999998707,0.37916388004403023,0
2017-01-11 14:55:00,2017-01-11 14:55:00,,256.15,,,176.19999999983975,0.17620843428979735,0
2017-01-13 09:15:00,2017-01-13 09:15:00,,256.32750026150563,,,1999.0579636495088,2.0,0
2017-01-13 13:55:00,2017-01-13 13:55:00,,257.4,,,0.0,0.0,0
2017-01-13 14:05:00,2017-01-13 14:05:00,,257.3,,,263.60000000005994,0.2636933471341835,0
2017-01-13 14:15:00,2017-01-13 14:15:00,,257.3,,,287.6000000000654,0.2876447945700118,0
2017-01-16 09:55:00,2017-01-16 09:55:00,,255.8,,,551.2000000000078,0.5514163418505402,0
2017-01-16 11:30:00,2017-01-16 11:30:00,,255.35,,,284.10000000001077,0.28410147495500715,0
2017-01-16 13:50:00,2017-01-16 13:50:00,,254.1,,,764.5,0.7646929868520659,0
2017-01-17 14:15:00,2017-01-17 14:15:00,,245.9,,,0.0,0.0,0
2017-01-17 14:25:00,2017-01-17 14:25:00,,245.8,,,0.0,0.0,0
2017-01-17 14:35:00,2017-01-17 14:35:00,,245.95,,,542.5,0.5425354240272225,0
2017-01-17 14:45:00,2017-01-17 14:45:00,,245.95,,,526.5,0.5267395615594931,0
2017-01-17 14:55:00,2017-01-17 14:55:00,,245.6,,,186.99999999998937,0.1870043123527603,0
2017-01-19 14:15:00,2017-01-19 14:15:00,,244.7,,,634.7999999999639,0.6348539444589207,0
2017-01-19 14:30:00,2017-01-19 14:30:00,,244.65,,,533.25,0.5332539208812163,0
2017-01-19 15:15:00,2017-01-19 15:15:00,,243.9,,,90.00000000002046,0.09003142118538461,0
2017-01-19 15:25:00,2017-01-19 15:25:00,,243.7,,,0.0,0.0,0
2017-01-20 13:05:00,2017-01-20 13:05:00,,242.71738997990835,,,-999.759982499474,-1.0,0
2017-01-23 09:15:00,2017-01-23 09:15:00,,241.57320121623073,,,-999.8640915940665,-1.0,0
2017-01-23 13:55:00,2017-01-23 13:55:00,,239.8,,,161.9000000000368,0.1619134180585695,0
2017-01-25 14:20:00,2017-01-25 14:20:00,,240.7,,,314.99999999995225,0.31510952249426477,0
2017-01-25 15:05:00,2017-01-25 15:05:00,,240.1,,,-389.0000000000332,-0.38917283395609287,0
2017-01-25 15:15:00,2017-01-25 15:15:00,,240.25,,,495.25,0.4953203746787936,0
2017-01-25 15:25:00,2017-01-25 15:25:00,,240.3,,,393.60000000003356,0.3937785859007983,0
2017-01-30 12:30:00,2017-01-30 12:30:00,,244.7,,,0.0,0.0,0
2017-01-30 12:50:00,2017-01-30 12:50:00,,244.85,,,486.0,0.4861110638963033,0
2017-01-31 12:10:00,2017-01-31 12:10:00,,248.0,,,342.7999999999805,0.34299354653524694,0
2017-02-01 10:30:00,2017-02-01 10:30:00,,245.2,,,438.25,0.4383940124280086,0
2017-02-03 13:10:00,2017-02-03 13:10:00,,244.76400875425094,,,-999.9099473491924,-1.0,0
2017-02-03 13:20:00,2017-02-03 13:20:00,,244.7,,,-261.00000000005934,-0.26104611114856735,0
2017-02-03 13:30:00,2017-02-03 13:30:00,,244.8,,,0.0,0.0,0
2017-02-03 13:45:00,2017-02-03 13:45:00,,244.6,,,-672.75,-0.6728351697597762,0
2017-02-03 13:55:00,2017-02-03 13:55:00,,245.16396921107514,,,1999.3074253836296,1.9999999999999256,0
2017-02-03 14:50:00,2017-02-03 14:50:00,,243.17420751921205,,,-999.6400021355018,-1.0,0
2017-02-03 15:00:00,2017-02-03 15:00:00,,243.9,,,473.5,0.4737323657120894,0
2017-02-06 15:05:00,2017-02-06 15:05:00,,245.7,,,0.0,0.0,0
2017-02-06 15:15:00,2017-02-06 15:15:00,,246.0,,,-580.800000000022,-0.580956193509524,0
2017-02-08 14:20:00,2017-02-08 14:20:00,,242.05,,,-118.09999999995972,-0.11810420110734575,0
2017-02-08 14:40:00,2017-02-08 14:40:00,,241.8,,,-205.19999999998834,-0.20522583119111218,0
2017-02-09 09:15:00,2017-02-09 09:15:00,,242.53094323060793,,,1999.507631714813,2.00000000000005,0
2017-02-10 14:20:00,2017-02-10 14:20:00,,243.9,,,0.0,0.0,0
2017-02-13 12:05:00,2017-02-13 12:05:00,,241.4,,,0.0,0.0,0
2017-02-15 09:20:00,2017-02-15 09:20:00,,248.45,,,328.200000000028,0.3283362978934074,0
2017-02-17 14:40:00,2017-02-17 14:40:00,,254.1,,,-305.7000000000116,-0.3057443047870553,0
2017-02-17 15:05:00,2017-02-17 15:05:00,,253.9,,,1210.1999999999884,1.210783165101695,0
2017-02-21 13:35:00,2017-02-21 13:35:00,,256.7,,,441.1999999999749,0.4412261396952707,0
2017-02-21 13:45:00,2017-02-21 13:45:00,,256.7,,,203.30000000004623,0.20330957086260204,0
2017-02-22 12:05:00,2017-02-22 12:05:00,,278.52134947562104,,,1998.4970912971726,2.0,0
2017-02-23 13:25:00,2017-02-23 13:25:00,,279.9,,,-327.0000000000124,-0.3272491853090447,0
2017-02-23 13:35:00,2017-02-23 13:35:00,,278.78353157546206,,,-999.3283509722261,-1.0,0
2017-02-23 13:45:00,2017-02-23 13:45:00,,279.6,,,96.60000000002196,0.09669072837380134,0
2017-02-23 13:55:00,2017-02-23 13:55:00,,279.5,,,-243.0,-0.24301447457887798,0
2017-02-23 14:05:00,2017-02-23 14:05:00,,279.2,,,347.54999999996613,0.3477679742096176,0
2017-02-28 12:35:00,2017-02-28 12:35:00,,293.1,,,699.0,0.6992221325058766,0
2017-03-02 09:15:00,2017-03-02 09:15:00,,291.8218445432418,,,1999.1269760569244,1.9999999999998987,0
2017-03-03 09:25:00,2017-03-03 09:25:00,,302.9,,,-353.49999999999426,-0.35400825199813873,0
2017-03-03 14:30:00,2017-03-03 14:30:00,,297.7,,,389.70000000001477,0.38983537918295763,0
2017-03-03 14:40:00,2017-03-03 14:40:00,,297.45,,,-68.90000000001567,-0.06891464514973801,0
2017-03-03 14:50:00,2017-03-03 14:50:00,,297.4,,,-233.85000000005317,-0.23390799196920714,0
2017-03-03 15:00:00,2017-03-03 15:00:00,,296.4,,,-961.3500000000504,-0.9618655318325018,0
2017-03-03 15:25:00,2017-03-03 15:25:00,,297.0,,,0.0,0.0,0
2017-03-07 09:15:00,2017-03-07 09:15:00,,309.23927431573225,,,1999.9076436844448,2.0,0
2017-03-07 09:25:00,2017-03-07 09:25:00,,311.65,,,83.40000000001896,0.0834898285617368,0
2017-03-08 13:00:00,2017-03-08 13:00:00,,305.1,,,0.0,0.0,0
2017-03-08 14:25:00,2017-03-08 14:25:00,,305.0,,,241.0000000000548,0.2410709383047139,0
2017-03-08 14:45:00,2017-03-08 14:45:00,,304.5,,,-474.599999999973,-0.4747742202622816,0
2017-03-08 14:55:00,2017-03-08 14:55:00,,304.6,,,-97.99999999991087,-0.09800810134745462,0
2017-03-09 09:15:00,2017-03-09 09:15:00,,305.4477220545259,,,1998.671806861893,2.0,0
2017-03-10 14:15:00,2017-03-10 14:15:00,,301.8050251016938,,,-999.8492945785745,-1.0,0
2017-03-10 14:25:00,2017-03-10 14:25:00,,300.46887368462376,,,-999.7040835560019,-1.0,0
2017-03-14 13:30:00,2017-03-14 13:30:00,,307.79198085823305,,,-999.7051039295266,-1.0,0
2017-03-16 09:15:00,2017-03-16 09:15:00,,308.4602138590696,,,1999.5143728322746,2.0000000000000835,0
2017-03-16 14:45:00,2017-03-16 14:45:00,,306.2,,,623.5999999999646,0.6236479826141558,0
2017-03-20 09:20:00,2017-03-20 09:20:00,,306.3,,,451.5000000000171,0.4515424681847977,0
2017-03-20 13:35:00,2017-03-20 13:35:00,,304.0,,,555.3000000000211,0.5555127325189846,0
2017-03-20 13:45:00,2017-03-20 13:45:00,,304.15,,,182.59999999993772,0.18263642860212959,0
2017-03-20 13:55:00,2017-03-20 13:55:00,,304.4,,,561.8999999999148,0.562095460344494,0
2017-03-20 14:55:00,2017-03-20 14:55:00,,303.2552332902786,,,-999.9235203468994,-1.0,0
2017-03-20 15:05:00,2017-03-20 15:05:00,,302.44443584723,,,-999.4599108332103,-1.0,0
2017-03-20 15:15:00,2017-03-20 15:15:00,,302.2,,,0.0,0.0,0
2017-03-20 15:25:00,2017-03-20 15:25:00,,302.4,,,510.5999999999226,0.510825188195735,0
2017-03-21 09:20:00,2017-03-21 09:20:00,,299.1,,,-629.9999999999642,-0.6303900266652157,0
2017-03-21 15:05:00,2017-03-21 15:05:00,,298.1,,,765.6000000000158,0.765706099921923,0
2017-03-22 09:25:00,2017-03-22 09:25:00,,296.25,,,-538.8000000000204,-0.5390875814267596,0
2017-03-22 09:50:00,2017-03-22 09:50:00,,295.6,,,-212.5,-0.2125867311556468,0
2017-03-27 12:45:00,2017-03-27 12:45:00,,295.4,,,369.89999999994393,0.3701163601191254,0
2017-03-27 13:00:00,2017-03-27 13:00:00,,294.75,,,-441.3500000000287,-0.44150408404964303,0
2017-03-27 13:10:00,2017-03-27 13:10:00,,295.1,,,0.0,0.0,0
2017-03-28 14:20:00,2017-03-28 14:20:00,,293.35,,,-413.0,-0.413132107055568,0
2017-03-29 09:30:00,2017-03-29 09:30:00,,291.58396155609864,,,-999.3979422963804,-1.0,0
2017-04-03 14:15:00,2017-04-03 14:15:00,,324.1,,,-155.3000000000353,-0.15539706737099837,0
2017-04-06 14:35:00,2017-04-06 14:35:00,,339.9,,,-287.6999999999564,-0.2879190239645588,0
2017-04-10 13:00:00,2017-04-10 13:00:00,,327.8,,,515.4000000000195,0.5157740169151109,0
2017-04-10 15:20:00,2017-04-10 15:20:00,,326.5,,,1257.599999999988,1.2579342655671057,0
2017-04-11 14:00:00,2017-04-11 14:00:00,,324.2,,,0.0,0.0,0
2017-04-24 11:55:00,2017-04-24 11:55:00,,334.8,,,245.19999999998606,0.2453537198270086,0
2017-04-26 14:25:00,2017-04-26 14:25:00,,334.0,,,147.3000000000335,0.14732212753091783,0
2017-04-26 14:55:00,2017-04-26 14:55:00,,333.65,,,1584.7999999999743,1.5851079395402794,0
2017-04-28 15:05:00,2017-04-28 15:05:00,,329.55,,,-374.75,-0.37495994363336976,0
2017-04-28 15:15:00,2017-04-28 15:15:00,,329.15,,,607.4999999999847,0.6076317612336063,0
2017-05-02 09:25:00,2017-05-02 09:25:00,,327.15,,,322.79999999998165,0.3231427745550501,0
2017-05-02 10:50:00,2017-05-02 10:50:00,,324.55,,,525.6999999999914,0.5260912258718158,0
2017-05-02 11:25:00,2017-05-02 11:25:00,,323.3,,,-79.09999999997302,-0.0791856223493863,0
2017-05-05 14:50:00,2017-05-05 14:50:00,,313.9,,,488.5,0.48885484011730085,0
2017-05-05 15:10:00,2017-05-05 15:10:00,,313.25,,,-334.2500000000217,-0.3345948150233534,0
2017-05-10 09:15:00,2017-05-10 09:15:00,,315.2627494832011,,,1999.630676608672,1.9999999999998819,0
2017-05-12 15:00:00,2017-05-12 15:00:00,,318.9793554834895,,,1998.609258194294,2.0,0
2017-05-18 14:50:00,2017-05-18 14:50:00,,315.1748730306621,,,1999.2638370315137,2.0000000000001057,0
2017-05-18 15:05:00,2017-05-18 15:05:00,,313.46514284833006,,,-999.9000138801904,-1.0,0
2017-05-18 15:15:00,2017-05-18 15:15:00,,312.9,,,-597.200000000051,-0.5974887549206476,0
2017-05-18 15:25:00,2017-05-18 15:25:00,,313.4,,,902.3999999999487,0.9029469842111598,0
2017-05-19 13:25:00,2017-05-19 13:25:00,,310.3,,,-265.5999999999849,-0.26560402879565265,0
2017-05-19 13:35:00,2017-05-19 13:35:00,,309.85,,,-177.4499999999731,-0.17755541792096963,0
2017-05-19 13:45:00,2017-05-19 13:45:00,,309.6,,,-125.4999999999572,-0.1255425825990135,0
2017-05-22 14:10:00,2017-05-22 14:10:00,,312.9,,,388.80000000001473,0.38891404754369563,0
2017-05-23 15:15:00,2017-05-23 15:15:00,,307.75,,,56.3000000000128,0.05631995085904662,0
2017-05-24 13:00:00,2017-05-24 13:00:00,,306.9,,,-282.8000000000643,-0.2828088077423604,0
2017-05-24 13:10:00,2017-05-24 13:10:00,,306.5,,,535.5999999999696,0.535645820235371,0
2017-05-25 13:45:00,2017-05-25 13:45:00,,306.3,,,0.0,0.0,0
2017-05-29 09:25:00,2017-05-29 09:25:00,,320.0899825285343,,,-999.5853239688131,-1.0,0
2017-05-31 15:10:00,2017-05-31 15:10:00,,316.3,,,-237.19999999998652,-0.23720680366744465,0
2017-05-31 15:20:00,2017-05-31 15:20:00,,315.9,,,-370.80000000001405,-0.37088034948584414,0
2017-06-01 13:30:00,2017-06-01 13:30:00,,312.8,,,1082.2499999999727,1.0823925954526505,0
2017-06-01 13:40:00,2017-06-01 13:40:00,,313.15,,,1073.5,1.0738430025805534,0
2017-06-02 13:05:00,2017-06-02 13:05:00,,311.7,,,520.8000000000197,0.5209524544176842,0
2017-06-06 11:50:00,2017-06-06 11:50:00,,311.9,,,69.54999999993674,0.06955287275462149,0
2017-06-06 12:00:00,2017-06-06 12:00:00,,311.85,,,226.5000000000515,0.22660652063919637,0
2017-06-06 15:15:00,2017-06-06 15:15:00,,309.6,,,-385.25,-0.3852520753070314,0
2017-06-12 15:15:00,2017-06-12 15:15:00,,311.4,,,412.59999999997655,0.4126717126525738,0
2017-06-13 14:50:00,2017-06-13 14:50:00,,310.6,,,188.90000000004295,0.18898710416977207,0
2017-06-13 15:00:00,2017-06-13 15:00:00,,310.3,,,-188.99999999993554,-0.18905398457839723,0
2017-06-13 15:15:00,2017-06-13 15:15:00,,309.95,,,-640.4000000000547,-0.6407839129447118,0
2017-06-13 15:25:00,2017-06-13 15:25:00,,309.7,,,-79.30000000001803,-0.07930677333299638,0
2017-06-15 09:15:00,2017-06-15 09:15:00,,321.8799450990177,,,1998.9074838235488,2.0,0
2017-06-20 15:25:00,2017-06-20 15:25:00,,333.3,,,1322.1000000000695,1.3223202910892349,0
2017-06-22 14:25:00,2017-06-22 14:25:00,,339.7,,,617.7999999999649,0.6179997317685021,0
2017-06-22 15:25:00,2017-06-22 15:25:00,,338.7,,,501.8999999999511,0.5022415707969895,0
2017-06-23 13:00:00,2017-06-23 13:00:00,,339.0,,,276.3000000000628,0.27633004306525644,0
2017-06-23 15:25:00,2017-06-23 15:25:00,,337.78308646311535,,,-999.7586614493559,-1.0,0
2017-06-27 11:20:00,2017-06-27 11:20:00,,337.7,,,-328.7999999999813,-0.3288221824359314,0
2017-06-27 11:30:00,2017-06-27 11:30:00,,337.5,,,323.1999999999816,0.3233226516425951,0
2017-06-27 11:55:00,2017-06-27 11:55:00,,337.6,,,0.0,0.0,0
2017-06-27 12:05:00,2017-06-27 12:05:00,,337.6,,,0.0,0.0,0
2017-06-27 14:35:00,2017-06-27 14:35:00,,336.6,,,-541.0,-0.5410015401359511,0
2017-06-27 14:45:00,2017-06-27 14:45:00,,336.4,,,-99.80000000002269,-0.09980050492782072,0
2017-06-28 11:10:00,2017-06-28 11:10:00,,332.5,,,305.19999999998265,0.3055231528380601,0
2017-06-28 13:40:00,2017-06-28 13:40:00,,330.25,,,310.45000000002017,0.3106869305745317,0
2017-06-30 14:05:00,2017-06-30 14:05:00,,324.6,,,-714.0,-0.7143191036077833,0
2017-07-04 13:15:00,2017-07-04 13:15:00,,333.1,,,0.0,0.0,0
2017-07-05 14:40:00,2017-07-05 14:40:00,,340.7,,,0.0,0.0,0
2017-07-05 15:20:00,2017-07-05 15:20:00,,340.4,,,831.600000000084,0.8316885310063991,0
2017-07-06 13:15:00,2017-07-06 13:15:00,,341.7,,,838.0000000000714,0.8380204638969125,0
2017-07-12 15:05:00,2017-07-12 15:05:00,,356.8,,,343.5,0.34361655515580236,0
2017-07-12 15:20:00,2017-07-12 15:20:00,,356.45,,,598.9499999999848,0.5991371898082416,0
2017-07-18 09:20:00,2017-07-18 09:20:00,,365.3512965479387,,,1999.980657745988,1.9999999999999352,0
2017-07-18 09:45:00,2017-07-18 09:45:00,,359.75,,,-540.0,-0.5400487310449864,0
2017-07-18 09:55:00,2017-07-18 09:55:00,,359.75,,,-105.74999999998397,-0.10579305413970157,0
2017-07-24 09:15:00,2017-07-24 09:15:00,,377.4019699327478,,,1998.0292380346455,2.0,0
2017-07-25 15:15:00,2017-07-25 15:15:00,,377.7395331069994,,,-999.9468760029126,-1.0,0
2017-07-25 15:25:00,2017-07-25 15:25:00,,378.3,,,1243.800000000047,1.2442784974826464,0
2017-07-27 15:10:00,2017-07-27 15:10:00,,376.65,,,387.74999999996794,0.3880782313827911,0
2017-07-27 15:20:00,2017-07-27 15:20:00,,375.5,,,-125.19999999999288,-0.12538440427309264,0
2017-07-28 09:20:00,2017-07-28 09:20:00,,373.5,,,-830.1999999999865,-0.8314525085241119,0
2017-07-28 09:30:00,2017-07-28 09:30:00,,376.5,,,1511.9999999999936,1.5121630798895842,0
2017-08-01 14:40:00,2017-08-01 14:40:00,,376.3138567075505,,,-999.9742679958117,-1.0,0
2017-08-01 14:50:00,2017-08-01 14:50:00,,376.8,,,674.4000000000256,0.6745702420473046,0
2017-08-04 11:10:00,2017-08-04 11:10:00,,382.4,,,718.1999999999689,0.7186397490582648,0
2017-08-07 15:15:00,2017-08-07 15:15:00,,381.9,,,1057.5999999999399,1.0578373108941717,0
2017-08-09 15:25:00,2017-08-09 15:25:00,,376.5,,,288.0500000000187,0.28822796065831047,0
2017-08-10 14:55:00,2017-08-10 14:55:00,,372.75,,,203.0,0.2030878855657577,0
2017-08-11 14:05:00,2017-08-11 14:05:00,,364.65,,,255.14999999997514,0.2554592238644065,0
2017-08-11 14:15:00,2017-08-11 14:15:00,,363.7,,,-765.6000000000158,-0.766117964814127,0
2017-08-11 14:25:00,2017-08-11 14:25:00,,364.5,,,535.2000000000075,0.5354698829644454,0
2017-08-11 14:35:00,2017-08-11 14:35:00,,364.6,,,134.80000000003065,0.1348986517437546,0
2017-08-11 14:45:00,2017-08-11 14:45:00,,364.8,,,342.5,0.34279701255941153,0
2017-08-11 15:00:00,2017-08-11 15:00:00,,363.7,,,739.4499999999854,0.7397491535738159,0
2017-08-21 14:10:00,2017-08-21 14:10:00,,369.8,,,811.9999999999868,0.8126664005117278,0
2017-08-22 15:10:00,2017-08-22 15:10:00,,368.3,,,0.0,0.0,0
2017-08-24 13:45:00,2017-08-24 13:45:00,,371.0,,,288.0,0.28809452539588665,0
2017-08-24 14:05:00,2017-08-24 14:05:00,,370.9,,,-62.650000000014245,-0.06265780222282513,0
2017-08-24 15:15:00,2017-08-24 15:15:00,,369.9,,,-227.8000000000518,-0.2279564290616369,0
2017-08-29 13:45:00,2017-08-29 13:45:00,,363.1,,,0.0,0.0,0
2017-08-29 13:55:00,2017-08-29 13:55:00,,362.03120567949037,,,-999.7478653422863,-1.0,0
2017-08-29 14:05:00,2017-08-29 14:05:00,,362.0,,,-106.9000000000243,-0.10692780901122118,0
2017-08-29 14:40:00,2017-08-29 14:40:00,,362.0,,,663.0000000000251,0.6634434336318524,0
2017-08-31 12:20:00,2017-08-31 12:20:00,,375.1412740442453,,,-999.7462349783895,-1.0,0
2017-09-05 11:10:00,2017-09-05 11:10:00,,385.7,,,-241.79999999998626,-0.2419861953094915,0
2017-09-11 15:10:00,2017-09-11 15:10:00,,386.5,,,709.7999999999752,0.7102222124018048,0
2017-09-12 15:15:00,2017-09-12 15:15:00,,388.9,,,0.0,0.0,0
2017-09-12 15:25:00,2017-09-12 15:25:00,,389.3,,,-138.40000000003147,-0.13842858231919,0
2017-09-14 15:15:00,2017-09-14 15:15:00,,398.6,,,651.0000000000423,0.6515260908656741,0
2017-09-19 09:20:00,2017-09-19 09:20:00,,397.31827358611736,,,-999.3974893325422,-1.0,0
2017-09-19 10:05:00,2017-09-19 10:05:00,,396.2,,,0.0,0.0,0
2017-09-25 09:20:00,2017-09-25 09:20:00,,381.9,,,460.79999999998836,0.4611398871157935,0
2017-09-27 12:35:00,2017-09-27 12:35:00,,378.1,,,-881.5499999999777,-0.8828211017789889,0
2017-09-28 12:55:00,2017-09-28 12:55:00,,372.4,,,-212.10000000000804,-0.21214949610860734,0
2017-09-28 13:05:00,2017-09-28 13:05:00,,372.3,,,209.10000000000792,0.20915410603328127,0
2017-09-28 13:15:00,2017-09-28 13:15:00,,373.2,,,1012.1999999999836,1.0134623744685498,0
2017-09-28 14:45:00,2017-09-28 14:45:00,,369.09688946115244,,,-999.0147036594603,-1.0,0
2017-09-28 14:55:00,2017-09-28 14:55:00,,370.75,,,922.599999999985,0.9239813812892966,0
2017-10-11 14:25:00,2017-10-11 14:25:00,,398.35,,,1217.7000000000066,1.218888781025941,0
2017-10-13 13:10:00,2017-10-13 13:10:00,,417.1,,,567.0,0.5670897539561145,0
2017-10-13 13:20:00,2017-10-13 13:20:00,,417.45,,,-50.200000000011414,-0.050203273254653236,0
2017-10-13 13:30:00,2017-10-13 13:30:00,,416.4,,,696.5000000000452,0.697098794594931,0
2017-10-17 13:35:00,2017-10-17 13:35:00,,411.1,,,772.800000000011,0.773533421972717,0
2017-10-23 12:55:00,2017-10-23 12:55:00,,438.7549259120904,,,-999.5732486612658,-1.0,0
2017-10-23 13:05:00,2017-10-23 13:05:00,,437.9,,,501.20000000003256,0.5014024666573688,0
2017-10-23 14:45:00,2017-10-23 14:45:00,,445.05,,,440.25,0.44062785069954685,0
2017-10-26 14:00:00,2017-10-26 14:00:00,,447.9708780001983,,,1997.4830518877638,2.0000000000000324,0
2017-10-30 15:25:00,2017-10-30 15:25:00,,445.3,,,400.5,0.40090753020960485,0
2017-11-01 14:05:00,2017-11-01 14:05:00,,451.4622078601702,,,-999.2545046831788,-1.0,0
2017-11-03 14:00:00,2017-11-03 14:00:00,,447.25,,,-121.10000000002753,-0.12114161951458054,0
2017-11-03 14:10:00,2017-11-03 14:10:00,,447.1,,,-121.20000000002756,-0.12120751711519266,0
2017-11-03 14:20:00,2017-11-03 14:20:00,,446.95,,,56.850000000012926,0.056859291371848274,0
2017-11-07 13:05:00,2017-11-07 13:05:00,,427.7,,,-288.00000000002456,-0.28805239601581173,0
2017-11-07 13:40:00,2017-11-07 13:40:00,,427.9,,,662.0,0.6627122854533797,0
2017-11-08 14:20:00,2017-11-08 14:20:00,,417.6,,,-351.0,-0.351015928260926,0
2017-11-10 14:35:00,2017-11-10 14:35:00,,417.35,,,1323.3000000000275,1.3239188880376171,0
2017-11-10 15:00:00,2017-11-10 15:00:00,,416.0,,,601.8000000000161,0.6026366818040451,0
2017-11-20 14:00:00,2017-11-20 14:00:00,,434.8,,,84.29999999997125,0.0843937853456025,0
2017-11-20 14:15:00,2017-11-20 14:15:00,,434.8,,,270.90000000001027,0.27115095569393416,0
2017-11-21 13:40:00,2017-11-21 13:40:00,,441.6,,,733.5,0.7339721346203726,0
2017-11-28 12:20:00,2017-11-28 12:20:00,,443.65,,,-372.7500000000242,-0.3728494808022357,0
2017-11-28 12:30:00,2017-11-28 12:30:00,,443.3,,,-408.3999999999768,-0.4086140282045848,0
2017-11-28 12:40:00,2017-11-28 12:40:00,,445.2,,,1740.7999999999884,1.7409723982834202,0
2017-11-30 12:25:00,2017-11-30 12:25:00,,437.75,,,959.6500000000257,0.9599899870681222,0
2017-12-04 09:35:00,2017-12-04 09:35:00,,428.15,,,908.1499999999799,0.9098665036931831,0
2017-12-04 13:55:00,2017-12-04 13:55:00,,424.6,,,-46.249999999957936,-0.04628843522227066,0
2017-12-04 14:05:00,2017-12-04 14:05:00,,424.5,,,94.1000000000214,0.09417372303946603,0
2017-12-08 15:10:00,2017-12-08 15:10:00,,434.7,,,514.349999999987,0.5146865515500721,0
2017-12-12 14:40:00,2017-12-12 14:40:00,,429.9,,,684.0,0.6841064822013911,0
2017-12-15 15:10:00,2017-12-15 15:10:00,,433.8,,,-374.3999999999787,-0.3744663443070446,0
2017-12-15 15:20:00,2017-12-15 15:20:00,,433.5,,,-236.75,-0.23697419759598265,0
2017-12-18 09:20:00,2017-12-18 09:20:00,,425.7,,,957.6000000000029,0.9581126296650817,0
2017-12-18 12:50:00,2017-12-18 12:50:00,,439.9,,,0.0,0.0,0
2017-12-18 13:00:00,2017-12-18 13:00:00,,438.6,,,697.0,0.6976336057734444,0
2017-12-21 14:25:00,2017-12-21 14:25:00,,432.6,,,326.7000000000124,0.32678243233781734,0
2017-12-21 15:10:00,2017-12-21 15:10:00,,430.64795919702306,,,-999.6428431258153,-1.0,0
2017-12-21 15:20:00,2017-12-21 15:20:00,,430.2,,,-278.10000000001054,-0.2782840532154762,0
2017-12-27 13:55:00,2017-12-27 13:55:00,,440.9,,,67.35000000001531,0.06736883948806638,0
2017-12-27 14:05:00,2017-12-27 14:05:00,,440.8,,,414.0000000000157,0.41407310999443436,0
2017-12-29 15:15:00,2017-12-29 15:15:00,,435.3,,,1168.0,1.1682727844759124,0
2018-01-01 13:25:00,2018-01-01 13:25:00,,433.05,,,680.3999999999828,0.6804403641385532,0
2018-01-01 15:05:00,2018-01-01 15:05:00,,430.3,,,1185.650000000035,1.1859984554988365,0
2018-01-03 14:40:00,2018-01-03 14:40:00,,431.8,,,-737.6000000000105,-0.7380636382381441,0
2018-01-03 14:50:00,2018-01-03 14:50:00,,432.2,,,0.0,0.0,0
2018-01-05 13:55:00,2018-01-05 13:55:00,,437.5469380615758,,,-999.51930513467,-1.0,0
2018-01-05 14:05:00,2018-01-05 14:05:00,,436.6,,,409.7999999999379,0.41009179439908067,0
2018-01-08 14:40:00,2018-01-08 14:40:00,,437.3,,,906.0000000000343,0.9065718261227489,0
2018-01-10 14:00:00,2018-01-10 14:00:00,,446.05,,,-787.5,-0.7878767164925604,0
2018-01-17 09:25:00,2018-01-17 09:25:00,,431.65,,,-618.75,-0.618820544952488,0
2018-01-17 09:35:00,2018-01-17 09:35:00,,430.6,,,734.2500000000152,0.7348743690055625,0
2018-01-29 14:30:00,2018-01-29 14:30:00,,453.7690405599331,,,-999.5390653343204,-1.0,0
2018-01-30 13:35:00,2018-01-30 13:35:00,,451.3,,,959.0,0.959293212521029,0
2018-01-30 15:05:00,2018-01-30 15:05:00,,448.1,,,-180.59999999998973,-0.18065922316017302,0
2018-02-02 10:30:00,2018-02-02 10:30:00,,436.9645772866707,,,1999.931476491787,2.0,0
2018-02-05 09:20:00,2018-02-05 09:20:00,,418.8,,,-727.3499999999958,-0.7291352413644511,0
2018-02-05 09:30:00,2018-02-05 09:30:00,,420.95,,,972.5499999999917,0.9727525080271434,0
2018-02-05 13:45:00,2018-02-05 13:45:00,,425.25,,,843.75,0.8448351726535966,0
2018-02-14 13:50:00,2018-02-14 13:50:00,,442.85,,,0.0,0.0,0
2018-02-14 14:00:00,2018-02-14 14:00:00,,443.3,,,-587.2000000000083,-0.5873986419046006,0
2018-02-14 14:10:00,2018-02-14 14:10:00,,443.2,,,644.4000000000244,0.6447548248598506,0
2018-02-14 14:25:00,2018-02-14 14:25:00,,443.6,,,-127.00000000002888,-0.127196117083352,0
2018-02-16 14:05:00,2018-02-16 14:05:00,,438.3,,,701.4000000000076,0.7015715902520534,0
2018-02-16 14:35:00,2018-02-16 14:35:00,,435.9,,,-335.5,-0.3355800008586712,0
2018-02-22 14:00:00,2018-02-22 14:00:00,,439.1,,,-116.90000000002658,-0.11698853797983969,0
2018-02-23 13:20:00,2018-02-23 13:20:00,,441.95,,,167.100000000038,0.1671875145534399,0
2018-02-23 13:45:00,2018-02-23 13:45:00,,441.85,,,695.4999999999757,0.6958482634721519,0
2018-03-01 15:20:00,2018-03-01 15:20:00,,448.0,,,409.9999999999767,0.41024814067381166,0
2018-03-07 09:20:00,2018-03-07 09:20:00,,426.65,,,38.29999999998694,0.038312975392571745,0
2018-03-07 09:30:00,2018-03-07 09:30:00,,426.75,,,139.65000000000907,0.13982769085366747,0
2018-03-07 09:50:00,2018-03-07 09:50:00,,426.9,,,315.6999999999949,0.3157610241258534,0
2018-03-07 12:55:00,2018-03-07 12:55:00,,422.17871173108546,,,-999.0138039720777,-1.0,0
2018-03-07 13:05:00,2018-03-07 13:05:00,,421.7,,,-524.9999999999915,-0.5253731540965073,0
2018-03-07 13:15:00,2018-03-07 13:15:00,,421.8,,,36.700000000008345,0.03670091890024467,0
2018-03-07 13:30:00,2018-03-07 13:30:00,,422.2,,,215.40000000000816,0.2155742401223915,0
2018-03-07 14:50:00,2018-03-07 14:50:00,,420.2,,,-272.0000000000232,-0.2723834165799204,0
2018-03-07 15:00:00,2018-03-07 15:00:00,,420.1,,,-67.79999999997688,-0.06789534777630092,0
2018-03-07 15:10:00,2018-03-07 15:10:00,,419.65,,,237.9999999999768,0.23820479237168493,0
2018-03-14 15:05:00,2018-03-14 15:05:00,,438.4477194263957,,,-999.8439948474413,-1.0,0
2018-03-14 15:20:00,2018-03-14 15:20:00,,439.1,,,-93.10000000002117,-0.0931293490224917,0
2018-03-15 14:15:00,2018-03-15 14:15:00,,431.55,,,581.7500000000305,0.5820880488158019,0
2018-03-16 14:10:00,2018-03-16 14:10:00,,420.8,,,-289.50000000001097,-0.2895779240424258,0
2018-03-16 14:35:00,2018-03-16 14:35:00,,419.8,,,178.19999999998987,0.17825860789703113,0
2018-03-16 14:45:00,2018-03-16 14:45:00,,419.2,,,-261.6000000000099,-0.2616680803261167,0
2018-03-20 13:35:00,2018-03-20 13:35:00,,422.1,,,1423.5,1.4249222601052682,0
2018-03-23 11:50:00,2018-03-23 11:50:00,,421.45,,,887.7999999999824,0.8881968154153473,0
2018-04-02 14:35:00,2018-04-02 14:35:00,,420.95,,,-182.40000000004147,-0.18252131824542958,0
2018-04-03 10:20:00,2018-04-03 10:20:00,,419.3,,,109.90000000002499,0.10999066926913695,0
2018-04-04 13:25:00,2018-04-04 13:25:00,,421.65,,,-412.0,-0.4121423309447125,0
2018-04-05 15:20:00,2018-04-05 15:20:00,,429.0,,,233.09999999996467,0.2332131762355438,0
2018-04-09 14:20:00,2018-04-09 14:20:00,,432.9,,,904.0,0.9044507103142593,0
2018-04-11 09:15:00,2018-04-11 09:15:00,,434.0173888698676,,,1999.127756854375,2.0,0
2018-04-12 09:15:00,2018-04-12 09:15:00,,440.55699573415643,,,-999.9913648206295,-1.0,0
2018-04-17 10:10:00,2018-04-17 10:10:00,,446.1,,,-434.5,-0.43464626897318565,0
2018-04-17 14:10:00,2018-04-17 14:10:00,,443.3,,,205.4000000000467,0.20545635941152274,0
2018-04-18 09:15:00,2018-04-18 09:15:00,,446.2,,,-66.10000000001503,-0.06614460016260411,0
2018-04-18 14:50:00,2018-04-18 14:50:00,,442.5,,,105.80000000002406,0.10585625358921598,0
2018-04-18 15:05:00,2018-04-18 15:05:00,,442.1,,,470.70000000004757,0.4709281514556813,0
2018-04-23 11:15:00,2018-04-23 11:15:00,,444.6,,,0.0,0.0,0
2018-04-23 11:25:00,2018-04-23 11:25:00,,443.7,,,101.40000000002306,0.10148407738193631,0
2018-04-23 11:35:00,2018-04-23 11:35:00,,442.8,,,670.4999999999831,0.6709319265689849,0
2018-04-24 14:45:00,2018-04-24 14:45:00,,460.15,,,-590.8999999999929,-0.5918398327456745,0
2018-05-07 14:45:00,2018-05-07 14:45:00,,457.5,,,1243.2000000000176,1.2433011936020948,0
2018-05-09 09:30:00,2018-05-09 09:30:00,,456.1,,,759.0,0.7594393816498151,0
2018-05-14 10:40:00,2018-05-14 10:40:00,,464.6,,,327.2000000000279,0.3274767830009917,0
2018-05-14 11:00:00,2018-05-14 11:00:00,,464.9,,,457.59999999996217,0.45813693470834055,0
2018-05-14 11:40:00,2018-05-14 11:40:00,,463.85,,,-42.34999999996148,-0.042378006143481396,0
2018-05-14 12:00:00,2018-05-14 12:00:00,,463.0,,,-486.60000000001844,-0.4871360623926193,0
2018-05-14 12:10:00,2018-05-14 12:10:00,,462.95,,,-126.45000000002875,-0.1264758766582985,0
2018-05-14 12:20:00,2018-05-14 12:20:00,,463.3,,,89.50000000002035,0.08957605330036737,0
2018-05-14 13:30:00,2018-05-14 13:30:00,,463.1,,,152.70000000003472,0.1527305668230422,0
2018-05-14 14:00:00,2018-05-14 14:00:00,,462.7,,,-46.45000000001056,-0.04646097939729051,0
2018-05-14 14:10:00,2018-05-14 14:10:00,,462.3,,,0.0,0.0,0
2018-05-14 14:20:00,2018-05-14 14:20:00,,462.0,,,-199.39999999998867,-0.19947726351358486,0
2018-05-14 14:30:00,2018-05-14 14:30:00,,463.611661937267,,,1998.9335140750977,2.000000000000058,0
2018-05-14 15:15:00,2018-05-14 15:15:00,,466.2,,,-156.19999999999112,-0.15639691574568226,0
2018-05-16 09:45:00,2018-05-16 09:45:00,,455.1,,,319.20000000002074,0.31940813529482615,0
2018-05-21 09:55:00,2018-05-21 09:55:00,,436.55,,,-175.5,-0.17559356080188374,0
2018-05-21 10:05:00,2018-05-21 10:05:00,,436.3,,,68.40000000001555,0.06849854424339877,0
2018-05-23 14:10:00,2018-05-23 14:10:00,,431.6,,,732.75,0.7330503409036108,0
2018-05-23 14:35:00,2018-05-23 14:35:00,,430.6,,,1004.4000000000381,1.004874329578776,0
2018-05-28 14:45:00,2018-05-28 14:45:00,,435.7,,,810.5,0.8109198182634919,0
2018-05-29 09:30:00,2018-05-29 09:30:00,,432.1,,,-167.59999999999047,-0.16777735572725969,0
2018-05-30 09:25:00,2018-05-30 09:25:00,,428.75,,,-554.25,-0.5549774885342195,0
2018-06-11 15:00:00,2018-06-11 15:00:00,,466.45,,,1251.1999999999916,1.2518997017304705,0
2018-06-14 14:10:00,2018-06-14 14:10:00,,476.3,,,0.0,0.0,0
2018-06-26 10:30:00,2018-06-26 10:30:00,,465.75,,,-305.8000000000063,-0.3060022234063951,0
2018-06-26 10:40:00,2018-06-26 10:40:00,,467.1,,,385.70000000002506,0.3861732385146234,0
2018-06-26 13:25:00,2018-06-26 13:25:00,,464.2,,,86.09999999997063,0.0861807865988222,0
2018-06-26 13:35:00,2018-06-26 13:35:00,,464.1,,,660.8000000000094,0.66104722090099,0
2018-06-26 15:10:00,2018-06-26 15:10:00,,461.6,,,-65.59999999997763,-0.06564589005846634,0
2018-06-27 09:20:00,2018-06-27 09:20:00,,462.5,,,1426.000000000007,1.4280923995172128,0
2018-06-27 12:35:00,2018-06-27 12:35:00,,457.0,,,55.20000000001255,0.055280266214346646,0
2018-06-27 14:40:00,2018-06-27 14:40:00,,456.45,,,312.0,0.3124275533536213,0
2018-06-28 09:20:00,2018-06-28 09:20:00,,452.9,,,323.9999999999816,0.3244027348369077,0
2018-06-28 09:30:00,2018-06-28 09:30:00,,453.2,,,420.800000000006,0.4215343509277283,0
2018-06-28 14:15:00,2018-06-28 14:15:00,,449.5,,,440.4000000000167,0.44051999402329084,0
2018-06-28 14:30:00,2018-06-28 14:30:00,,447.1,,,-464.79999999999245,-0.4652906125123491,0
2018-06-28 15:05:00,2018-06-28 15:05:00,,445.29445900788863,,,-998.6464970932558,-1.0,0
2018-07-09 13:25:00,2018-07-09 13:25:00,,467.1,,,599.5,0.599876039098536,0
2018-07-10 14:10:00,2018-07-10 14:10:00,,482.55,,,673.199999999973,0.6737602412141072,0
2018-07-10 15:20:00,2018-07-10 15:20:00,,485.0,,,-156.3999999999911,-0.15651859844320398,0
2018-07-11 10:45:00,2018-07-11 10:45:00,,488.1,,,-287.0,-0.28704208834122186,0
2018-07-11 10:55:00,2018-07-11 10:55:00,,487.6,,,143.75,0.1438714085136305,0
2018-07-13 13:15:00,2018-07-13 13:15:00,,520.95,,,-298.0,-0.2983277660288864,0
2018-07-13 13:25:00,2018-07-13 13:25:00,,521.4,,,599.5000000000124,0.5996876241481653,0
2018-07-20 14:30:00,2018-07-20 14:30:00,,535.9958033014476,,,-998.9728667062172,-1.0,0
2018-07-20 14:40:00,2018-07-20 14:40:00,,535.6,,,537.0,0.5370734721544308,0
2018-07-20 14:50:00,2018-07-20 14:50:00,,535.3,,,355.6000000000231,0.35599995550557684,0
2018-07-25 12:25:00,2018-07-25 12:25:00,,528.3,,,763.3000000000204,0.7637991152875482,0
2018-07-25 14:40:00,2018-07-25 14:40:00,,525.4,,,529.8999999999484,0.5305778865344672,0
2018-07-31 12:10:00,2018-07-31 12:10:00,,549.9,,,187.25000000001216,0.1872838431746045,0
2018-07-31 12:25:00,2018-07-31 12:25:00,,553.0399325737415,,,-999.0833875415842,-1.0,0
2018-08-02 10:00:00,2018-08-02 10:00:00,,554.5,,,414.2000000000198,0.41511411998414516,0
2018-08-03 13:45:00,2018-08-03 13:45:00,,555.7,,,450.0,0.45003023335714426,0
2018-08-03 13:55:00,2018-08-03 13:55:00,,556.8,,,-728.7999999999586,-0.7295902160078781,0
2018-08-06 14:05:00,2018-08-06 14:05:00,,563.9,,,420.0,0.420230792835341,0
2018-08-09 09:20:00,2018-08-09 09:20:00,,577.4,,,724.100000000038,0.7241801111818381,0
2018-08-09 09:30:00,2018-08-09 09:30:00,,578.25,,,-133.0,-0.13303375697850303,0
2018-08-09 09:40:00,2018-08-09 09:40:00,,580.05,,,331.80000000002156,0.33203169392205134,0
2018-08-13 09:20:00,2018-08-13 09:20:00,,562.9,,,-69.8999999999894,-0.06992428421532652,0
2018-08-13 09:30:00,2018-08-13 09:30:00,,562.0,,,-22.149999999979855,-0.02217771619286224,0
2018-08-13 09:40:00,2018-08-13 09:40:00,,560.0,,,87.60000000001992,0.08779629641617331,0
2018-08-13 09:50:00,2018-08-13 09:50:00,,560.35,,,285.99999999999,0.28606259642508874,0
2018-08-13 10:00:00,2018-08-13 10:00:00,,561.3,,,545.999999999969,0.5469044230214632,0
2018-08-17 15:20:00,2018-08-17 15:20:00,,566.6,,,-727.1999999999816,-0.7274803669523975,0
2018-08-23 14:20:00,2018-08-23 14:20:00,,599.4,,,1164.600000000044,1.1658584391929006,0
2018-08-24 09:45:00,2018-08-24 09:45:00,,601.0,,,763.9499999999895,0.7653878496948595,0
2018-08-27 09:25:00,2018-08-27 09:25:00,,608.6,,,203.39999999996917,0.20355551618486417,0
2018-08-28 12:40:00,2018-08-28 12:40:00,,622.7,,,-577.8000000000584,-0.5778700448512094,0
2018-08-28 13:00:00,2018-08-28 13:00:00,,622.25,,,206.85000000001344,0.20692208829971884,0
2018-08-29 12:50:00,2018-08-29 12:50:00,,617.9,,,757.5,0.7578749208514733,0
2018-08-29 13:20:00,2018-08-29 13:20:00,,613.75,,,118.25,0.1183919957113707,0
2018-08-29 13:40:00,2018-08-29 13:40:00,,612.5,,,87.20000000001983,0.08725813142513611,0
2018-08-30 10:05:00,2018-08-30 10:05:00,,602.0,,,-107.39999999998372,-0.10761784737657228,0
2018-08-30 10:15:00,2018-08-30 10:15:00,,601.4,,,-452.40000000001714,-0.4529510144064313,0
2018-08-31 11:25:00,2018-08-31 11:25:00,,587.7,,,523.2000000000198,0.5243185268030764,0
2018-09-05 12:55:00,2018-09-05 12:55:00,,575.6,,,-225.00000000000853,-0.22511792899768973,0
2018-09-05 13:20:00,2018-09-05 13:20:00,,570.9237984157833,,,-998.0419497231906,-1.0,0
2018-09-05 13:30:00,2018-09-05 13:30:00,,572.1,,,-496.5,-0.49720695873835713,0
2018-09-05 13:40:00,2018-09-05 13:40:00,,572.3,,,-274.4000000000234,-0.27494395096157587,0
2018-09-05 13:50:00,2018-09-05 13:50:00,,572.55,,,-127.40000000000828,-0.12748877538702388,0
2018-09-10 12:55:00,2018-09-10 12:55:00,,593.9,,,1038.7999999999831,1.040980624165108,0
2018-09-11 15:10:00,2018-09-11 15:10:00,,584.1,,,37.20000000000846,0.03724776802398448,0
2018-09-17 10:55:00,2018-09-17 10:55:00,,581.1,,,186.3999999999894,0.18646219575962347,0
2018-09-17 11:05:00,2018-09-17 11:05:00,,580.9,,,95.5999999999674,0.09572883900694644,0
2018-09-21 13:10:00,2018-09-21 13:10:00,,574.92900819959,,,1999.6489925003696,2.0,0
2018-09-25 13:40:00,2018-09-25 13:40:00,,569.65,,,114.29999999998267,0.11449325181889558,0
2018-09-25 13:50:00,2018-09-25 13:50:00,,568.1,,,49.60000000001128,0.04964342301154371,0
2018-09-25 14:00:00,2018-09-25 14:00:00,,568.4,,,-51.000000000011596,-0.051116174586425624,0
2018-09-25 14:10:00,2018-09-25 14:10:00,,574.75,,,1591.2000000000062,1.5965716119164235,0
2018-10-01 11:40:00,2018-10-01 11:40:00,,577.327679394241,,,-999.5675708041322,-1.0,0
2018-10-01 11:50:00,2018-10-01 11:50:00,,574.1,,,51.000000000011596,0.05104019245756232,0
2018-10-01 12:00:00,2018-10-01 12:00:00,,573.4,,,119.5,0.11950881269159686,0
2018-10-01 12:10:00,2018-10-01 12:10:00,,574.05,,,-179.25,-0.17931512727071372,0
2018-10-01 12:20:00,2018-10-01 12:20:00,,574.05,,,87.49999999997726,0.08759707776138657,0
2018-10-01 12:30:00,2018-10-01 12:30:00,,574.4,,,80.69999999998777,0.08078023417787779,0
2018-10-03 15:25:00,2018-10-03 15:25:00,,567.1,,,40.30000000000916,0.040392359490828054,0
2018-10-04 09:20:00,2018-10-04 09:20:00,,551.0289746971398,,,-998.5188823779863,-1.0,0
2018-10-04 11:40:00,2018-10-04 11:40:00,,533.69371968709,,,1992.1367366367112,2.000000000000021,0
2018-10-04 12:00:00,2018-10-04 12:00:00,,530.8,,,-53.00000000001205,-0.053151401352447426,0
2018-10-04 12:10:00,2018-10-04 12:10:00,,533.4,,,248.0,0.24813447706408354,0
2018-10-05 09:20:00,2018-10-05 09:20:00,,524.75,,,938.9500000000096,0.9423004605169248,0
2018-10-05 10:10:00,2018-10-05 10:10:00,,513.0989587441974,,,1999.7613749279421,2.000000000000023,0
2018-10-05 10:20:00,2018-10-05 10:20:00,,513.4,,,87.999999999995,0.08831585848307184,0
2018-10-05 10:30:00,2018-10-05 10:30:00,,510.1,,,-408.5999999999897,-0.4097991985316196,0
2018-10-05 10:40:00,2018-10-05 10:40:00,,510.95,,,332.0499999999974,0.3334057646766543,0
2018-10-05 14:35:00,2018-10-05 14:35:00,,501.432188783696,,,1996.5004509792095,2.0000000000000218,0
2018-10-05 15:00:00,2018-10-05 15:00:00,,497.0620195713021,,,1996.690285179788,2.0000000000000164,0
2018-10-05 15:10:00,2018-10-05 15:10:00,,496.15,,,93.4499999999909,0.09363638348103209,0
2018-10-05 15:20:00,2018-10-05 15:20:00,,491.0,,,-777.0,-0.777264849550332,0
2018-10-08 09:20:00,2018-10-08 09:20:00,,490.85,,,626.4500000000043,0.6294597173032355,0
2018-10-08 09:30:00,2018-10-08 09:30:00,,488.2,,,269.700000000002,0.27056220900263084,0
2018-10-08 09:40:00,2018-10-08 09:40:00,,493.95,,,637.1999999999939,0.6390035546878869,0
2018-10-08 14:30:00,2018-10-08 14:30:00,,508.6,,,556.0,0.5565522439280304,0
2018-10-10 09:15:00,2018-10-10 09:15:00,,514.0,,,710.099999999997,0.7125072942245922,0
2018-10-16 14:05:00,2018-10-16 14:05:00,,546.9,,,696.25,0.6966674377293864,0
2018-10-16 14:25:00,2018-10-16 14:25:00,,549.0,,,-197.1999999999888,-0.19749663738037002,0
2018-10-17 09:20:00,2018-10-17 09:20:00,,551.7,,,842.0999999999635,0.8432058370222054,0
2018-10-22 11:40:00,2018-10-22 11:40:00,,510.4,,,374.39999999999645,0.3749435762719432,0
2018-10-22 14:50:00,2018-10-22 14:50:00,,505.5,,,653.5999999999922,0.6548644995257291,0
2018-10-22 15:15:00,2018-10-22 15:15:00,,500.8,,,32.40000000000737,0.032423581230309736,0
2018-10-23 09:20:00,2018-10-23 09:20:00,,495.2,,,-566.0,-0.5672392320534687,0
2018-10-23 09:30:00,2018-10-23 09:30:00,,494.6,,,82.80000000000314,0.08284974759681753,0
2018-10-23 09:40:00,2018-10-23 09:40:00,,495.7,,,177.5999999999899,0.17785139984498033,0
2018-10-23 13:35:00,2018-10-23 13:35:00,,495.7,,,-51.40000000001169,-0.05149000192403074,0
2018-10-23 13:50:00,2018-10-23 13:50:00,,494.8,,,-433.60000000000616,-0.4337784605480181,0
2018-10-23 14:00:00,2018-10-23 14:00:00,,496.2,,,783.0,0.7837286474737646,0
2018-10-23 14:20:00,2018-10-23 14:20:00,,493.95,,,48.599999999983424,0.048625130499707174,0
2018-10-24 13:05:00,2018-10-24 13:05:00,,494.9,,,543.0,0.5439127678810771,0
2018-10-24 14:05:00,2018-10-24 14:05:00,,492.6,,,688.5,0.6892770589694859,0
2018-10-24 14:15:00,2018-10-24 14:15:00,,489.75,,,-536.25,-0.5366021367295539,0
2018-10-24 14:25:00,2018-10-24 14:25:00,,489.8,,,351.0500000000094,0.35158369442560805,0
2018-10-24 14:35:00,2018-10-24 14:35:00,,488.4,,,117.29999999998222,0.11731730924297344,0
2018-10-25 10:40:00,2018-10-25 10:40:00,,481.4,,,-144.00000000001228,-0.14414190803929974,0
2018-10-25 10:50:00,2018-10-25 10:50:00,,481.4,,,36.199999999987654,0.03625552391743333,0
2018-10-29 15:10:00,2018-10-29 15:10:00,,513.6929051014794,,,-999.4538935811006,-1.0,0
2018-11-09 14:00:00,2018-11-09 14:00:00,,513.8,,,286.1999999999566,0.28673563673654806,0
2018-11-13 09:15:00,2018-11-13 09:15:00,,506.51104554801805,,,-999.088437279891,-1.0,0
2018-11-13 09:35:00,2018-11-13 09:35:00,,509.15,,,1820.0,1.8204915299781974,0
2018-11-19 14:55:00,2018-11-19 14:55:00,,542.55,,,-106.49999999998386,-0.10658000657690189,0
2018-11-19 15:15:00,2018-11-19 15:15:00,,542.8,,,0.0,0.0,0
2018-11-21 10:30:00,2018-11-21 10:30:00,,523.6,,,-34.40000000000782,-0.034461287237477406,0
2018-11-28 14:45:00,2018-11-28 14:45:00,,545.55,,,330.2000000000462,0.3308015357718105,0
2018-11-28 14:55:00,2018-11-28 14:55:00,,544.7,,,336.6999999999672,0.33685474300503715,0
2018-11-29 14:05:00,2018-11-29 14:05:00,,555.3,,,127.00000000002888,0.12719262038263396,0
2018-11-29 14:15:00,2018-11-29 14:15:00,,556.75,,,-353.0999999999708,-0.35313731837309803,0
2018-11-29 14:25:00,2018-11-29 14:25:00,,556.7,,,64.39999999994143,0.0644870361923385,0
2018-11-29 14:40:00,2018-11-29 14:40:00,,556.2,,,0.0,0.0,0
2018-11-30 11:00:00,2018-11-30 11:00:00,,559.6,,,-140.700000000032,-0.14089045663347907,0
2018-12-06 15:15:00,2018-12-06 15:15:00,,530.7,,,261.0,0.2611581365535233,0
2018-12-07 09:15:00,2018-12-07 09:15:00,,532.2957461656475,,,1997.8730828237872,2.000000000000057,0
2018-12-07 13:35:00,2018-12-07 13:35:00,,526.1,,,822.4000000000117,0.8235674522424258,0
2018-12-11 09:25:00,2018-12-11 09:25:00,,502.1,,,121.20000000001033,0.12130311031869434,0
2018-12-11 09:35:00,2018-12-11 09:35:00,,499.85,,,-675.0,-0.6768405876527063,0
2018-12-11 09:45:00,2018-12-11 09:45:00,,505.4,,,1337.6999999999866,1.3387849207994953,0
2018-12-13 09:25:00,2018-12-13 09:25:00,,528.1,,,155.59999999999116,0.15569612997843707,0
2018-12-18 13:20:00,2018-12-18 13:20:00,,535.5455720349439,,,-999.7600219632959,-1.0,0
2018-12-20 11:05:00,2018-12-20 11:05:00,,528.2,,,56.100000000012756,0.05612968595378792,0
2018-12-24 09:20:00,2018-12-24 09:20:00,,518.85,,,1024.0,1.0253885568988705,0
2018-12-24 14:40:00,2018-12-24 14:40:00,,514.6,,,539.9999999999864,0.5402550982652787,0
2018-12-26 09:30:00,2018-12-26 09:30:00,,509.25,,,23.40000000000532,0.0234011968326959,0
2018-12-26 09:40:00,2018-12-26 09:40:00,,507.6,,,-516.999999999984,-0.5178116117507406,0
2018-12-26 09:50:00,2018-12-26 09:50:00,,506.4,,,-182.00000000001552,-0.18205636011317036,0
2018-12-26 10:05:00,2018-12-26 10:05:00,,505.8,,,-764.9999999999949,-0.7650816996779961,0
2018-12-26 10:15:00,2018-12-26 10:15:00,,504.3,,,-473.5500000000051,-0.4736037789367274,0
2018-12-26 10:25:00,2018-12-26 10:25:00,,505.1,,,421.20000000001596,0.4219032988127645,0
2018-12-26 10:40:00,2018-12-26 10:40:00,,505.5,,,352.5,0.35308838476597787,0
2018-12-28 09:45:00,2018-12-28 09:45:00,,535.15,,,45.20000000001028,0.04524112514463831,0
2018-12-28 14:00:00,2018-12-28 14:00:00,,534.8,,,-107.79999999990196,-0.10787715681160305,0
2018-12-28 15:15:00,2018-12-28 15:15:00,,531.3,,,938.2999999999224,0.9393194345997871,0
2019-01-01 13:45:00,2019-01-01 13:45:00,,525.9,,,292.1999999999557,0.2922227397003091,0
2019-01-07 15:00:00,2019-01-07 15:00:00,,521.15,,,388.0499999999864,0.3882694807099274,0
2019-01-08 14:20:00,2019-01-08 14:20:00,,523.2,,,185.25,0.18549337923412648,0
2019-01-09 13:25:00,2019-01-09 13:25:00,,526.8,,,184.20000000004188,0.18430020900276092,0
2019-01-09 13:40:00,2019-01-09 13:40:00,,525.95,,,1146.25,1.1465806165656227,0
2019-01-15 13:40:00,2019-01-15 13:40:00,,533.3,,,-579.0,-0.5790582274831328,0
2019-01-15 13:50:00,2019-01-15 13:50:00,,533.5,,,375.5500000000244,0.3758356257209034,0
2019-01-16 09:20:00,2019-01-16 09:20:00,,539.7147918309429,,,-999.5561433536324,-1.0,0
2019-01-16 09:30:00,2019-01-16 09:30:00,,539.95,,,-486.200000000013,-0.48685005234025175,0
2019-01-16 09:40:00,2019-01-16 09:40:00,,539.3,,,143.5,0.14374347080363478,0
2019-01-18 14:20:00,2019-01-18 14:20:00,,558.8,,,148.80000000003383,0.14906585509056483,0
2019-01-21 13:20:00,2019-01-21 13:20:00,,580.038945702152,,,1993.764828261672,2.0000000000000298,0
2019-01-21 13:30:00,2019-01-21 13:30:00,,582.6183608080694,,,-999.944369688883,-1.0,0
2019-01-21 14:30:00,2019-01-21 14:30:00,,582.95,,,339.29999999998813,0.3399329107523086,0
2019-01-22 10:45:00,2019-01-22 10:45:00,,586.25,,,464.00000000001455,0.4650932842073862,0
2019-01-22 10:55:00,2019-01-22 10:55:00,,586.2,,,371.44999999999266,0.37231056702420023,0
2019-01-22 14:05:00,2019-01-22 14:05:00,,586.6,,,-134.1000000000305,-0.1342928111365357,0
2019-01-23 15:10:00,2019-01-23 15:10:00,,578.1475987693811,,,-999.4245094273319,-1.0,0
2019-01-23 15:20:00,2019-01-23 15:20:00,,577.45,,,-717.5999999999858,-0.7185648412964265,0
2019-01-28 12:45:00,2019-01-28 12:45:00,,580.4,,,310.0999999999698,0.3101164519405457,0
2019-01-29 12:55:00,2019-01-29 12:55:00,,570.7,,,838.8000000000318,0.8390706219204817,0
2019-01-29 13:05:00,2019-01-29 13:05:00,,569.2,,,-310.5,-0.3107697729734346,0
2019-01-29 13:15:00,2019-01-29 13:15:00,,567.7,,,-554.7999999999602,-0.5548594711444476,0
2019-01-29 13:25:00,2019-01-29 13:25:00,,569.1,,,414.75,0.4154272793760512,0
2019-02-04 14:40:00,2019-02-04 14:40:00,,604.1,,,-223.20000000002256,-0.22339187719269946,0
2019-02-04 14:50:00,2019-02-04 14:50:00,,608.3390721838944,,,-998.9467098786445,-1.0,0
2019-02-05 12:00:00,2019-02-05 12:00:00,,609.7,,,731.1999999999584,0.7317559232388542,0
2019-02-05 13:45:00,2019-02-05 13:45:00,,612.7978347116143,,,-999.4518188042508,-1.0,0
2019-02-05 13:55:00,2019-02-05 13:55:00,,614.6476227870552,,,-998.4594089554414,-1.0,0
2019-02-05 14:20:00,2019-02-05 14:20:00,,614.85,,,-774.400000000011,-0.7752337125005523,0
2019-02-05 14:35:00,2019-02-05 14:35:00,,613.7,,,91.79999999996869,0.09198023017190585,0
2019-02-06 12:00:00,2019-02-06 12:00:00,,619.8,,,50.600000000011505,0.050646772039305406,0
2019-02-06 12:10:00,2019-02-06 12:10:00,,618.95,,,442.8499999999526,0.4431043686465124,0
2019-02-06 12:25:00,2019-02-06 12:25:00,,619.35,,,504.4499999999638,0.504468395837784,0
2019-02-13 15:25:00,2019-02-13 15:25:00,,584.6,,,265.8000000000101,0.26599495131341866,0
2019-02-14 09:20:00,2019-02-14 09:20:00,,579.9161467199049,,,-998.338192357498,-1.0,0
2019-02-14 09:30:00,2019-02-14 09:30:00,,582.35,,,0.0,0.0,0
2019-02-14 09:45:00,2019-02-14 09:45:00,,582.6,,,159.19999999999095,0.15940828483981145,0
2019-02-14 09:55:00,2019-02-14 09:55:00,,577.340467868599,,,-999.9840814067629,-1.0,0
2019-02-14 10:05:00,2019-02-14 10:05:00,,576.95,,,330.6000000000158,0.3308099567891644,0
2019-02-14 10:15:00,2019-02-14 10:15:00,,576.9,,,139.1999999999921,0.13947101499894837,0
2019-02-14 10:25:00,2019-02-14 10:25:00,,579.25,,,311.1000000000083,0.31139399925612415,0
2019-02-19 15:25:00,2019-02-19 15:25:00,,573.9,,,672.0,0.6734567052622953,0
2019-02-25 13:05:00,2019-02-25 13:05:00,,578.25,,,169.0,0.16921299697391037,0
2019-02-26 14:40:00,2019-02-26 14:40:00,,580.65,,,571.2000000000371,0.5720558491443585,0
2019-02-27 12:15:00,2019-02-27 12:15:00,,574.75,,,1014.0,1.015755823105948,0
2019-03-06 13:15:00,2019-03-06 13:15:00,,599.95,,,415.7999999999895,0.4161871293508983,0
2019-03-06 13:45:00,2019-03-06 13:45:00,,598.4,,,497.2000000000103,0.49744156582101956,0
2019-03-07 09:30:00,2019-03-07 09:30:00,,602.2,,,218.9999999999668,0.21926941228486008,0
2019-03-11 13:15:00,2019-03-11 13:15:00,,609.6,,,224.0,0.22410229626931233,0
2019-03-12 15:05:00,2019-03-12 15:05:00,,629.0,,,166.1999999999748,0.16623704172999337,0
2019-03-13 09:35:00,2019-03-13 09:35:00,,632.15,,,47.999999999992724,0.048116050760553086,0
2019-03-13 09:45:00,2019-03-13 09:45:00,,632.95,,,-567.6000000000313,-0.5677656387892898,0
2019-03-13 09:55:00,2019-03-13 09:55:00,,631.3,,,445.0,0.4456889413610634,0
2019-03-13 13:35:00,2019-03-13 13:35:00,,634.55,,,608.6000000000163,0.6089828335957996,0
2019-03-14 09:25:00,2019-03-14 09:25:00,,639.6,,,-69.14999999998952,-0.06917054917678495,0
2019-03-14 09:45:00,2019-03-14 09:45:00,,641.7,,,-613.6000000000322,-0.6144106785844171,0
2019-03-14 15:20:00,2019-03-14 15:20:00,,631.5,,,-134.39999999997963,-0.13462150730963318,0
2019-03-15 14:45:00,2019-03-15 14:45:00,,635.0,,,95.84999999998547,0.09589365578656942,0
2019-03-15 15:05:00,2019-03-15 15:05:00,,624.7325293498419,,,-999.9545567197171,-1.0,0
2019-03-22 15:10:00,2019-03-22 15:10:00,,632.7,,,344.8000000000294,0.3452614093910846,0
2019-03-25 09:20:00,2019-03-25 09:20:00,,625.55,,,180.69999999999368,0.18120956143499453,0
2019-04-01 14:35:00,2019-04-01 14:35:00,,663.85,,,-706.1500000000221,-0.7063152973119897,0
2019-04-08 12:20:00,2019-04-08 12:20:00,,630.4,,,711.25,0.7118391738308283,0
2019-04-16 13:45:00,2019-04-16 13:45:00,,636.35,,,1183.200000000037,1.1835761673978367,0
2019-05-06 14:35:00,2019-05-06 14:35:00,,652.4,,,-289.19999999998356,-0.2894584983117411,0
2019-05-06 14:55:00,2019-05-06 14:55:00,,651.25,,,261.59999999998513,0.26172211260048917,0
2019-05-07 09:50:00,2019-05-07 09:50:00,,646.35,,,-442.74999999999125,-0.4430601083742839,0
2019-05-07 14:35:00,2019-05-07 14:35:00,,639.3,,,-120.80000000002747,-0.12084495274630717,0
2019-05-07 14:50:00,2019-05-07 14:50:00,,637.5,,,-717.5999999999749,-0.7176577973390269,0
2019-05-07 15:00:00,2019-05-07 15:00:00,,636.4,,,-105.60000000002401,-0.10576449882632818,0
2019-05-07 15:10:00,2019-05-07 15:10:00,,634.1,,,308.0999999999892,0.3083977129879876,0
2019-05-08 09:20:00,2019-05-08 09:20:00,,628.0,,,36.5000000000083,0.03653339660944405,0
2019-05-08 09:30:00,2019-05-08 09:30:00,,624.1875487772214,,,-998.4201840863949,-1.0,0
2019-05-08 11:40:00,2019-05-08 11:40:00,,617.5,,,-248.4000000000094,-0.24888482352873145,0
2019-05-08 11:50:00,2019-05-08 11:50:00,,617.35,,,42.00000000000955,0.042020196492179834,0
2019-05-08 12:00:00,2019-05-08 12:00:00,,619.5,,,777.0,0.7782409230504858,0
2019-05-09 09:20:00,2019-05-09 09:20:00,,601.0779468980493,,,-999.6866561384122,-1.0,0
2019-05-09 09:30:00,2019-05-09 09:30:00,,595.4850664580118,,,-999.928850703131,-1.0,0
2019-05-09 09:40:00,2019-05-09 09:40:00,,596.5,,,-357.0,-0.35765389181160023,0
2019-05-09 09:50:00,2019-05-09 09:50:00,,598.2,,,35.25000000002137,0.03538711820221501,0
2019-05-09 13:10:00,2019-05-09 13:10:00,,593.9,,,149.99999999997726,0.150282866048044,0
2019-05-09 13:25:00,2019-05-09 13:25:00,,593.4,,,345.09999999996637,0.345742509423853,0
2019-05-09 13:45:00,2019-05-09 13:45:00,,591.05,,,-456.9500000000219,-0.4575443130437902,0
2019-05-09 13:55:00,2019-05-09 13:55:00,,593.3,,,735.0,0.73648221764759,0
2019-05-10 13:30:00,2019-05-10 13:30:00,,588.8514166855174,,,-998.9256576937428,-1.0,0
2019-05-13 15:00:00,2019-05-13 15:00:00,,583.7,,,-331.9999999999811,-0.33224598860002763,0
2019-05-13 15:10:00,2019-05-13 15:10:00,,581.4,,,-56.39999999999145,-0.056470326708445845,0
2019-05-13 15:20:00,2019-05-13 15:20:00,,580.1,,,-376.0,-0.3762116541836012,0
2019-05-14 09:15:00,2019-05-14 09:15:00,,585.8792369116346,,,1999.185447890946,2.000000000000044,0
2019-05-20 13:30:00,2019-05-20 13:30:00,,626.662974470965,,,-999.0602872173553,-1.0,0
2019-05-20 13:50:00,2019-05-20 13:50:00,,625.6,,,402.4999999999608,0.402782572456433,0
2019-05-21 09:20:00,2019-05-21 09:20:00,,634.0519350027516,,,-998.9524059988596,-1.0,0
2019-05-23 10:10:00,2019-05-23 10:10:00,,651.5,,,-248.0,-0.24842700665225523,0
2019-05-23 14:05:00,2019-05-23 14:05:00,,635.5,,,400.75,0.400918863883815,0
2019-05-23 15:10:00,2019-05-23 15:10:00,,629.0,,,-377.8499999999948,-0.37801552087215895,0
2019-05-24 10:10:00,2019-05-24 10:10:00,,623.4,,,-64.2000000000146,-0.06432396843287104,0
2019-05-27 15:15:00,2019-05-27 15:15:00,,617.85,,,-169.99999999999034,-0.17016799786744502,0
2019-06-13 12:00:00,2019-06-13 12:00:00,,619.6,,,667.5,0.6687307409196157,0
2019-06-17 15:10:00,2019-06-17 15:10:00,,605.0,,,-310.9500000000314,-0.3109934829545744,0
2019-06-18 09:35:00,2019-06-18 09:35:00,,601.45,,,-421.7999999999697,-0.42232773643183114,0
2019-06-18 09:45:00,2019-06-18 09:45:00,,601.15,,,255.00000000000966,0.2553025213052997,0
2019-06-19 14:35:00,2019-06-19 14:35:00,,599.4,,,21.399999999980537,0.02144462435719835,0
2019-06-19 14:45:00,2019-06-19 14:45:00,,596.65,,,-538.6500000000091,-0.5388857767723266,0
2019-06-25 15:00:00,2019-06-25 15:00:00,,611.35,,,-281.70000000002847,-0.28207958078165757,0
2019-06-28 14:50:00,2019-06-28 14:50:00,,592.75,,,-161.5,-0.1615399345103617,0
2019-06-28 15:00:00,2019-06-28 15:00:00,,592.4,,,64.40000000001464,0.06447469498410341,0
2019-06-28 15:10:00,2019-06-28 15:10:00,,590.7338350016804,,,-999.2132689278731,-1.0,0
2019-06-28 15:20:00,2019-06-28 15:20:00,,591.3,,,-110.00000000002501,-0.11014890525065808,0
2019-07-03 13:20:00,2019-07-03 13:20:00,,606.25,,,-396.45000000004006,-0.39661312994518777,0
2019-07-03 14:00:00,2019-07-03 14:00:00,,606.4,,,-277.200000000018,-0.27739718071755315,0
2019-07-03 14:10:00,2019-07-03 14:10:00,,605.7,,,492.59999999992533,0.4929119597191411,0
2019-07-03 14:25:00,2019-07-03 14:25:00,,606.45,,,566.25,0.5669599147926287,0
2019-07-08 09:20:00,2019-07-08 09:20:00,,592.2,,,674.0,0.6755940948576539,0
2019-07-12 13:30:00,2019-07-12 13:30:00,,612.6,,,167.19999999994297,0.16730976945643616,0
2019-07-12 13:40:00,2019-07-12 13:40:00,,612.5,,,255.2999999999613,0.25532415963923805,0
2019-07-18 15:00:00,2019-07-18 15:00:00,,595.15,,,-125.60000000002856,-0.12571943892871906,0
2019-07-23 14:45:00,2019-07-23 14:45:00,,595.3789932608144,,,-998.1938371971568,-1.0,0
2019-07-25 12:15:00,2019-07-25 12:15:00,,587.2,,,1098.0,1.0985482380423575,0
2019-07-25 15:05:00,2019-07-25 15:05:00,,579.7,,,-610.3999999999901,-0.6116088592951315,0
2019-07-26 10:05:00,2019-07-26 10:05:00,,577.0,,,406.5,0.4070713483486594,0
2019-07-26 12:35:00,2019-07-26 12:35:00,,574.6,,,481.80000000000996,0.4826226815205207,0
2019-07-30 13:15:00,2019-07-30 13:15:00,,567.15,,,74.24999999998875,0.07437524684577608,0
2019-07-30 13:25:00,2019-07-30 13:25:00,,568.2,,,851.4000000000469,0.8525913235325246,0
2019-07-30 14:40:00,2019-07-30 14:40:00,,559.6,,,325.60000000002776,0.3260482072904374,0
2019-07-30 14:50:00,2019-07-30 14:50:00,,556.8,,,-568.5,-0.5696983183587302,0
2019-07-30 15:00:00,2019-07-30 15:00:00,,557.3,,,358.1499999999743,0.358509650527884,0
2019-07-30 15:10:00,2019-07-30 15:10:00,,557.2,,,-57.59999999999127,-0.057638451518893755,0
2019-07-30 15:20:00,2019-07-30 15:20:00,,557.75,,,258.049999999991,0.2582289885259912,0
2019-07-31 09:15:00,2019-07-31 09:15:00,,553.2368743311285,,,-997.4883664625945,-1.0,0
2019-07-31 09:25:00,2019-07-31 09:25:00,,555.2,,,103.50000000002353,0.10370036809281782,0
2019-07-31 13:45:00,2019-07-31 13:45:00,,550.2,,,-93.59999999996808,-0.09362581970273227,0
2019-08-01 09:20:00,2019-08-01 09:20:00,,548.1,,,648.0000000000092,0.6493780471375818,0
2019-08-01 11:15:00,2019-08-01 11:15:00,,544.25,,,276.50000000001796,0.27701200334589127,0
2019-08-08 09:15:00,2019-08-08 09:15:00,,526.5567281318386,,,1996.115262185627,2.0,0
2019-08-08 09:40:00,2019-08-08 09:40:00,,518.95,,,261.6000000000223,0.2621697112214182,0
2019-08-13 10:20:00,2019-08-13 10:20:00,,608.2418432094152,,,1993.225422155785,2.0,0
2019-08-14 13:15:00,2019-08-14 13:15:00,,610.8,,,522.900000000034,0.5235405376473088,0
2019-08-14 13:30:00,2019-08-14 13:30:00,,611.15,,,-71.84999999998911,-0.07199833262261203,0
2019-08-14 13:40:00,2019-08-14 13:40:00,,611.6,,,194.79999999998893,0.1948593483858984,0
2019-08-22 12:40:00,2019-08-22 12:40:00,,585.4,,,-467.4000000000224,-0.4676018509495791,0
2019-08-23 09:30:00,2019-08-23 09:30:00,,580.2,,,-588.1999999999764,-0.5893818063185808,0
2019-08-23 09:40:00,2019-08-23 09:40:00,,580.2,,,315.9000000000319,0.31623676462582534,0
2019-08-30 11:50:00,2019-08-30 11:50:00,,577.9,,,475.2000000000098,0.47593617079663525,0
2019-08-30 12:00:00,2019-08-30 12:00:00,,578.3,,,324.75,0.3252042622737213,0
2019-08-30 12:10:00,2019-08-30 12:10:00,,578.8,,,402.29999999998984,0.4024823952973761,0
2019-08-30 12:20:00,2019-08-30 12:20:00,,578.6,,,569.4000000000299,0.57014389019733,0
2019-09-03 13:50:00,2019-09-03 13:50:00,,577.85,,,1237.600000000033,1.2391446214873902,0
2019-09-03 15:10:00,2019-09-03 15:10:00,,570.0,,,-207.45000000002096,-0.20759232967623742,0
2019-09-03 15:20:00,2019-09-03 15:20:00,,567.55,,,-557.5,-0.5586362695659381,0
2019-09-04 09:15:00,2019-09-04 09:15:00,,566.5,,,-22.0999999999799,-0.022142987804623922,0
2019-09-04 09:25:00,2019-09-04 09:25:00,,561.5,,,-625.6000000000167,-0.625979676750046,0
2019-09-04 12:40:00,2019-09-04 12:40:00,,562.25,,,503.25,0.5039447444164089,0
2019-09-19 13:05:00,2019-09-19 13:05:00,,555.7179311423273,,,-999.5461596606417,-1.0,0
2019-09-19 13:15:00,2019-09-19 13:15:00,,556.6,,,335.750000000009,0.33589072862881025,0
2019-09-20 11:50:00,2019-09-20 11:50:00,,594.55,,,-49.699999999987085,-0.04977242628615299,0
2019-09-24 14:10:00,2019-09-24 14:10:00,,608.9,,,809.6000000000115,0.8101418975011246,0
2019-10-01 14:00:00,2019-10-01 14:00:00,,613.0385204625843,,,-999.027533823375,-1.0,0
2019-10-01 14:10:00,2019-10-01 14:10:00,,612.8,,,-533.9000000000256,-0.5339718498563564,0
2019-10-01 14:45:00,2019-10-01 14:45:00,,613.3,,,-229.50000000000614,-0.22980352365625228,0
2019-10-04 13:50:00,2019-10-04 13:50:00,,615.7170829796929,,,-999.9176548945018,-1.0,0
2019-10-07 09:20:00,2019-10-07 09:20:00,,618.0,,,720.0000000000102,0.7208453696174729,0
2019-10-07 14:10:00,2019-10-07 14:10:00,,617.9,,,370.1499999999694,0.37035347660537604,0
2019-10-10 13:55:00,2019-10-10 13:55:00,,644.6,,,-203.40000000004625,-0.20367260111397753,0
2019-10-10 14:05:00,2019-10-10 14:05:00,,642.9,,,687.7500000000447,0.6882277544428311,0
2019-10-18 10:45:00,2019-10-18 10:45:00,,672.5,,,-121.79999999998154,-0.12185043965291203,0
2019-10-23 14:50:00,2019-10-23 14:50:00,,654.7,,,58.50000000003547,0.058543188163749815,0
2019-10-29 12:55:00,2019-10-29 12:55:00,,696.65,,,-310.7499999999743,-0.3107792351078428,0
2019-10-29 13:05:00,2019-10-29 13:05:00,,695.6,,,404.5999999999606,0.4050939006194006,0
2019-11-11 12:00:00,2019-11-11 12:00:00,,673.5,,,-396.9000000000258,-0.3975816472966752,0
2019-11-11 12:20:00,2019-11-11 12:20:00,,673.25,,,84.14999999998724,0.08428489544111858,0
2019-11-11 12:30:00,2019-11-11 12:30:00,,673.7,,,667.2000000000253,0.6683420041259689,0
2019-11-15 15:20:00,2019-11-15 15:20:00,,691.95,,,-162.59999999997535,-0.16263541033012477,0
2019-11-26 12:40:00,2019-11-26 12:40:00,,740.95,,,-512.2000000000717,-0.5128155113912429,0
2019-11-26 12:50:00,2019-11-26 12:50:00,,740.8,,,0.0,0.0,0
2019-11-26 13:00:00,2019-11-26 13:00:00,,740.15,,,295.7500000000192,0.2958700807144064,0
2019-11-26 13:15:00,2019-11-26 13:15:00,,739.7,,,814.4999999999794,0.8146341829860242,0
2019-11-27 15:00:00,2019-11-27 15:00:00,,740.7704982588772,,,-998.6102759906435,-1.0,0
2019-12-02 09:35:00,2019-12-02 09:35:00,,757.6,,,-88.39999999999498,-0.08868952227495133,0
2019-12-02 09:45:00,2019-12-02 09:45:00,,754.85,,,339.29999999998404,0.34000927943949644,0
2019-12-04 13:10:00,2019-12-04 13:10:00,,727.8,,,-402.05000000001075,-0.40223293610822947,0
2019-12-04 13:20:00,2019-12-04 13:20:00,,725.6,,,-595.3999999999792,-0.5963632544678169,0
2019-12-04 13:30:00,2019-12-04 13:30:00,,727.2,,,1009.70000000003,1.0115570024975546,0
2019-12-04 13:40:00,2019-12-04 13:40:00,,727.1,,,611.2000000000087,0.6124292878239278,0
2019-12-04 13:50:00,2019-12-04 13:50:00,,726.5,,,-265.30000000001723,-0.26562360454001843,0
2019-12-05 14:35:00,2019-12-05 14:35:00,,732.85,,,212.4500000000138,0.212580740886435,0
2019-12-12 14:55:00,2019-12-12 14:55:00,,740.4,,,0.0,0.0,0
2019-12-16 15:05:00,2019-12-16 15:05:00,,739.7,,,35.50000000004843,0.03551120533561758,0
2019-12-16 15:15:00,2019-12-16 15:15:00,,739.0,,,-201.2999999999695,-0.20140223860606618,0
2019-12-23 10:15:00,2019-12-23 10:15:00,,736.5,,,70.75,0.07099843160747865,0
2019-12-26 09:20:00,2019-12-26 09:20:00,,727.1,,,184.800000000012,0.18482958011021916,0
2019-12-26 09:30:00,2019-12-26 09:30:00,,730.0,,,1119.8000000000231,1.120292344859195,0
2019-12-26 12:05:00,2019-12-26 12:05:00,,724.55,,,150.0,0.1500448897013403,0
2019-12-26 15:05:00,2019-12-26 15:05:00,,715.7,,,-311.49999999996965,-0.3116952222718488,0
2019-12-26 15:15:00,2019-12-26 15:15:00,,714.4,,,-395.09999999999,-0.39565992603018424,0
2019-12-27 15:10:00,2019-12-27 15:10:00,,727.8,,,739.5,0.7405780261667053,0
2019-12-31 15:05:00,2019-12-31 15:05:00,,714.5077370394602,,,-999.9411392190382,-1.0,0
2019-12-31 15:15:00,2019-12-31 15:15:00,,715.25,,,553.349999999976,0.55379532192178,0
2020-01-10 14:55:00,2020-01-10 14:55:00,,728.4,,,362.40000000001373,0.36295980842173453,0
2020-01-13 14:20:00,2020-01-13 14:20:00,,728.4,,,787.1999999999553,0.787513039756595,0
2020-01-14 14:10:00,2020-01-14 14:10:00,,719.95,,,264.9500000000172,0.2649775260545332,0
2020-01-20 10:40:00,2020-01-20 10:40:00,,731.3,,,53.39999999998179,0.05354681389611736,0
2020-01-20 13:15:00,2020-01-20 13:15:00,,728.9,,,849.6000000000121,0.8501331672911754,0
2020-01-22 14:30:00,2020-01-22 14:30:00,,723.95,,,524.0000000000447,0.5243297587708438,0
2020-01-27 14:50:00,2020-01-27 14:50:00,,712.5,,,865.5,0.8663930973098882,0
2020-01-28 10:25:00,2020-01-28 10:25:00,,704.4,,,-212.0,-0.21224935114811264,0
2020-01-28 10:35:00,2020-01-28 10:35:00,,704.55,,,260.3999999999605,0.26041225693571907,0
2020-01-28 14:00:00,2020-01-28 14:00:00,,696.3,,,-698.1000000000366,-0.6981198755956798,0
2020-01-28 14:15:00,2020-01-28 14:15:00,,695.3,,,-47.00000000001069,-0.047081381625804296,0
2020-01-28 14:25:00,2020-01-28 14:25:00,,694.75,,,70.64999999998929,0.07070657203961203,0
2020-01-28 14:40:00,2020-01-28 14:40:00,,695.3,,,179.1999999999898,0.179447228704324,0
2020-01-28 14:50:00,2020-01-28 14:50:00,,695.1,,,225.5,0.2258780553810555,0
2020-01-28 15:00:00,2020-01-28 15:00:00,,694.0,,,680.0000000000097,0.6814492788249675,0
2020-01-31 09:25:00,2020-01-31 09:25:00,,678.1,,,200.20000000002483,0.2002225483016083,0
2020-01-31 11:10:00,2020-01-31 11:10:00,,671.2,,,-77.9999999999734,-0.0781128969768817,0
2020-01-31 11:20:00,2020-01-31 11:20:00,,669.7,,,-283.4999999999724,-0.28395095477361043,0
2020-01-31 11:30:00,2020-01-31 11:30:00,,668.8,,,-360.90000000003647,-0.3616264007483732,0
2020-01-31 11:40:00,2020-01-31 11:40:00,,672.1,,,733.3999999999912,0.7350607064481368,0
2020-01-31 15:10:00,2020-01-31 15:10:00,,665.85,,,-21.249999999980673,-0.021292166092069995,0
2020-01-31 15:20:00,2020-01-31 15:20:00,,665.4,,,0.0,0.0,0
2020-02-01 09:20:00,2020-02-01 09:20:00,,660.7936835513001,,,-997.5139465825455,-1.0,0
2020-02-01 13:20:00,2020-02-01 13:20:00,,655.196065771729,,,-999.4071624373901,-1.0,0
2020-02-01 13:30:00,2020-02-01 13:30:00,,657.8,,,881.3999999999949,0.8822053999019813,0
2020-02-01 15:20:00,2020-02-01 15:20:00,,649.75,,,-352.000000000005,-0.3531962654865497,0
2020-02-03 09:15:00,2020-02-03 09:15:00,,646.8,,,-303.80000000001974,-0.30474328637673287,0
2020-02-03 09:25:00,2020-02-03 09:25:00,,652.3,,,611.8999999999952,0.6129681934544386,0
2020-02-03 09:40:00,2020-02-03 09:40:00,,650.65,,,248.3999999999951,0.24846555108940616,0
2020-02-12 14:25:00,2020-02-12 14:25:00,,692.3,,,248.70000000005655,0.24876868804935034,0
2020-02-12 14:35:00,2020-02-12 14:35:00,,692.4,,,-123.59999999998126,-0.12360534900166839,0
2020-02-12 14:45:00,2020-02-12 14:45:00,,691.4,,,1058.40000000004,1.058919449486373,0
2020-02-13 13:05:00,2020-02-13 13:05:00,,695.0,,,0.0,0.0,0
2020-02-13 13:15:00,2020-02-13 13:15:00,,695.05,,,180.5,0.18064289441912462,0
2020-02-20 15:15:00,2020-02-20 15:15:00,,700.7,,,-323.9499999999732,-0.3244432563163673,0
2020-02-24 09:20:00,2020-02-24 09:20:00,,692.65,,,242.89999999997633,0.24295528644254483,0
2020-02-24 09:30:00,2020-02-24 09:30:00,,693.3,,,1000.4999999999922,1.0011080662099738,0
2020-02-24 15:05:00,2020-02-24 15:05:00,,681.3,,,-535.6000000000281,-0.5364589239595958,0
2020-02-24 15:15:00,2020-02-24 15:15:00,,680.4,,,-575.3999999999907,-0.5766675599583553,0
2020-02-24 15:25:00,2020-02-24 15:25:00,,683.15,,,297.5999999999831,0.29821883752800515,0
2020-02-25 09:20:00,2020-02-25 09:20:00,,679.9,,,246.399999999986,0.2464601417125045,0
2020-02-25 14:05:00,2020-02-25 14:05:00,,670.3,,,-135.60000000003083,-0.13580515791291478,0
2020-02-25 14:20:00,2020-02-25 14:20:00,,670.5,,,177.5999999999899,0.17789370441473537,0
2020-02-25 15:10:00,2020-02-25 15:10:00,,668.5,,,814.0000000000168,0.8159794181064967,0
2020-02-26 09:20:00,2020-02-26 09:20:00,,662.6,,,104.39999999999407,0.10464514556938283,0
2020-02-26 09:30:00,2020-02-26 09:30:00,,661.0,,,-118.800000000012,-0.1189893676468637,0
2020-02-26 09:40:00,2020-02-26 09:40:00,,659.95,,,-41.24999999999375,-0.04125547220768497,0
2020-02-26 15:25:00,2020-02-26 15:25:00,,656.0,,,279.0,0.2796749681540648,0
2020-02-27 09:20:00,2020-02-27 09:20:00,,652.9,,,-158.400000000016,-0.15881742911555194,0
2020-02-27 09:35:00,2020-02-27 09:35:00,,650.1,,,-467.10000000000787,-0.4684060810336026,0
2020-02-28 14:25:00,2020-02-28 14:25:00,,629.8,,,-78.80000000001792,-0.0788192675119552,0
2020-02-28 14:40:00,2020-02-28 14:40:00,,631.3,,,385.3499999999833,0.3859842110968988,0
2020-02-28 14:55:00,2020-02-28 14:55:00,,628.4,,,-426.00000000001614,-0.4270393515012261,0
2020-03-02 14:45:00,2020-03-02 14:45:00,,629.3,,,473.1999999999923,0.4745696309138709,0
2020-03-02 15:05:00,2020-03-02 15:05:00,,620.85,,,-331.25,-0.3320409782351803,0
2020-03-02 15:15:00,2020-03-02 15:15:00,,621.65,,,857.7499999999947,0.8595802763277556,0
2020-03-04 13:35:00,2020-03-04 13:35:00,,619.8,,,-223.20000000000846,-0.22367283041137645,0
2020-03-04 13:45:00,2020-03-04 13:45:00,,620.2,,,284.8000000000243,0.28551101979912213,0
2020-03-04 14:00:00,2020-03-04 14:00:00,,619.2,,,124.25000000000807,0.12453312150129044,0
2020-03-04 14:10:00,2020-03-04 14:10:00,,619.35,,,441.25,0.44197974781730837,0
2020-03-05 15:15:00,2020-03-05 15:15:00,,617.5,,,83.69999999998731,0.08389203371558723,0
2020-03-09 09:45:00,2020-03-09 09:45:00,,555.9429595074059,,,1990.196883740988,1.9999999999999807,0
2020-03-09 10:50:00,2020-03-09 10:50:00,,545.3775359998541,,,1991.0514880243572,2.000000000000019,0
2020-03-09 13:10:00,2020-03-09 13:10:00,,527.4023106741275,,,-996.2824089954374,-1.0,0
2020-03-09 13:20:00,2020-03-09 13:20:00,,522.7,,,232.7000000000122,0.2339096472753678,0
2020-03-12 14:40:00,2020-03-12 14:40:00,,502.1,,,400.9000000000072,0.4015752487513714,0
2020-03-13 09:15:00,2020-03-13 09:15:00,,495.2009920147675,,,1999.7506050317265,2.0,0
2020-03-13 10:20:00,2020-03-13 10:20:00,,468.48359631541064,,,1992.426824171886,1.9999999999999942,0
2020-03-16 09:15:00,2020-03-16 09:15:00,,507.69820476838237,,,1999.3831136249937,1.9999999999999942,0
2020-03-16 14:15:00,2020-03-16 14:15:00,,485.9,,,334.3999999999929,0.33535652618928635,0
2020-03-16 14:25:00,2020-03-16 14:25:00,,489.6,,,1122.7000000000094,1.1277972478333187,0
2020-03-16 14:35:00,2020-03-16 14:35:00,,488.35,,,360.7500000000084,0.3609813426715711,0
2020-03-16 15:15:00,2020-03-16 15:15:00,,475.85,,,-696.5999999999922,-0.6983326461543844,0
2020-03-16 15:25:00,2020-03-16 15:25:00,,477.3,,,139.20000000000198,0.13923602978061295,0
2020-03-17 15:00:00,2020-03-17 15:00:00,,478.06636508634955,,,-997.3996810031042,-1.0,0
2020-03-17 15:10:00,2020-03-17 15:10:00,,474.7,,,-261.8000000000064,-0.2618609706180818,0
2020-03-17 15:20:00,2020-03-17 15:20:00,,475.3,,,180.00000000000682,0.18003529212039204,0
2020-03-18 09:15:00,2020-03-18 09:15:00,,487.1727995467244,,,1994.3055084383218,2.0000000000000115,0
2020-03-18 09:45:00,2020-03-18 09:45:00,,472.1,,,-253.5,-0.2539546647500834,0
2020-03-18 09:55:00,2020-03-18 09:55:00,,469.7,,,-493.0000000000058,-0.4938380318081912,0
2020-03-18 10:05:00,2020-03-18 10:05:00,,471.9,,,76.94999999999806,0.07717847722262947,0
2020-03-18 12:10:00,2020-03-18 12:10:00,,462.4,,,-185.0,-0.18576512628694705,0
2020-03-18 15:05:00,2020-03-18 15:05:00,,455.1,,,-42.999999999997556,-0.04314470730099901,0
2020-03-19 09:20:00,2020-03-19 09:20:00,,428.2,,,-439.2000000000028,-0.44183720667713566,0
2020-03-19 09:30:00,2020-03-19 09:30:00,,426.1,,,-139.69999999999567,-0.1400042961453121,0
2020-03-19 09:40:00,2020-03-19 09:40:00,,427.1,,,90.30000000000587,0.0905331852413835,0
2020-03-19 09:50:00,2020-03-19 09:50:00,,426.2,,,151.7999999999953,0.15265033460879632,0
2020-03-19 10:00:00,2020-03-19 10:00:00,,425.85,,,109.5,0.10974523750581465,0
2020-03-19 10:10:00,2020-03-19 10:10:00,,427.9,,,71.54999999999819,0.07178040398963047,0
2020-03-19 10:20:00,2020-03-19 10:20:00,,425.1,,,-32.39999999999816,-0.03245889298002786,0
2020-03-20 11:30:00,2020-03-20 11:30:00,,460.8173485160074,,,1996.9716714651404,2.0,0
2020-03-20 12:15:00,2020-03-20 12:15:00,,471.2623878210388,,,1991.0417468921833,2.0,0
2020-03-20 12:35:00,2020-03-20 12:35:00,,464.9098797488634,,,-999.83272746482,-1.0,0
2020-03-20 14:50:00,2020-03-20 14:50:00,,477.0,,,548.0,0.5496592194797135,0
2020-03-23 11:30:00,2020-03-23 11:30:00,,418.7,,,-459.20000000000255,-0.46053620528349265,0
2020-03-23 11:40:00,2020-03-23 11:40:00,,424.1,,,-31.79999999999518,-0.032092118825917997,0
2020-03-23 15:05:00,2020-03-23 15:05:00,,415.3,,,-175.2000000000025,-0.17541512682494934,0
2020-03-23 15:15:00,2020-03-23 15:15:00,,419.25,,,707.1999999999975,0.7075867292939434,0
2020-03-24 13:25:00,2020-03-24 13:25:00,,449.3905241328156,,,1987.550192320788,2.0,0
2020-03-25 13:40:00,2020-03-25 13:40:00,,497.0298680769585,,,1992.8569396188946,2.0000000000000058,0
2020-03-25 14:10:00,2020-03-25 14:10:00,,523.5103341027226,,,1990.6188020791687,2.0,0
2020-03-26 13:30:00,2020-03-26 13:30:00,,497.15,,,-66.00000000000563,-0.06612700809018654,0
2020-03-26 13:50:00,2020-03-26 13:50:00,,495.0,,,-182.39999999999827,-0.18331727556345823,0
2020-03-26 14:05:00,2020-03-26 14:05:00,,495.8,,,-118.5,-0.11898568490608445,0
2020-03-30 09:30:00,2020-03-30 09:30:00,,490.85,,,761.4500000000036,0.7630388830099888,0
2020-03-30 14:50:00,2020-03-30 14:50:00,,485.6,,,688.200000000005,0.6909655565963848,0
2020-03-31 11:40:00,2020-03-31 11:40:00,,513.9188453978628,,,1996.3429347982062,2.0000000000000107,0
2020-03-31 13:50:00,2020-03-31 13:50:00,,522.3956443299951,,,1996.4764175488522,2.0,0
2020-04-01 11:05:00,2020-04-01 11:05:00,,497.9,,,185.39999999999532,0.18572507815937034,0
2020-04-01 11:15:00,2020-04-01 11:15:00,,496.4,,,481.749999999993,0.4831751975810507,0
2020-04-08 09:55:00,2020-04-08 09:55:00,,573.3,,,538.2000000000027,0.5402640613419698,0
2020-04-08 10:25:00,2020-04-08 10:25:00,,576.8,,,190.6500000000084,0.1912593174406053,0
2020-04-13 09:35:00,2020-04-13 09:35:00,,560.15,,,-407.5500000000095,-0.4088433064942364,0
2020-04-13 09:45:00,2020-04-13 09:45:00,,559.1,,,-265.1999999999907,-0.26586544426578596,0
2020-04-13 09:55:00,2020-04-13 09:55:00,,559.0,,,348.1499999999952,0.3497415313140124,0
2020-04-13 10:20:00,2020-04-13 10:20:00,,558.4,,,204.24999999998533,0.20499010405272236,0
2020-04-15 13:45:00,2020-04-15 13:45:00,,559.3,,,-572.0,-0.5736973984751559,0
2020-04-15 13:55:00,2020-04-15 13:55:00,,558.6,,,-248.39999999999372,-0.24884999694356472,0
2020-04-15 14:05:00,2020-04-15 14:05:00,,554.7894817308983,,,-996.5030422720702,-1.0,0
2020-04-15 14:15:00,2020-04-15 14:15:00,,550.0,,,-371.20000000001164,-0.3722075003879474,0
2020-04-15 14:25:00,2020-04-15 14:25:00,,549.3,,,587.5,0.5891056408589054,0
2020-04-15 14:35:00,2020-04-15 14:35:00,,546.1,,,-324.7999999999847,-0.3259215968110341,0
2020-04-15 14:45:00,2020-04-15 14:45:00,,545.6,,,451.5000000000049,0.4525101079158101,0
2020-04-15 14:55:00,2020-04-15 14:55:00,,545.6,,,-41.799999999985744,-0.04188294288249942,0
2020-04-15 15:05:00,2020-04-15 15:05:00,,540.5,,,-712.7999999999902,-0.7151417294180071,0
2020-04-17 12:50:00,2020-04-17 12:50:00,,569.2,,,120.39999999996871,0.12042119749408763,0
2020-04-17 15:00:00,2020-04-17 15:00:00,,574.8,,,1050.600000000028,1.0514363479065527,0
2020-04-21 12:30:00,2020-04-21 12:30:00,,555.8,,,178.09999999999377,0.1784567472400456,0
2020-04-21 12:40:00,2020-04-21 12:40:00,,556.75,,,159.60000000000605,0.15999340018739658,0
2020-04-21 12:50:00,2020-04-21 12:50:00,,555.15,,,220.1500000000059,0.22066922465009126,0
2020-04-21 13:00:00,2020-04-21 13:00:00,,552.55,,,-281.4000000000183,-0.2814746487593004,0
2020-04-21 13:10:00,2020-04-21 13:10:00,,555.6,,,848.000000000012,0.848077816075083,0
2020-04-21 13:20:00,2020-04-21 13:20:00,,553.75,,,25.500000000005798,0.025562361083719957,0
2020-04-21 13:30:00,2020-04-21 13:30:00,,553.7,,,397.5,0.39784660130538596,0
2020-04-22 13:20:00,2020-04-22 13:20:00,,650.7915832104245,,,1998.7463033435738,1.9999999999999722,0
2020-04-23 12:45:00,2020-04-23 12:45:00,,647.75,,,148.95000000001505,0.14918302657360777,0
2020-04-24 12:05:00,2020-04-24 12:05:00,,675.4684075243546,,,1998.8655801144512,1.999999999999976,0
2020-04-24 12:45:00,2020-04-24 12:45:00,,692.2239516225069,,,1988.328066091126,2.0,0
2020-04-24 12:55:00,2020-04-24 12:55:00,,692.8,,,851.4000000000029,0.8558333677665467,0
2020-04-24 13:10:00,2020-04-24 13:10:00,,691.7,,,373.9999999999975,0.3756628620578088,0
2020-04-27 14:15:00,2020-04-27 14:15:00,,673.4486143726123,,,-996.8282762768567,-1.0,0
2020-04-27 14:25:00,2020-04-27 14:25:00,,673.8,,,50.19999999998288,0.0502381074170901,0
2020-05-06 14:25:00,2020-05-06 14:25:00,,686.7,,,576.3000000000154,0.57746046784518,0
2020-05-06 14:35:00,2020-05-06 14:35:00,,684.8,,,367.5,0.36763424076876383,0
2020-05-11 09:30:00,2020-05-11 09:30:00,,760.3514533282831,,,-995.1363056717852,-1.0,0
2020-05-12 11:50:00,2020-05-12 11:50:00,,706.7874440266112,,,-996.2004298528219,-1.0,0
2020-05-12 12:00:00,2020-05-12 12:00:00,,704.8,,,99.5,0.09991619686990423,0
2020-05-12 12:10:00,2020-05-12 12:10:00,,712.8,,,697.5,0.7007449717314401,0
2020-05-12 12:20:00,2020-05-12 12:20:00,,710.6,,,262.5,0.26263609120352227,0
2020-05-12 15:10:00,2020-05-12 15:10:00,,694.15,,,-689.1500000000041,-0.690599323843424,0
2020-05-12 15:20:00,2020-05-12 15:20:00,,698.6,,,242.1500000000076,0.24298330672611657,0
2020-05-13 12:50:00,2020-05-13 12:50:00,,702.2,,,701.25,0.7016999663541903,0
2020-05-14 13:30:00,2020-05-14 13:30:00,,690.1,,,767.9999999999927,0.7702829384651612,0
2020-05-14 13:40:00,2020-05-14 13:40:00,,689.55,,,15.24999999998613,0.01527765355745514,0
2020-05-14 13:50:00,2020-05-14 13:50:00,,692.0,,,692.2999999999863,0.6942643349915251,0
2020-05-14 14:00:00,2020-05-14 14:00:00,,686.95,,,-869.3999999999937,-0.8722208992896887,0
2020-05-14 14:10:00,2020-05-14 14:10:00,,682.4843698707072,,,-998.4856829696696,-1.0,0
2020-05-14 14:20:00,2020-05-14 14:20:00,,685.6,,,222.29999999999438,0.2227015462416938,0
2020-05-14 14:30:00,2020-05-14 14:30:00,,686.0,,,351.3999999999943,0.35151237861717993,0
2020-05-15 09:20:00,2020-05-15 09:20:00,,681.5,,,601.4000000000044,0.6044914637188912,0
2020-05-15 11:40:00,2020-05-15 11:40:00,,677.0,,,213.59999999998786,0.21365816192357212,0
2020-05-19 13:55:00,2020-05-19 13:55:00,,681.7,,,364.8000000000138,0.36569507466191076,0
2020-05-19 14:10:00,2020-05-19 14:10:00,,678.5,,,-189.79999999999336,-0.18994402194258664,0
2020-05-19 14:20:00,2020-05-19 14:20:00,,682.3,,,744.6499999999936,0.7471464701949417,0
2020-05-19 14:55:00,2020-05-19 14:55:00,,673.15,,,-438.89999999999395,-0.4392918383104575,0
2020-05-19 15:10:00,2020-05-19 15:10:00,,671.3,,,-195.20000000001664,-0.19565966920500738,0
2020-05-19 15:20:00,2020-05-19 15:20:00,,670.6,,,-244.0,-0.24452752676169856,0
2020-05-20 09:15:00,2020-05-20 09:15:00,,667.5518942142642,,,-999.8821290767565,-1.0,0
2020-06-02 13:00:00,2020-06-02 13:00:00,,731.65,,,-23.599999999978536,-0.023634425765082574,0
2020-06-03 12:35:00,2020-06-03 12:35:00,,736.2,,,523.0,0.5238163853080166,0
2020-06-04 11:30:00,2020-06-04 11:30:00,,750.6,,,-311.0,-0.3119294739045053,0
2020-06-04 14:00:00,2020-06-04 14:00:00,,756.55,,,-770.7999999999702,-0.7713110145173376,0
2020-06-04 14:10:00,2020-06-04 14:10:00,,754.3,,,236.8000000000202,0.23743094651855395,0
2020-06-05 09:20:00,2020-06-05 09:20:00,,763.35,,,524.4000000000042,0.5271604017742091,0
2020-06-05 15:20:00,2020-06-05 15:20:00,,751.9,,,-262.4000000000224,-0.2628319291639283,0
2020-06-09 09:30:00,2020-06-09 09:30:00,,740.45,,,-430.5,-0.4313457612289753,0
2020-06-09 09:40:00,2020-06-09 09:40:00,,740.7,,,137.50000000001705,0.137702892114715,0
2020-06-09 09:50:00,2020-06-09 09:50:00,,744.3,,,755.9999999999877,0.756543962290794,0
2020-06-09 14:45:00,2020-06-09 14:45:00,,732.05,,,193.69999999999322,0.19386741197664212,0
2020-06-09 14:55:00,2020-06-09 14:55:00,,733.5,,,532.0,0.5329609388896984,0
2020-06-12 09:20:00,2020-06-12 09:20:00,,722.7,,,466.20000000000505,0.46764013223398604,0
2020-06-18 12:50:00,2020-06-18 12:50:00,,778.05,,,105.75,0.10596293633999662,0
2020-06-19 13:30:00,2020-06-19 13:30:00,,826.5700592171797,,,1993.304626643394,2.0,0
2020-06-19 14:30:00,2020-06-19 14:30:00,,834.6033153191864,,,1998.613334049499,1.999999999999979,0
2020-06-19 14:45:00,2020-06-19 14:45:00,,846.3865023745581,,,1998.3759440423491,1.9999999999999787,0
2020-06-22 09:25:00,2020-06-22 09:25:00,,856.3,,,-290.0,-0.29184678317979046,0
2020-06-22 09:35:00,2020-06-22 09:35:00,,857.4,,,34.200000000007776,0.034444330397490903,0
2020-06-22 09:45:00,2020-06-22 09:45:00,,856.0,,,-147.5,-0.1478673582034033,0
2020-06-22 09:55:00,2020-06-22 09:55:00,,851.65,,,268.74999999999716,0.26916279801400456,0
2020-06-22 15:05:00,2020-06-22 15:05:00,,832.9,,,920.0000000000045,0.9220733692499302,0
2020-06-23 11:00:00,2020-06-23 11:00:00,,824.3,,,322.3999999999887,0.32271299030055967,0
2020-06-30 14:30:00,2020-06-30 14:30:00,,809.4,,,195.0000000000074,0.19534868895018165,0
2020-06-30 15:00:00,2020-06-30 15:00:00,,812.6,,,159.00000000000603,0.1595175945875195,0
2020-07-06 15:15:00,2020-07-06 15:15:00,,881.0,,,1067.8499999999922,1.0707664478260455,0
2020-07-07 11:40:00,2020-07-07 11:40:00,,868.8,,,66.5,0.06655265968227292,0
2020-07-07 11:55:00,2020-07-07 11:55:00,,868.4,,,-167.40000000000634,-0.16746746608976498,0
2020-07-07 14:00:00,2020-07-07 14:00:00,,863.9,,,-35.300000000008026,-0.03532220707821267,0
2020-07-07 14:10:00,2020-07-07 14:10:00,,864.55,,,951.8999999999696,0.9526285603870798,0
2020-07-08 15:20:00,2020-07-08 15:20:00,,855.5,,,185.40000000000703,0.1856713481928621,0
2020-07-09 09:30:00,2020-07-09 09:30:00,,852.85,,,-416.94999999998777,-0.4184418975351483,0
2020-07-09 09:40:00,2020-07-09 09:40:00,,856.0,,,538.0,0.5387295427600522,0
2020-07-14 09:15:00,2020-07-14 09:15:00,,919.1,,,1160.0,1.1602472337425283,0
2020-07-14 11:10:00,2020-07-14 11:10:00,,902.9,,,-230.40000000000873,-0.23140902851538292,0
2020-07-22 09:30:00,2020-07-22 09:30:00,,945.85,,,717.0999999999908,0.7198399807297259,0
2020-07-23 13:55:00,2020-07-23 13:55:00,,976.55,,,-176.39999999997326,-0.17641814394527822,0
2020-07-23 14:05:00,2020-07-23 14:05:00,,975.6,,,-346.7500000000166,-0.34733744327181776,0
2020-07-23 14:15:00,2020-07-23 14:15:00,,974.1,,,596.7499999999825,0.5971726313887956,0
2020-07-24 09:40:00,2020-07-24 09:40:00,,1009.4089994377182,,,1990.5299044120852,2.0,0
2020-07-24 09:50:00,2020-07-24 09:50:00,,1016.1,,,113.90000000000305,0.11399049307514338,0
2020-07-24 10:00:00,2020-07-24 10:00:00,,1021.25,,,158.75,0.15971912257540738,0
2020-07-24 10:10:00,2020-07-24 10:10:00,,1020.0,,,12.600000000002865,0.012604628356495985,0
2020-07-24 10:20:00,2020-07-24 10:20:00,,1013.3,,,615.9500000000029,0.6160217496280986,0
2020-07-24 10:30:00,2020-07-24 10:30:00,,1014.6,,,414.7999999999972,0.41798156953561516,0
2020-07-24 14:35:00,2020-07-24 14:35:00,,1021.35,,,999.6000000000045,1.002437494891408,0
2020-07-27 09:20:00,2020-07-27 09:20:00,,1044.5,,,381.0,0.3832268286746141,0
2020-07-27 13:10:00,2020-07-27 13:10:00,,1040.65,,,-165.75,-0.16577547152618777,0
2020-07-27 13:20:00,2020-07-27 13:20:00,,1037.3,,,254.40000000000964,0.25496946967930434,0
2020-07-27 13:40:00,2020-07-27 13:40:00,,1040.9,,,-333.2500000000391,-0.33474250469968114,0
2020-07-27 13:50:00,2020-07-27 13:50:00,,1042.3,,,-54.25,-0.05432723081603868,0
2020-07-28 12:50:00,2020-07-28 12:50:00,,1043.75,,,-132.30000000001337,-0.13268452451469268,0
2020-07-29 12:45:00,2020-07-29 12:45:00,,1012.3354055067698,,,1990.0021427002066,1.999999999999956,0
2020-07-29 14:10:00,2020-07-29 14:10:00,,1000.028620660107,,,1994.775178737111,2.0000000000000244,0
2020-07-29 14:50:00,2020-07-29 14:50:00,,994.2,,,401.80000000000746,0.4037757855053126,0
2020-08-03 10:15:00,2020-08-03 10:15:00,,961.0,,,-101.74999999999159,-0.10219621370086983,0
2020-08-03 15:05:00,2020-08-03 15:05:00,,959.3,,,428.3999999999828,0.4286924722936981,0
2020-08-03 15:15:00,2020-08-03 15:15:00,,957.4,,,210.59999999999468,0.21132647999218346,0
2020-08-04 09:15:00,2020-08-04 09:15:00,,964.768522284553,,,1992.7138705772732,2.0,0
2020-08-04 12:30:00,2020-08-04 12:30:00,,1005.5052711901855,,,1999.2858651782128,1.9999999999999765,0
2020-08-05 09:15:00,2020-08-05 09:15:00,,1038.8656188941593,,,1995.7426387369756,2.0,0
2020-08-05 09:25:00,2020-08-05 09:25:00,,1041.9,,,317.3999999999937,0.31831040583189574,0
2020-08-05 09:40:00,2020-08-05 09:40:00,,1035.35,,,609.0000000000191,0.609358902384021,0
2020-08-06 13:05:00,2020-08-06 13:05:00,,1028.15,,,596.2499999999693,0.5976913554248655,0
2020-08-07 14:45:00,2020-08-07 14:45:00,,1026.8,,,-146.5,-0.14670252576754933,0
2020-08-10 14:20:00,2020-08-10 14:20:00,,1009.45,,,231.75,0.2319109361813631,0
2020-08-10 14:30:00,2020-08-10 14:30:00,,1007.8,,,-210.00000000001364,-0.21040652786852967,0
2020-08-14 09:30:00,2020-08-14 09:30:00,,1025.2,,,-558.0,-0.559463008106282,0
2020-08-14 10:00:00,2020-08-14 10:00:00,,1026.9,,,-547.8000000000113,-0.548646982171689,0
2020-08-14 14:20:00,2020-08-14 14:20:00,,999.7225524984065,,,-998.9746378904067,-1.0,0
2020-08-17 09:20:00,2020-08-17 09:20:00,,991.8,,,-241.5,-0.24203949658748455,0
2020-08-24 11:20:00,2020-08-24 11:20:00,,988.9,,,304.7000000000063,0.30484472375121874,0
2020-08-26 09:50:00,2020-08-26 09:50:00,,981.1138138546537,,,-998.9249128771587,-1.0,0
2020-08-26 10:00:00,2020-08-26 10:00:00,,980.45,,,855.6000000000113,0.857343409030617,0
2020-08-27 15:10:00,2020-08-27 15:10:00,,1005.95,,,273.6000000000131,0.27415470191583763,0
2020-08-28 14:40:00,2020-08-28 14:40:00,,1013.15,,,407.5,0.4081625221679534,0
2020-08-31 14:40:00,2020-08-31 14:40:00,,992.0,,,-16.40000000000373,-0.01640554169601367,0
2020-09-07 09:45:00,2020-09-07 09:45:00,,978.5828901717776,,,-998.2668211782513,-1.0,0
2020-09-10 11:05:00,2020-09-10 11:05:00,,1060.5676932317083,,,1992.560929085542,1.9999999999999605,0
2020-09-10 12:20:00,2020-09-10 12:20:00,,1084.8019129713405,,,1994.311551583349,2.000000000000043,0
2020-09-10 12:40:00,2020-09-10 12:40:00,,1097.780398437486,,,1993.2657421851707,2.0000000000000377,0
2020-09-10 12:50:00,2020-09-10 12:50:00,,1092.0,,,928.1999999999907,0.9309529730896154,0
2020-09-10 14:20:00,2020-09-10 14:20:00,,1107.25,,,565.0,0.5676705776135472,0
2020-09-11 12:15:00,2020-09-11 12:15:00,,1110.45,,,419.9999999999818,0.42009734334450166,0
2020-09-11 12:50:00,2020-09-11 12:50:00,,1110.45,,,95.40000000000964,0.09570570818925776,0
2020-09-14 09:25:00,2020-09-14 09:25:00,,1120.7,,,429.5999999999756,0.42987804862125095,0
2020-09-14 14:10:00,2020-09-14 14:10:00,,1090.7813430579572,,,-998.6164689016828,-1.0,0
2020-09-14 14:20:00,2020-09-14 14:20:00,,1093.0,,,250.89999999999122,0.2518836848517592,0
2020-09-17 12:00:00,2020-09-17 12:00:00,,1097.45,,,589.1000000000249,0.590707910120693,0
2020-09-21 14:35:00,2020-09-21 14:35:00,,1078.45,,,-17.399999999984175,-0.01742220010663376,0
2020-09-21 15:25:00,2020-09-21 15:25:00,,1072.35,,,8.599999999992178,0.008646332713256424,0
2020-09-24 14:55:00,2020-09-24 14:55:00,,1041.8,,,89.19999999996958,0.0892682342338477,0
2020-09-24 15:05:00,2020-09-24 15:05:00,,1040.8,,,489.8999999999903,0.49007017837468564,0
2020-09-24 15:20:00,2020-09-24 15:20:00,,1038.9,,,65.70000000003984,0.06578733260298089,0
2020-09-29 10:25:00,2020-09-29 10:25:00,,1071.5,,,164.25,0.16425905517216086,0
2020-09-30 15:15:00,2020-09-30 15:15:00,,1062.2,,,-53.60000000001219,-0.05372603071987708,0
2020-10-05 13:20:00,2020-10-05 13:20:00,,1051.95,,,-17.949999999983675,-0.017964141632863972,0
2020-10-07 09:25:00,2020-10-07 09:25:00,,1064.6,,,384.25000000001205,0.3854079784737303,0
2020-10-07 10:25:00,2020-10-07 10:25:00,,1098.9,,,-129.6000000000131,-0.12987093835226207,0
2020-10-12 09:20:00,2020-10-12 09:20:00,,1072.9109707832085,,,-998.4743452006614,-1.0,0
2020-10-15 13:55:00,2020-10-15 13:55:00,,1062.75294070429,,,-999.008966600104,-1.0,0
2020-10-15 14:05:00,2020-10-15 14:05:00,,1059.1,,,-817.1500000000126,-0.8187157445293355,0
2020-10-15 14:15:00,2020-10-15 14:15:00,,1058.3,,,826.1999999999668,0.8274493581226032,0
2020-10-15 15:15:00,2020-10-15 15:15:00,,1051.4,,,30.750000000018645,0.030880499457929807,0
2020-10-15 15:25:00,2020-10-15 15:25:00,,1050.4,,,556.2000000000094,0.5586070812330051,0
2020-10-16 11:40:00,2020-10-16 11:40:00,,1043.25,,,-693.2500000000107,-0.6948338478843658,0
2020-10-16 11:50:00,2020-10-16 11:50:00,,1044.2,,,220.0,0.22012957787387089,0
2020-10-16 12:00:00,2020-10-16 12:00:00,,1045.25,,,386.75,0.3879192522384439,0
2020-10-16 12:10:00,2020-10-16 12:10:00,,1043.8,,,-130.80000000002974,-0.131242539473242,0
2020-10-16 12:20:00,2020-10-16 12:20:00,,1043.15,,,-310.4999999999791,-0.3115358894146282,0
2020-10-16 12:30:00,2020-10-16 12:30:00,,1044.3,,,291.60000000001105,0.2927687683832215,0
2020-10-16 14:20:00,2020-10-16 14:20:00,,1038.0,,,-195.99999999998886,-0.19643097600412684,0
2020-10-16 14:30:00,2020-10-16 14:30:00,,1040.9,,,583.2000000000221,0.5836536165141034,0
2020-10-16 14:45:00,2020-10-16 14:45:00,,1037.8,,,60.25,0.060331424618805966,0
2020-10-16 14:55:00,2020-10-16 14:55:00,,1037.25,,,12.899999999988268,0.012922820207565546,0
2020-10-21 13:35:00,2020-10-21 13:35:00,,1010.2378646176186,,,-997.3979070667838,-1.0,0
2020-10-21 14:00:00,2020-10-21 14:00:00,,1011.7,,,0.0,0.0,0
2020-10-21 14:15:00,2020-10-21 14:15:00,,1005.7376746249096,,,-998.958090021697,-1.0,0
2020-10-21 14:25:00,2020-10-21 14:25:00,,1003.9,,,321.0,0.32122968001523683,0
2020-10-22 09:35:00,2020-10-22 09:35:00,,1005.5,,,1172.9999999999961,1.1797377928853032,0
2020-10-26 09:20:00,2020-10-26 09:20:00,,990.3,,,-296.40000000001123,-0.2965847386753319,0
2020-10-26 13:30:00,2020-10-26 13:30:00,,976.25,,,-588.0,-0.5881355192315789,0
2020-10-26 13:40:00,2020-10-26 13:40:00,,975.6,,,91.5000000000208,0.09161228833507752,0
2020-10-26 13:50:00,2020-10-26 13:50:00,,972.3708203703239,,,-997.8165055699094,-1.0,0
2020-10-26 14:00:00,2020-10-26 14:00:00,,963.611574707065,,,-996.3558520419094,-1.0,0
2020-10-26 14:10:00,2020-10-26 14:10:00,,967.0,,,107.55000000001087,0.10785443509730971,0
2020-10-27 09:25:00,2020-10-27 09:25:00,,958.1,,,-495.0,-0.4974674349625357,0
2020-10-27 09:35:00,2020-10-27 09:35:00,,960.05,,,212.29999999998245,0.2124029481620275,0
2020-10-29 09:20:00,2020-10-29 09:20:00,,956.9,,,1220.0,1.2246238134501235,0
2020-11-02 12:25:00,2020-11-02 12:25:00,,911.7,,,754.600000000014,0.7592853157156458,0
2020-11-02 15:15:00,2020-11-02 15:15:00,,893.2,,,165.0,0.16564714172023146,0
2020-11-02 15:25:00,2020-11-02 15:25:00,,894.45,,,483.20000000000687,0.4861107468966964,0
2020-11-03 09:20:00,2020-11-03 09:20:00,,893.7,,,1516.2000000000078,1.5226825042840553,0
2020-11-03 15:10:00,2020-11-03 15:10:00,,875.2810946543593,,,-999.9542049804518,-1.0,0
2020-11-03 15:20:00,2020-11-03 15:20:00,,881.6,,,69.19999999999607,0.06957632963784109,0
2020-11-04 09:15:00,2020-11-04 09:15:00,,878.3469653119314,,,-997.9053479165457,-1.0,0
2020-11-06 09:35:00,2020-11-06 09:35:00,,955.8,,,18.700000000004252,0.018703357654595045,0
2020-11-06 09:45:00,2020-11-06 09:45:00,,957.25,,,303.7999999999911,0.3041326986167157,0
2020-11-06 09:55:00,2020-11-06 09:55:00,,956.1,,,143.49999999998602,0.144007725298329,0
2020-11-06 10:05:00,2020-11-06 10:05:00,,956.05,,,215.0,0.2156372885201417,0
2020-11-06 14:15:00,2020-11-06 14:15:00,,968.9,,,-69.99999999997613,-0.07011477154797946,0
2020-11-06 14:45:00,2020-11-06 14:45:00,,971.0,,,-309.0,-0.30951712616772936,0
2020-11-06 14:55:00,2020-11-06 14:55:00,,971.0,,,156.5,0.15652156949126936,0
2020-11-09 09:40:00,2020-11-09 09:40:00,,982.75,,,-717.7500000000038,-0.7198840546777591,0
2020-11-09 14:15:00,2020-11-09 14:15:00,,979.8,,,321.3000000000209,0.3216063740574151,0
2020-11-09 14:25:00,2020-11-09 14:25:00,,978.65,,,660.3000000000291,0.6604118574721614,0
2020-11-10 11:05:00,2020-11-10 11:05:00,,992.05,,,577.7000000000198,0.5786774030276005,0
2020-11-10 11:15:00,2020-11-10 11:15:00,,994.2,,,-546.3500000000101,-0.5471928334994751,0
2020-11-10 11:25:00,2020-11-10 11:25:00,,991.4,,,726.4000000000103,0.7273737434668982,0
2020-11-11 13:25:00,2020-11-11 13:25:00,,948.05,,,169.9999999999818,0.17016253933041575,0
2020-11-18 11:10:00,2020-11-18 11:10:00,,938.4,,,341.59999999999445,0.34292870803305253,0
2020-11-18 11:20:00,2020-11-18 11:20:00,,936.3,,,-23.200000000005275,-0.023270604618293732,0
2020-11-18 11:30:00,2020-11-18 11:30:00,,936.45,,,-11.949999999989132,-0.01196014420699555,0
2020-11-20 09:40:00,2020-11-20 09:40:00,,926.65,,,-573.4000000000128,-0.5735661601340515,0
2020-11-20 09:50:00,2020-11-20 09:50:00,,918.2806084106558,,,-994.6323113139266,-1.0,0
2020-11-20 10:00:00,2020-11-20 10:00:00,,920.8,,,560.8999999999928,0.5609584020126818,0
2020-11-20 14:40:00,2020-11-20 14:40:00,,908.4,,,516.0,0.5164985516830941,0
2020-11-20 14:50:00,2020-11-20 14:50:00,,905.7,,,395.2000000000056,0.39609388695062403,0
2020-11-20 15:00:00,2020-11-20 15:00:00,,906.75,,,-82.60000000000537,-0.08280359645666888,0
2020-11-20 15:10:00,2020-11-20 15:10:00,,905.9,,,-24.90000000000566,-0.02495413554201991,0
2020-11-20 15:20:00,2020-11-20 15:20:00,,905.1,,,-111.14999999998315,-0.11132252934968762,0
2020-11-25 14:15:00,2020-11-25 14:15:00,,926.9643781031908,,,-999.6479617895247,-1.0,0
2020-11-25 15:05:00,2020-11-25 15:05:00,,928.1,,,481.75000000001603,0.4835013059447922,0
2020-11-26 09:50:00,2020-11-26 09:50:00,,922.55,,,-60.90000000001385,-0.060963912662406174,0
2020-12-03 15:25:00,2020-12-03 15:25:00,,934.6,,,187.5,0.18793344856825042,0
2020-12-04 09:35:00,2020-12-04 09:35:00,,931.6,,,63.60000000001446,0.0636093976435572,0
2020-12-09 10:40:00,2020-12-09 10:40:00,,963.95,,,567.0,0.5685568308920206,0
2020-12-09 14:10:00,2020-12-09 14:10:00,,967.9750773701179,,,-999.4162382728293,-1.0,0
2020-12-10 09:40:00,2020-12-10 09:40:00,,956.05,,,303.44999999998686,0.3040211224280532,0
2020-12-11 14:20:00,2020-12-11 14:20:00,,949.6,,,1046.4000000000149,1.0477698065136178,0
2020-12-15 09:35:00,2020-12-15 09:35:00,,938.85,,,-232.5,-0.23267141581127937,0
2020-12-15 10:05:00,2020-12-15 10:05:00,,935.95,,,-319.1999999999862,-0.3195824149550379,0
2020-12-18 09:55:00,2020-12-18 09:55:00,,938.0,,,122.39999999999304,0.12261199515474003,0
2020-12-21 14:25:00,2020-12-21 14:25:00,,937.7087998570656,,,-997.5056340183751,-1.0,0
2020-12-30 09:55:00,2020-12-30 09:55:00,,943.55,,,138.39999999999213,0.13869407720211832,0
2021-01-04 09:20:00,2021-01-04 09:20:00,,942.9,,,-765.0000000000205,-0.7657399055953076,0
2021-01-04 10:10:00,2021-01-04 10:10:00,,941.75,,,-44.10000000001003,-0.044139423484013646,0
2021-01-04 10:20:00,2021-01-04 10:20:00,,942.25,,,238.1499999999803,0.2383623250712618,0
2021-01-06 13:35:00,2021-01-06 13:35:00,,913.9,,,84.19999999997128,0.08433459272302071,0
2021-01-06 13:45:00,2021-01-06 13:45:00,,910.7,,,-762.4499999999733,-0.7635836851676153,0
2021-01-06 13:55:00,2021-01-06 13:55:00,,911.7,,,341.0500000000163,0.34105166111341806,0
2021-01-06 14:10:00,2021-01-06 14:10:00,,911.85,,,290.69999999999266,0.2913244158026972,0
2021-01-06 14:25:00,2021-01-06 14:25:00,,909.8,,,-153.0,-0.15320530124957424,0
2021-01-06 14:35:00,2021-01-06 14:35:00,,909.15,,,-94.80000000002156,-0.09506525721029663,0
2021-01-08 15:10:00,2021-01-08 15:10:00,,922.2,,,0.0,0.0,0
2021-01-13 13:50:00,2021-01-13 13:50:00,,919.2,,,-157.49999999997613,-0.15781151845343735,0
2021-01-13 14:00:00,2021-01-13 14:00:00,,917.3,,,-196.80000000000746,-0.19729756445962637,0
2021-01-13 14:10:00,2021-01-13 14:10:00,,919.35,,,998.3000000000068,0.9992094139128599,0
2021-01-13 14:20:00,2021-01-13 14:20:00,,919.5,,,433.60000000000616,0.4345759823895261,0
2021-01-15 14:10:00,2021-01-15 14:10:00,,921.0,,,-159.60000000000605,-0.16001128342668494,0
2021-01-15 14:20:00,2021-01-15 14:20:00,,921.3,,,1085.0,1.0891244904724178,0
2021-01-15 15:00:00,2021-01-15 15:00:00,,922.1,,,96.30000000000973,0.09635510209794763,0
2021-01-20 13:50:00,2021-01-20 13:50:00,,977.5,,,434.1999999999848,0.43468223113441773,0
2021-01-27 09:20:00,2021-01-27 09:20:00,,905.7,,,-73.9999999999958,-0.07439961354026432,0
2021-01-27 15:25:00,2021-01-27 15:25:00,,900.8,,,227.19999999998709,0.22727753258149908,0
2021-01-28 12:50:00,2021-01-28 12:50:00,,895.9,,,365.2999999999872,0.36546013965751295,0
2021-01-28 13:00:00,2021-01-28 13:00:00,,895.8,,,-443.2000000000063,-0.4447533312046714,0
2021-01-28 13:10:00,2021-01-28 13:10:00,,896.5,,,-127.80000000001291,-0.12815530519839977,0
2021-01-28 14:35:00,2021-01-28 14:35:00,,895.15,,,-90.65000000000589,-0.0906549068633578,0
2021-01-28 14:45:00,2021-01-28 14:45:00,,893.7,,,-103.99999999999409,-0.10428661425465734,0
2021-01-28 14:55:00,2021-01-28 14:55:00,,893.3,,,319.19999999998186,0.3202664162967815,0
2021-01-29 14:50:00,2021-01-29 14:50:00,,891.1,,,128.0,0.12824205841078412,0
2021-01-29 15:00:00,2021-01-29 15:00:00,,882.9664020549741,,,-998.0783211910388,-1.0,0
2021-01-29 15:10:00,2021-01-29 15:10:00,,875.4660558535236,,,-996.7209410023302,-1.0,0
2021-01-29 15:20:00,2021-01-29 15:20:00,,874.8,,,-404.800000000012,-0.40489082219073796,0
2021-02-01 09:15:00,2021-02-01 09:15:00,,886.95,,,1317.5,1.3191639648251143,0
2021-02-04 09:20:00,2021-02-04 09:20:00,,919.55,,,1852.349999999984,1.858851800397844,0
2021-02-04 13:25:00,2021-02-04 13:25:00,,910.5,,,66.20000000001505,0.06638025375369232,0
2021-02-09 15:05:00,2021-02-09 15:05:00,,932.7,,,66.60000000001514,0.06670839743126461,0
2021-02-10 10:25:00,2021-02-10 10:25:00,,920.3,,,-575.1000000000097,-0.5761557198928934,0
2021-02-10 10:35:00,2021-02-10 10:35:00,,922.4,,,162.39999999999077,0.1630067438306689,0
2021-02-10 11:00:00,2021-02-10 11:00:00,,924.8,,,223.24999999998397,0.22361401802057088,0
2021-02-11 15:25:00,2021-02-11 15:25:00,,982.3,,,-64.39999999997804,-0.06441486508032278,0
2021-02-12 14:00:00,2021-02-12 14:00:00,,961.0835385501754,,,-999.9128998540455,-1.0,0
2021-02-18 14:05:00,2021-02-18 14:05:00,,988.95,,,531.2000000000075,0.5327694564182706,0
2021-02-19 14:15:00,2021-02-19 14:15:00,,990.7,,,590.4000000000224,0.592071982121483,0
2021-02-22 10:25:00,2021-02-22 10:25:00,,975.55,,,562.7999999999847,0.5648635857637575,0
2021-02-22 11:10:00,2021-02-22 11:10:00,,968.1,,,17.000000000003865,0.017097464337245554,0
2021-02-22 15:10:00,2021-02-22 15:10:00,,955.8886828553458,,,-998.8179690188922,-1.0,0
2021-02-22 15:20:00,2021-02-22 15:20:00,,953.45,,,340.80000000000484,0.34139367967924683,0
2021-02-23 09:15:00,2021-02-23 09:15:00,,962.3527802982336,,,1995.3061050149142,2.000000000000025,0
2021-02-26 11:25:00,2021-02-26 11:25:00,,995.15,,,924.0,0.9270259677726851,0
2021-03-09 12:35:00,2021-03-09 12:35:00,,1032.35,,,368.2999999999538,0.36906560108128134,0
2021-03-09 13:20:00,2021-03-09 13:20:00,,1023.9516737697115,,,-999.9365788812513,-1.0,0
2021-03-09 13:45:00,2021-03-09 13:45:00,,1028.8,,,420.0,0.4204623144715789,0
2021-03-12 13:45:00,2021-03-12 13:45:00,,1025.0,,,1104.600000000012,1.1063306256285226,0
2021-03-12 14:20:00,2021-03-12 14:20:00,,1013.0,,,-713.9999999999952,-0.7155014536928644,0
2021-03-12 14:30:00,2021-03-12 14:30:00,,1017.4,,,600.0,0.6020283802687941,0
2021-03-15 09:40:00,2021-03-15 09:40:00,,1000.8,,,-452.4000000000142,-0.4531769653517348,0
2021-03-15 11:15:00,2021-03-15 11:15:00,,995.2,,,-395.89999999998054,-0.3973369809949972,0
2021-03-15 11:50:00,2021-03-15 11:50:00,,995.85,,,561.0500000000104,0.5634479480499924,0
2021-03-17 14:05:00,2021-03-17 14:05:00,,974.95,,,-212.25,-0.2123867646474973,0
2021-03-17 14:15:00,2021-03-17 14:15:00,,972.2,,,-260.0,-0.2605209940274475,0
2021-03-17 14:25:00,2021-03-17 14:25:00,,975.7,,,669.6000000000113,0.6705735987049701,0
2021-03-17 14:35:00,2021-03-17 14:35:00,,974.3,,,195.99999999998886,0.19625458622689457,0
2021-03-17 14:45:00,2021-03-17 14:45:00,,974.8,,,-124.5,-0.12457081884159361,0
2021-03-18 13:35:00,2021-03-18 13:35:00,,967.5,,,-25.90000000000589,-0.025904272215913255,0
2021-03-18 14:00:00,2021-03-18 14:00:00,,962.9,,,-462.0,-0.46350870920742726,0
2021-03-18 14:10:00,2021-03-18 14:10:00,,960.6,,,-795.600000000005,-0.7981716382374947,0
2021-03-18 14:20:00,2021-03-18 14:20:00,,961.7,,,0.0,0.0,0
2021-03-18 14:45:00,2021-03-18 14:45:00,,958.0,,,-192.59999999999513,-0.19298085811007382,0
2021-03-18 15:00:00,2021-03-18 15:00:00,,955.1,,,-247.50000000000512,-0.24802442971041136,0
2021-03-19 09:30:00,2021-03-19 09:30:00,,948.8,,,75.14999999998861,0.07542903067789503,0
2021-03-19 09:40:00,2021-03-19 09:40:00,,948.5,,,212.5,0.2136318952330591,0
2021-03-25 11:00:00,2021-03-25 11:00:00,,957.5,,,-457.19999999998845,-0.4588999655439791,0
2021-03-25 11:10:00,2021-03-25 11:10:00,,960.2,,,625.0,0.6263665270856895,0
2021-03-25 15:15:00,2021-03-25 15:15:00,,948.25,,,177.5999999999899,0.17837985330116518,0
2021-03-25 15:25:00,2021-03-25 15:25:00,,949.9,,,780.99999999999,0.7832426798161376,0
2021-03-30 14:10:00,2021-03-30 14:10:00,,974.7,,,174.59999999997353,0.17464369203028532,0
2021-04-05 10:20:00,2021-04-05 10:20:00,,942.5,,,765.3999999999919,0.7668924360127245,0
2021-04-05 11:10:00,2021-04-05 11:10:00,,937.1,,,-341.25,-0.34278619125778237,0
2021-04-08 09:15:00,2021-04-08 09:15:00,,958.6968508097364,,,1999.7222028413905,2.0000000000000426,0
2021-04-12 13:30:00,2021-04-12 13:30:00,,909.5,,,180.00000000000682,0.1802488428152006,0
2021-04-12 13:40:00,2021-04-12 13:40:00,,907.9,,,-432.10000000001355,-0.4326344458096566,0
2021-04-12 13:50:00,2021-04-12 13:50:00,,907.1,,,-89.0999999999865,-0.08933271358581021,0
2021-04-12 14:00:00,2021-04-12 14:00:00,,913.3494005176984,,,1999.3141604865195,2.0,0
2021-04-19 09:20:00,2021-04-19 09:20:00,,902.3241806254101,,,-995.8093592827225,-1.0,0
2021-04-19 12:30:00,2021-04-19 12:30:00,,903.75,,,615.349999999982,0.6166629639679843,0
2021-04-20 14:55:00,2021-04-20 14:55:00,,902.8,,,596.7499999999825,0.5977255807037325,0
2021-04-27 11:55:00,2021-04-27 11:55:00,,947.45,,,-163.3500000000165,-0.16336161529965168,0
2021-04-27 12:05:00,2021-04-27 12:05:00,,946.3,,,259.70000000001687,0.2601408300214301,0
2021-04-27 14:40:00,2021-04-27 14:40:00,,951.3128495978981,,,-998.5074901028167,-1.0,0
2021-04-27 14:50:00,2021-04-27 14:50:00,,948.2,,,836.3999999999664,0.8375613969643324,0
2021-04-28 11:25:00,2021-04-28 11:25:00,,956.1,,,-146.70000000001482,-0.14682092200065686,0
2021-04-29 12:35:00,2021-04-29 12:35:00,,964.9,,,688.8000000000075,0.6905281996096762,0
2021-04-29 12:55:00,2021-04-29 12:55:00,,966.7,,,98.39999999998508,0.09853859637766374,0
2021-05-03 09:20:00,2021-05-03 09:20:00,,935.6,,,249.55000000001098,0.24970836266323057,0
2021-05-04 09:45:00,2021-05-04 09:45:00,,921.9,,,0.0,0.0,0
2021-05-04 09:55:00,2021-05-04 09:55:00,,924.2,,,565.8000000000168,0.5663470025746943,0
2021-05-04 14:45:00,2021-05-04 14:45:00,,915.0,,,166.95000000001687,0.16706458490212256,0
2021-05-04 14:55:00,2021-05-04 14:55:00,,911.25,,,-801.9499999999915,-0.8021499686220868,0
2021-05-04 15:05:00,2021-05-04 15:05:00,,912.7,,,36.20000000000823,0.03629326107338333,0
2021-05-18 12:20:00,2021-05-18 12:20:00,,950.8,,,972.5500000000334,0.9748353122542792,0
2021-05-24 15:05:00,2021-05-24 15:05:00,,947.45,,,274.9500000000278,0.27511468696830776,0
2021-05-24 15:20:00,2021-05-24 15:20:00,,945.1,,,-348.0000000000132,-0.34857411956932194,0
2021-05-25 09:15:00,2021-05-25 09:15:00,,949.6892795263151,,,1999.5895032627789,2.0000000000000617,0
2021-05-25 14:15:00,2021-05-25 14:15:00,,936.0,,,437.39999999998895,0.43745991700438736,0
2021-05-28 12:40:00,2021-05-28 12:40:00,,993.4550045020156,,,1990.4159139091796,2.0,0
2021-05-31 11:10:00,2021-05-31 11:10:00,,1040.5,,,46.199999999993,0.04634309937350693,0
2021-06-01 09:40:00,2021-06-01 09:40:00,,1045.4,,,109.89999999997144,0.11038453461793139,0
2021-06-04 11:20:00,2021-06-04 11:20:00,,1043.3,,,158.399999999976,0.1587070545850698,0
2021-06-09 13:30:00,2021-06-09 13:30:00,,1039.8515164433788,,,-999.5359256945574,-1.0,0
2021-06-09 14:40:00,2021-06-09 14:40:00,,1032.85,,,-705.6000000000458,-0.7066395561180121,0
2021-06-09 14:50:00,2021-06-09 14:50:00,,1034.9,,,803.8500000000106,0.8055290293801867,0
2021-06-09 15:00:00,2021-06-09 15:00:00,,1034.2,,,472.5000000000307,0.47270407241174156,0
2021-06-16 09:20:00,2021-06-16 09:20:00,,1068.0,,,325.3499999999781,0.32561138112302457,0
2021-06-16 11:00:00,2021-06-16 11:00:00,,1058.05,,,270.89999999998827,0.271347163373219,0
2021-06-17 09:20:00,2021-06-17 09:20:00,,1045.9,,,-329.99999999995,-0.330847061293588,0
2021-06-17 14:25:00,2021-06-17 14:25:00,,1043.95,,,1000.3499999999888,1.0011644343553026,0
2021-06-17 14:40:00,2021-06-17 14:40:00,,1047.1,,,713.899999999956,0.7144697366565085,0
2021-06-24 13:15:00,2021-06-24 13:15:00,,1032.0931373133174,,,1996.5195880987335,2.000000000000077,0
2021-06-25 10:05:00,2021-06-25 10:05:00,,996.7,,,209.60000000000298,0.20989874186645371,0
2021-06-28 15:05:00,2021-06-28 15:05:00,,992.0837710493406,,,-998.0333305764083,-1.0,0
2021-06-28 15:15:00,2021-06-28 15:15:00,,994.1,,,457.0,0.4574173687364678,0
2021-07-02 13:05:00,2021-07-02 13:05:00,,1012.8,,,353.50000000002296,0.35397569457541994,0
2021-07-02 13:15:00,2021-07-02 13:15:00,,1011.3,,,1144.8000000000434,1.1461883929852605,0
2021-07-05 14:55:00,2021-07-05 14:55:00,,1024.55,,,-35.34999999996785,-0.03538891198514238,0
2021-07-05 15:05:00,2021-07-05 15:05:00,,1024.2,,,215.6999999999673,0.21587856264075544,0
2021-07-05 15:25:00,2021-07-05 15:25:00,,1024.55,,,943.6500000000954,0.9437623458250108,0
2021-07-13 14:00:00,2021-07-13 14:00:00,,999.9,,,841.3999999999863,0.8422122085151209,0
2021-07-13 15:20:00,2021-07-13 15:20:00,,1001.2,,,101.39999999996542,0.10155238799149355,0
2021-07-14 14:25:00,2021-07-14 14:25:00,,993.65,,,391.2999999999863,0.3913938367863913,0
2021-07-14 15:20:00,2021-07-14 15:20:00,,992.85,,,-394.5499999999862,-0.3947527649538823,0
2021-07-15 09:15:00,2021-07-15 09:15:00,,996.4742392002491,,,1997.2859121519502,2.0000000000000693,0
2021-07-15 15:25:00,2021-07-15 15:25:00,,991.7,,,412.80000000001564,0.41321023132699375,0
2021-07-19 14:20:00,2021-07-19 14:20:00,,1000.25,,,-87.40000000001987,-0.08741830819266991,0
2021-07-19 14:30:00,2021-07-19 14:30:00,,999.1,,,0.0,0.0,0
2021-07-19 14:40:00,2021-07-19 14:40:00,,998.7,,,-41.79999999996198,-0.04184903696798544,0
2021-07-22 14:15:00,2021-07-22 14:15:00,,1006.2,,,948.7999999999461,0.9490018680394303,0
2021-07-23 09:20:00,2021-07-23 09:20:00,,1014.0,,,464.4000000000078,0.4649778456823774,0
2021-07-26 15:15:00,2021-07-26 15:15:00,,990.2,,,205.60000000004675,0.20577893370587877,0
2021-07-26 15:25:00,2021-07-26 15:25:00,,988.5,,,143.39999999997826,0.1436132849897131,0
2021-07-27 13:00:00,2021-07-27 13:00:00,,976.2,,,-575.0999999999613,-0.5763353358993054,0
2021-07-27 13:10:00,2021-07-27 13:10:00,,974.65,,,455.399999999991,0.4555483755460426,0
2021-07-28 10:50:00,2021-07-28 10:50:00,,964.6,,,131.19999999999254,0.131269388184211,0
2021-07-28 11:00:00,2021-07-28 11:00:00,,962.4,,,-502.5,-0.5038374352317354,0
2021-07-28 11:10:00,2021-07-28 11:10:00,,962.6,,,132.79999999999245,0.133086969127634,0
2021-07-30 14:50:00,2021-07-30 14:50:00,,972.658396164619,,,-998.3442755013143,-1.0,0
2021-07-30 15:00:00,2021-07-30 15:00:00,,969.857494652146,,,-997.9148797950455,-1.0,0
2021-07-30 15:10:00,2021-07-30 15:10:00,,970.7,,,256.2000000000097,0.25670779891346285,0
2021-07-30 15:20:00,2021-07-30 15:20:00,,970.0,,,360.8999999999909,0.361696553274571,0
2021-08-03 13:20:00,2021-08-03 13:20:00,,989.85,,,216.79999999998768,0.21698659835960307,0
2021-08-03 13:35:00,2021-08-03 13:35:00,,990.8,,,24.750000000033765,0.02476514309912753,0
2021-08-03 13:45:00,2021-08-03 13:45:00,,989.4,,,704.1999999999886,0.7051621149753892,0
2021-08-11 15:05:00,2021-08-11 15:05:00,,1010.0,,,-222.19999999998163,-0.22249716998697366,0
2021-08-17 12:45:00,2021-08-17 12:45:00,,1030.3,,,853.649999999963,0.8536875733940142,0
2021-08-24 14:15:00,2021-08-24 14:15:00,,1042.9,,,267.3999999999305,0.26769233354409033,0
2021-09-02 14:20:00,2021-09-02 14:20:00,,1098.05,,,197.99999999998363,0.1981398459633509,0
2021-09-03 13:30:00,2021-09-03 13:30:00,,1132.4,,,79.99999999997272,0.08004785630518887,0
2021-09-03 13:40:00,2021-09-03 13:40:00,,1133.4,,,185.3999999999719,0.18579768010771994,0
2021-09-06 09:20:00,2021-09-06 09:20:00,,1166.65,,,-180.90000000001828,-0.18130799826043356,0
2021-09-06 09:30:00,2021-09-06 09:30:00,,1177.95,,,-377.0,-0.38021770635141733,0
2021-09-06 09:40:00,2021-09-06 09:40:00,,1171.1,,,384.2000000000103,0.3874999566681273,0
2021-09-06 09:55:00,2021-09-06 09:55:00,,1179.0,,,-789.5999999999949,-0.7925679118679199,0
2021-09-06 10:05:00,2021-09-06 10:05:00,,1177.7,,,32.39999999999509,0.032464160296661264,0
2021-09-06 10:15:00,2021-09-06 10:15:00,,1176.4,,,255.1999999999789,0.25551499292178365,0
2021-09-06 14:35:00,2021-09-06 14:35:00,,1154.5,,,494.5000000000209,0.4950858501536232,0
2021-09-06 14:45:00,2021-09-06 14:45:00,,1151.5,,,158.20000000001028,0.15833574488190372,0
2021-09-09 14:40:00,2021-09-09 14:40:00,,1152.0,,,-359.1499999999703,-0.3594821225327224,0
2021-09-23 12:55:00,2021-09-23 12:55:00,,1188.2,,,-530.1000000000254,-0.5301464422603823,0
2021-09-23 13:30:00,2021-09-23 13:30:00,,1186.4,,,502.24999999998886,0.5026796598466968,0
2021-09-27 12:30:00,2021-09-27 12:30:00,,1195.4,,,377.2999999999688,0.3780437139903548,0
2021-09-27 13:05:00,2021-09-27 13:05:00,,1203.4,,,-303.30000000003065,-0.30331874384760266,0
2021-09-27 13:20:00,2021-09-27 13:20:00,,1202.7,,,226.1000000000147,0.22629368191739652,0
2021-09-28 09:45:00,2021-09-28 09:45:00,,1214.3,,,-89.9999999999693,-0.0900073759983528,0
2021-09-28 10:05:00,2021-09-28 10:05:00,,1218.4,,,158.25,0.15854483410864667,0
2021-09-28 10:15:00,2021-09-28 10:15:00,,1219.9,,,-41.800000000009504,-0.041996622102756315,0
2021-09-28 10:35:00,2021-09-28 10:35:00,,1220.3,,,-193.49999999997067,-0.19373565834861473,0
2021-09-30 09:30:00,2021-09-30 09:30:00,,1198.2,,,748.00000000002,0.7506188599279817,0
2021-10-05 14:15:00,2021-10-05 14:15:00,,1231.2,,,1209.4999999999732,1.2122856109122653,0
2021-10-05 15:20:00,2021-10-05 15:20:00,,1242.8,,,290.400000000011,0.29111991098731316,0
2021-10-06 13:40:00,2021-10-06 13:40:00,,1229.15,,,795.6000000000213,0.7956943724842248,0
2021-10-06 14:20:00,2021-10-06 14:20:00,,1226.3,,,310.4999999999791,0.3117271770709258,0
2021-10-06 14:30:00,2021-10-06 14:30:00,,1221.3,,,-458.0,-0.4591024142004846,0
2021-10-06 14:40:00,2021-10-06 14:40:00,,1222.25,,,33.00000000002001,0.03307945512952822,0
2021-10-06 14:50:00,2021-10-06 14:50:00,,1221.1,,,-45.20000000001028,-0.04537500841905123,0
2021-10-06 15:15:00,2021-10-06 15:15:00,,1218.9,,,-271.6999999999905,-0.27259367221787456,0
2021-10-06 15:25:00,2021-10-06 15:25:00,,1217.7,,,86.80000000001974,0.08713904577496413,0
2021-10-07 14:55:00,2021-10-07 14:55:00,,1226.8,,,39.89999999996371,0.039981293020612436,0
2021-10-07 15:05:00,2021-10-07 15:05:00,,1226.9,,,518.7000000000726,0.5197902965225104,0
2021-10-08 14:45:00,2021-10-08 14:45:00,,1277.3,,,-211.200000000008,-0.21136610229394423,0
2021-10-08 14:55:00,2021-10-08 14:55:00,,1278.0,,,-123.90000000000805,-0.12420811925813989,0
2021-10-11 14:20:00,2021-10-11 14:20:00,,1267.75,,,563.5500000000131,0.565321062608014,0
2021-10-12 15:20:00,2021-10-12 15:20:00,,1272.2,,,463.9999999999736,0.46497002819780453,0
2021-10-13 09:25:00,2021-10-13 09:25:00,,1276.3,,,-106.65000000001078,-0.10690215361682348,0
2021-10-13 09:50:00,2021-10-13 09:50:00,,1277.2,,,197.59999999998877,0.19805151831197923,0
2021-10-13 12:50:00,2021-10-13 12:50:00,,1288.4,,,-592.2000000000598,-0.5933392606306117,0
2021-10-13 13:50:00,2021-10-13 13:50:00,,1294.8,,,-133.5,-0.13383425760234244,0
2021-10-18 11:55:00,2021-10-18 11:55:00,,1299.7,,,128.5,0.12864993369135666,0
2021-10-18 13:50:00,2021-10-18 13:50:00,,1305.0,,,-23.899999999978263,-0.023995534016183227,0
2021-10-18 14:00:00,2021-10-18 14:00:00,,1306.35,,,223.2500000000107,0.2239332647192423,0
2021-10-18 14:10:00,2021-10-18 14:10:00,,1307.05,,,211.50000000002137,0.2121519097557981,0
2021-10-20 12:00:00,2021-10-20 12:00:00,,1289.4,,,39.600000000009004,0.03971554620078971,0
2021-10-20 12:20:00,2021-10-20 12:20:00,,1289.75,,,436.7999999999811,0.4374466012458778,0
2021-10-21 12:20:00,2021-10-21 12:20:00,,1246.5,,,-205.0,-0.20601888255090614,0
2021-10-21 12:30:00,2021-10-21 12:30:00,,1251.05,,,121.5,0.1215663253809859,0
2021-10-22 11:10:00,2021-10-22 11:10:00,,1262.2,,,773.4999999999923,0.7748660290787877,0
2021-10-26 13:45:00,2021-10-26 13:45:00,,1264.3,,,527.5,0.5291211396324738,0
2021-10-27 09:30:00,2021-10-27 09:30:00,,1271.1,,,591.5,0.5934178543388468,0
2021-10-27 14:40:00,2021-10-27 14:40:00,,1255.4,,,387.200000000033,0.3884541165409155,0
2021-10-27 15:05:00,2021-10-27 15:05:00,,1254.4,,,196.3500000000315,0.1965699560541721,0
2021-10-27 15:20:00,2021-10-27 15:20:00,,1249.9,,,-325.3499999999781,-0.3256864430234537,0
2021-10-28 09:15:00,2021-10-28 09:15:00,,1254.9,,,1285.2000000000344,1.290188666820597,0
2021-10-29 09:35:00,2021-10-29 09:35:00,,1212.485294954375,,,-998.8204618893731,-1.0,0
2021-10-29 13:05:00,2021-10-29 13:05:00,,1205.2779890862628,,,-995.2160408688435,-1.0,0
2021-10-29 14:10:00,2021-10-29 14:10:00,,1192.5660091457823,,,-994.436564112186,-1.0,0
2021-10-29 14:20:00,2021-10-29 14:20:00,,1199.7,,,407.70000000000687,0.40971820160534933,0
2021-11-03 14:20:00,2021-11-03 14:20:00,,1176.7,,,153.60000000003492,0.15382327980394797,0
2021-11-03 14:30:00,2021-11-03 14:30:00,,1175.6,,,317.5,0.31800711647057006,0
2021-11-08 13:50:00,2021-11-08 13:50:00,,1189.8,,,105.60000000002401,0.10567476084767193,0
2021-11-08 14:05:00,2021-11-08 14:05:00,,1192.0,,,-211.99999999998795,-0.21236577459750833,0
2021-11-15 13:15:00,2021-11-15 13:15:00,,1228.5,,,966.1499999999692,0.9672277692536093,0
2021-11-15 13:50:00,2021-11-15 13:50:00,,1226.4,,,331.0,0.3310752571873054,0
2021-11-16 11:00:00,2021-11-16 11:00:00,,1204.3,,,411.74999999997226,0.41279634688504246,0
2021-11-16 15:25:00,2021-11-16 15:25:00,,1190.1,,,-399.0,-0.39948256788355074,0
2021-11-17 09:20:00,2021-11-17 09:20:00,,1183.7,,,228.00000000000864,0.22893681979792532,0
2021-11-17 09:30:00,2021-11-17 09:30:00,,1184.25,,,-9.749999999991132,-0.009776693167561882,0
2021-11-17 10:00:00,2021-11-17 10:00:00,,1185.15,,,280.0,0.28041973685999205,0
2021-11-17 15:05:00,2021-11-17 15:05:00,,1174.7864176419537,,,1997.6366785891867,1.9999999999999056,0
2021-11-17 15:15:00,2021-11-17 15:15:00,,1174.4,,,55.950000000033924,0.05595575561988754,0
2021-11-17 15:25:00,2021-11-17 15:25:00,,1173.8,,,248.94999999994775,0.24956585252822847,0
2021-11-18 09:35:00,2021-11-18 09:35:00,,1171.05,,,551.25,0.5521283186748026,0
2021-11-18 09:45:00,2021-11-18 09:45:00,,1170.7,,,195.99999999998886,0.19600034304128403,0
2021-11-22 12:20:00,2021-11-22 12:20:00,,1124.4,,,-41.9999999999618,-0.04208943677281947,0
2021-11-22 12:30:00,2021-11-22 12:30:00,,1125.8,,,440.7499999999902,0.4422300663861477,0
2021-11-22 14:30:00,2021-11-22 14:30:00,,1121.7,,,125.5,0.12569612895295482,0
2021-11-22 14:40:00,2021-11-22 14:40:00,,1126.0,,,675.0000000000114,0.6762885850432399,0
2021-11-23 09:20:00,2021-11-23 09:20:00,,1105.6,,,352.79999999997995,0.35502247958204486,0
2021-11-24 14:45:00,2021-11-24 14:45:00,,1120.6,,,-139.5,-0.1396056087509211,0
2021-11-26 14:00:00,2021-11-26 14:00:00,,1151.5,,,473.00000000002,0.4739765360136934,0
2021-11-29 11:20:00,2021-11-29 11:20:00,,1184.75,,,431.2500000000057,0.4341034752386127,0
2021-11-29 11:30:00,2021-11-29 11:30:00,,1185.65,,,346.5,0.34773342122726186,0
2021-11-30 15:10:00,2021-11-30 15:10:00,,1143.1,,,-564.2500000000337,-0.5646307776982117,0
2021-12-03 14:35:00,2021-12-03 14:35:00,,1150.5,,,-136.0,-0.1363187985450134,0
2021-12-06 14:15:00,2021-12-06 14:15:00,,1131.7,,,123.20000000002801,0.12345403850354308,0
2021-12-06 14:30:00,2021-12-06 14:30:00,,1131.7,,,509.39999999998713,0.5103355209231332,0
2021-12-06 15:05:00,2021-12-06 15:05:00,,1126.8,,,-243.20000000001164,-0.24400976989906004,0
2021-12-06 15:15:00,2021-12-06 15:15:00,,1124.15,,,-425.6999999999648,-0.42647159121228334,0
2021-12-06 15:25:00,2021-12-06 15:25:00,,1127.15,,,492.10000000002356,0.4926390970225689,0
2021-12-08 13:25:00,2021-12-08 13:25:00,,1154.0,,,-84.0000000000191,-0.08418663462337511,0
2021-12-10 09:40:00,2021-12-10 09:40:00,,1161.7,,,272.4000000000103,0.27321808803840264,0
2021-12-10 14:35:00,2021-12-10 14:35:00,,1168.6,,,-73.79999999993288,-0.07396728760851426,0
2021-12-10 14:50:00,2021-12-10 14:50:00,,1167.7,,,37.09999999996626,0.037183769208166954,0
2021-12-13 09:30:00,2021-12-13 09:30:00,,1174.6,,,610.4000000000397,0.61111912084391,0
2021-12-13 13:00:00,2021-12-13 13:00:00,,1146.25,,,-503.19999999997526,-0.5036130761123503,0
2021-12-15 14:25:00,2021-12-15 14:25:00,,1139.8,,,-29.39999999997326,-0.02945222006108288,0
2021-12-15 14:35:00,2021-12-15 14:35:00,,1145.299417008265,,,-997.3861793224598,-1.0,0
2021-12-15 14:45:00,2021-12-15 14:45:00,,1140.6,,,365.40000000002374,0.36659914427176865,0
2021-12-17 10:45:00,2021-12-17 10:45:00,,1109.2,,,-587.3999999999919,-0.5903831779547211,0
2021-12-17 10:55:00,2021-12-17 10:55:00,,1110.25,,,726.6000000000079,0.729389085609183,0
2021-12-20 12:35:00,2021-12-20 12:35:00,,1076.2,,,-599.2499999999893,-0.5994304059057632,0
2021-12-20 12:45:00,2021-12-20 12:45:00,,1076.25,,,-201.60000000002037,-0.2017712174032588,0
2021-12-20 12:55:00,2021-12-20 12:55:00,,1073.2,,,-123.74999999998977,-0.12388681883141657,0
2021-12-20 13:05:00,2021-12-20 13:05:00,,1073.5,,,196.20000000001983,0.1962984620535498,0
2021-12-20 13:15:00,2021-12-20 13:15:00,,1076.2,,,496.7999999999902,0.4981818199656609,0
2021-12-21 15:05:00,2021-12-21 15:05:00,,1102.05,,,411.4500000000096,0.4117234741162962,0
2021-12-24 14:20:00,2021-12-24 14:20:00,,1135.2,,,164.39999999997508,0.1647116708628872,0
2021-12-24 14:30:00,2021-12-24 14:30:00,,1131.45,,,410.74999999998795,0.41113990394410327,0
2021-12-24 14:40:00,2021-12-24 14:40:00,,1137.258831903927,,,-999.8492864446093,-1.0,0
2021-12-24 14:50:00,2021-12-24 14:50:00,,1135.75,,,416.5,0.4178887619623563,0
2021-12-27 12:40:00,2021-12-27 12:40:00,,1131.65,,,18.099999999983538,0.018137963062238083,0
2021-12-28 09:20:00,2021-12-28 09:20:00,,1135.3,,,705.0000000000409,0.706993629802988,0
2021-12-28 10:15:00,2021-12-28 10:15:00,,1136.0,,,158.85000000001605,0.15898256296625882,0
2021-12-28 14:15:00,2021-12-28 14:15:00,,1141.0771388429873,,,-998.2579206673868,-1.0,0
2021-12-28 14:25:00,2021-12-28 14:25:00,,1141.2,,,-533.6000000000422,-0.5339505562158816,0
2021-12-28 14:35:00,2021-12-28 14:35:00,,1140.55,,,1197.0000000000573,1.1974019522845711,0
2021-12-29 09:25:00,2021-12-29 09:25:00,,1148.9,,,824.9999999999886,0.8251539471641476,0
2021-12-29 09:35:00,2021-12-29 09:35:00,,1148.1,,,681.5000000000214,0.6829072354503175,0
2021-12-30 14:10:00,2021-12-30 14:10:00,,1127.9,,,-535.9999999999695,-0.5368897059908407,0
2021-12-30 14:30:00,2021-12-30 14:30:00,,1122.4,,,854.4000000000121,0.8549207562287799,0
2022-01-04 09:25:00,2022-01-04 09:25:00,,1154.4,,,276.0999999999772,0.27713114935345995,0
2022-01-04 09:35:00,2022-01-04 09:35:00,,1151.95,,,995.9999999999673,0.9979124887524324,0
2022-01-04 15:00:00,2022-01-04 15:00:00,,1171.865439124994,,,-999.5396718727534,-1.0,0
2022-01-05 13:05:00,2022-01-05 13:05:00,,1169.1,,,552.0,0.5523159563029488,0
2022-01-05 14:00:00,2022-01-05 14:00:00,,1176.25,,,0.0,0.0,0
2022-01-05 14:25:00,2022-01-05 14:25:00,,1176.7,,,640.2000000000132,0.6403492086762637,0
2022-01-11 09:25:00,2022-01-11 09:25:00,,1167.55,,,-612.3000000000143,-0.6126595601876873,0
2022-01-11 09:35:00,2022-01-11 09:35:00,,1166.05,,,187.85000000002628,0.18798859427031445,0
2022-01-12 11:35:00,2022-01-12 11:35:00,,1200.4,,,122.64999999998986,0.12286929736177221,0
2022-01-13 09:35:00,2022-01-13 09:35:00,,1207.2,,,-29.40000000004011,-0.02947958311156674,0
2022-01-13 09:45:00,2022-01-13 09:45:00,,1209.2,,,-29.60000000004038,-0.02965751080470586,0
2022-01-14 09:50:00,2022-01-14 09:50:00,,1220.15,,,635.25,0.6361023079770902,0
2022-01-18 10:05:00,2022-01-18 10:05:00,,1210.0,,,360.4499999999757,0.36060556040436464,0
2022-01-18 10:20:00,2022-01-18 10:20:00,,1206.45,,,257.0,0.25783137501825487,0
2022-01-18 13:05:00,2022-01-18 13:05:00,,1218.4,,,58.049999999947204,0.05811203267843392,0
2022-01-18 13:15:00,2022-01-18 13:15:00,,1219.2,,,283.5,0.28350938631777484,0
2022-01-18 13:25:00,2022-01-18 13:25:00,,1217.4,,,263.1999999999316,0.2634787302177706,0
2022-01-18 13:35:00,2022-01-18 13:35:00,,1216.4,,,811.7999999999329,0.812561385669871,0
2022-01-18 14:50:00,2022-01-18 14:50:00,,1200.2636276893586,,,-999.6022900093176,-1.0,0
2022-01-18 15:00:00,2022-01-18 15:00:00,,1201.4,,,-121.5,-0.12158478263147288,0
2022-01-18 15:10:00,2022-01-18 15:10:00,,1201.2,,,110.25000000001114,0.11051062707588663,0
2022-01-18 15:20:00,2022-01-18 15:20:00,,1204.2,,,752.2500000000116,0.7548853651771844,0
2022-01-19 09:15:00,2022-01-19 09:15:00,,1205.7,,,906.5000000000111,0.9092203852298263,0
2022-01-20 14:05:00,2022-01-20 14:05:00,,1177.6,,,823.1999999999643,0.8245556205028352,0
2022-01-20 14:40:00,2022-01-20 14:40:00,,1171.3,,,104.09999999998422,0.10414539644292871,0
2022-01-24 14:05:00,2022-01-24 14:05:00,,1137.35,,,-675.2500000000168,-0.675950865987965,0
2022-01-24 14:15:00,2022-01-24 14:15:00,,1137.3,,,581.3999999999767,0.5834654463413104,0
2022-01-24 14:30:00,2022-01-24 14:30:00,,1136.0,,,722.0,0.7241393955184228,0
2022-01-24 14:45:00,2022-01-24 14:45:00,,1125.9,,,-429.1999999999798,-0.4313414262098907,0
2022-01-24 14:55:00,2022-01-24 14:55:00,,1129.5,,,673.2000000000139,0.6756116872337844,0
2022-01-27 12:20:00,2022-01-27 12:20:00,,1104.75,,,450.4500000000105,0.45132020870341527,0
2022-02-04 09:20:00,2022-02-04 09:20:00,,1113.45,,,689.9999999999864,0.6911233182263772,0
2022-02-07 13:45:00,2022-02-07 13:45:00,,1101.9,,,-463.75,-0.4650201195200858,0
2022-02-07 13:55:00,2022-02-07 13:55:00,,1098.8,,,-768.5000000000241,-0.769414045666962,0
2022-02-07 14:05:00,2022-02-07 14:05:00,,1103.3,,,354.1999999999655,0.35503652184739476,0
2022-02-21 09:20:00,2022-02-21 09:20:00,,1144.2,,,-497.69999999997844,-0.4978936600913837,0
2022-02-21 09:30:00,2022-02-21 09:30:00,,1138.7372305611666,,,-997.4880486870161,-1.0,0
2022-02-22 09:40:00,2022-02-22 09:40:00,,1122.2,,,-92.94999999999231,-0.09313821061606316,0
2022-02-22 10:20:00,2022-02-22 10:20:00,,1124.65,,,221.95000000001755,0.22282893716663477,0
2022-02-23 15:05:00,2022-02-23 15:05:00,,1133.534114360657,,,1995.9589419011118,2.0,0
2022-02-24 09:45:00,2022-02-24 09:45:00,,1091.4,,,-342.99999999997453,-0.34394403993635075,0
2022-02-24 09:55:00,2022-02-24 09:55:00,,1090.8,,,54.399999999981446,0.054600679989441826,0
2022-02-24 10:05:00,2022-02-24 10:05:00,,1091.3,,,-14.100000000019236,-0.014114124603456795,0
2022-02-24 10:15:00,2022-02-24 10:15:00,,1092.8,,,328.8999999999935,0.3308545932150315,0
2022-02-24 12:55:00,2022-02-24 12:55:00,,1093.3,,,1046.39999999999,1.0490970654049847,0
2022-02-24 15:05:00,2022-02-24 15:05:00,,1077.5,,,155.0,0.15511170251113693,0
2022-02-24 15:15:00,2022-02-24 15:15:00,,1075.1,,,-222.60000000001446,-0.2230735812183475,0
2022-02-24 15:25:00,2022-02-24 15:25:00,,1073.2,,,216.00000000002183,0.2168431963121485,0
2022-02-28 09:20:00,2022-02-28 09:20:00,,1075.7,,,-686.0,-0.686371644898475,0
2022-02-28 09:30:00,2022-02-28 09:30:00,,1075.25,,,67.89999999998236,0.06808912564326977,0
2022-03-02 09:20:00,2022-03-02 09:20:00,,1131.3,,,-86.99999999998681,-0.08717716285082569,0
2022-03-02 09:30:00,2022-03-02 09:30:00,,1130.6,,,211.40000000001373,0.21157352548577815,0
2022-03-02 13:20:00,2022-03-02 13:20:00,,1138.3,,,113.5,0.11363774168499793,0
2022-03-02 13:45:00,2022-03-02 13:45:00,,1142.5,,,85.60000000001946,0.08568200685453832,0
2022-03-02 13:55:00,2022-03-02 13:55:00,,1141.9,,,-79.10000000003083,-0.07932572853860749,0
2022-03-02 14:05:00,2022-03-02 14:05:00,,1139.5,,,514.8000000000106,0.5163238853910912,0
2022-03-03 09:25:00,2022-03-03 09:25:00,,1146.2,,,108.5,0.10853708978285054,0
2022-03-03 13:20:00,2022-03-03 13:20:00,,1131.75,,,202.5,0.2031607172503822,0
2022-03-07 09:20:00,2022-03-07 09:20:00,,1089.95,,,0.0,0.0,0
2022-03-07 09:35:00,2022-03-07 09:35:00,,1096.7,,,1221.75,1.2268807696000907,0
2022-03-07 10:40:00,2022-03-07 10:40:00,,1069.55,,,22.049999999979946,0.022068448931438195,0
2022-03-07 13:50:00,2022-03-07 13:50:00,,1065.3,,,-793.6000000000113,-0.7964772264376967,0
2022-03-07 14:00:00,2022-03-07 14:00:00,,1065.3,,,-836.2000000000103,-0.8392645162491004,0
2022-03-07 14:10:00,2022-03-07 14:10:00,,1063.45,,,-280.0,-0.28025395301470296,0
2022-03-07 14:20:00,2022-03-07 14:20:00,,1060.9,,,0.0,0.0,0
2022-03-07 14:30:00,2022-03-07 14:30:00,,1066.7,,,442.20000000000914,0.44429759686315373,0
2022-03-08 12:00:00,2022-03-08 12:00:00,,1048.15,,,403.2000000000262,0.4033648138546101,0
2022-03-08 12:10:00,2022-03-08 12:10:00,,1047.75,,,500.8500000000172,0.503246451965072,0
2022-03-08 12:40:00,2022-03-08 12:40:00,,1040.9,,,-141.59999999999195,-0.1423240882275159,0
2022-03-09 13:05:00,2022-03-09 13:05:00,,1107.4863561794891,,,1990.3897010772303,1.999999999999963,0
2022-03-14 14:25:00,2022-03-14 14:25:00,,1154.2945529191184,,,-999.6410034267055,-1.0,0
2022-03-14 14:35:00,2022-03-14 14:35:00,,1153.2,,,421.20000000001596,0.42121894494705686,0
2022-03-14 14:45:00,2022-03-14 14:45:00,,1154.4,,,-274.4000000000624,-0.27470947512939803,0
2022-03-14 14:55:00,2022-03-14 14:55:00,,1153.4,,,34.299999999968804,0.03432235990895023,0
2022-03-14 15:05:00,2022-03-14 15:05:00,,1152.4,,,410.79999999998563,0.4108415839371721,0
2022-03-15 13:55:00,2022-03-15 13:55:00,,1122.6,,,-567.0000000000368,-0.5677703134281831,0
2022-03-15 14:05:00,2022-03-15 14:05:00,,1122.75,,,220.99999999997635,0.22172632929433192,0
2022-03-15 14:20:00,2022-03-15 14:20:00,,1117.9,,,-688.9999999999759,-0.6903365375301859,0
2022-03-15 14:30:00,2022-03-15 14:30:00,,1120.75,,,109.8000000000111,0.11008471468618969,0
2022-03-15 14:40:00,2022-03-15 14:40:00,,1121.4,,,328.900000000046,0.33002761552388765,0
2022-03-17 15:05:00,2022-03-17 15:05:00,,1180.289776853435,,,-996.8023865907708,-1.0,0
2022-03-17 15:25:00,2022-03-17 15:25:00,,1186.2,,,72.599999999989,0.0728609372256363,0
2022-03-22 13:55:00,2022-03-22 13:55:00,,1206.5,,,-181.79999999997244,-0.1820689912014017,0
2022-03-22 14:05:00,2022-03-22 14:05:00,,1205.2,,,258.3999999999853,0.25872165054918606,0
2022-03-22 14:15:00,2022-03-22 14:15:00,,1206.35,,,353.0500000000279,0.3541690027399426,0
2022-03-23 09:20:00,2022-03-23 09:20:00,,1216.0290704262002,,,-999.2094656976442,-1.0,0
2022-03-23 09:30:00,2022-03-23 09:30:00,,1218.7,,,-912.6000000000213,-0.9132748491920517,0
2022-03-23 09:40:00,2022-03-23 09:40:00,,1219.5,,,568.3999999999908,0.5703071090678918,0
2022-03-23 09:50:00,2022-03-23 09:50:00,,1219.9,,,98.0,0.09819359938131711,0
2022-03-23 10:00:00,2022-03-23 10:00:00,,1217.0,,,242.4000000000092,0.2425005048127863,0
2022-03-25 09:55:00,2022-03-25 09:55:00,,1241.9,,,-727.2000000000276,-0.7303716853144143,0
2022-03-25 10:20:00,2022-03-25 10:20:00,,1239.15,,,462.5,0.46470986563051025,0
2022-03-28 13:10:00,2022-03-28 13:10:00,,1252.35,,,-123.74999999994998,-0.12395178057971555,0
2022-03-30 12:05:00,2022-03-30 12:05:00,,1276.1,,,685.8000000000116,0.6876146990742089,0
2022-03-30 12:15:00,2022-03-30 12:15:00,,1275.25,,,36.60000000002219,0.036693886815624174,0
2022-03-30 12:25:00,2022-03-30 12:25:00,,1273.6,,,142.80000000003247,0.1431134377681039,0
2022-04-01 15:15:00,2022-04-01 15:15:00,,1269.5,,,-131.5,-0.13192564467899034,0
2022-04-01 15:25:00,2022-04-01 15:25:00,,1267.95,,,122.40000000001237,0.12244688621681991,0
2022-04-04 09:20:00,2022-04-04 09:20:00,,1272.8,,,-491.99999999997203,-0.4933477664604702,0
2022-04-04 09:30:00,2022-04-04 09:30:00,,1271.7,,,259.9999999999909,0.2612561329737296,0
2022-04-04 14:45:00,2022-04-04 14:45:00,,1269.6,,,231.000000000015,0.23124970705643474,0
2022-04-05 10:40:00,2022-04-05 10:40:00,,1254.3100870811456,,,1996.743614412899,1.999999999999931,0
2022-04-06 14:35:00,2022-04-06 14:35:00,,1251.45,,,16.049999999985403,0.016097126441172702,0
2022-04-06 14:50:00,2022-04-06 14:50:00,,1251.2,,,242.39999999998622,0.24258432679237366,0
2022-04-08 12:20:00,2022-04-08 12:20:00,,1243.25,,,-316.25,-0.3162863023042287,0
2022-04-08 12:30:00,2022-04-08 12:30:00,,1241.8,,,345.80000000002246,0.3467459306648216,0
2022-04-08 12:40:00,2022-04-08 12:40:00,,1241.0,,,224.10000000002265,0.22445061569894903,0
2022-04-08 14:10:00,2022-04-08 14:10:00,,1249.9,,,-295.9000000000367,-0.2960797344222536,0
2022-04-08 14:30:00,2022-04-08 14:30:00,,1248.9,,,-54.40000000001237,-0.05456303045389516,0
2022-04-11 13:35:00,2022-04-11 13:35:00,,1254.1,,,268.4000000000333,0.2686448975630384,0
2022-04-11 13:45:00,2022-04-11 13:45:00,,1251.2,,,141.59999999997854,0.1421763898872345,0
2022-04-11 13:55:00,2022-04-11 13:55:00,,1249.85,,,180.0,0.18060663534130983,0
2022-04-11 14:10:00,2022-04-11 14:10:00,,1250.85,,,62.5,0.06274484579154625,0
2022-04-11 14:20:00,2022-04-11 14:20:00,,1251.6,,,24.800000000033833,0.024860095940062134,0
2022-04-19 10:40:00,2022-04-19 10:40:00,,1246.3364393349855,,,1991.1862016273976,2.000000000000041,0
2022-04-19 13:40:00,2022-04-19 13:40:00,,1265.5,,,84.40000000001919,0.0846814239808376,0
2022-04-19 13:50:00,2022-04-19 13:50:00,,1266.6,,,-68.69999999998959,-0.06888786637944164,0
2022-04-20 09:35:00,2022-04-20 09:35:00,,1298.95,,,-449.54999999999495,-0.45031896081521366,0
2022-04-20 09:45:00,2022-04-20 09:45:00,,1299.35,,,-438.4499999999798,-0.43863459121722637,0
2022-04-20 09:55:00,2022-04-20 09:55:00,,1297.65,,,126.499999999985,0.12674443719208245,0
2022-04-20 10:05:00,2022-04-20 10:05:00,,1293.4,,,356.49999999998954,0.3580645730246133,0
2022-04-20 13:40:00,2022-04-20 13:40:00,,1299.0,,,-129.3500000000181,-0.12937631948200506,0
2022-04-22 09:35:00,2022-04-22 09:35:00,,1312.4,,,-131.99999999998,-0.13216394710723878,0
2022-04-22 09:45:00,2022-04-22 09:45:00,,1310.9,,,-250.79999999997926,-0.25098107821735033,0
2022-04-22 13:50:00,2022-04-22 13:50:00,,1335.2538880831726,,,-997.6709306306657,-1.0,0
2022-04-25 09:25:00,2022-04-25 09:25:00,,1301.55,,,390.0,0.39195974001090883,0
2022-04-25 14:20:00,2022-04-25 14:20:00,,1270.9,,,-370.79999999999063,-0.3709247797197086,0
2022-04-26 15:10:00,2022-04-26 15:10:00,,1323.4886491339278,,,-998.6822655266237,-1.0,0
2022-04-26 15:20:00,2022-04-26 15:20:00,,1329.0,,,-17.89999999998372,-0.017905565803472575,0
2022-04-28 12:05:00,2022-04-28 12:05:00,,1352.0,,,21.299999999980628,0.021309262912992656,0
2022-04-28 12:20:00,2022-04-28 12:20:00,,1350.6,,,396.1000000000106,0.3970170827819246,0
2022-04-28 14:00:00,2022-04-28 14:00:00,,1355.15,,,-292.600000000014,-0.2932025342583141,0
2022-04-28 14:10:00,2022-04-28 14:10:00,,1357.3,,,-466.5,-0.4671124908216387,0
2022-04-28 14:20:00,2022-04-28 14:20:00,,1357.0,,,-64.40000000001464,-0.06458300496219987,0
2022-04-28 14:30:00,2022-04-28 14:30:00,,1357.7,,,-564.2500000000416,-0.5660473087711743,0
2022-04-28 14:40:00,2022-04-28 14:40:00,,1356.9,,,31.49999999997135,0.03157526794651009,0
2022-04-28 14:50:00,2022-04-28 14:50:00,,1357.0,,,267.1999999999848,0.2676777287449861,0
2022-04-29 14:25:00,2022-04-29 14:25:00,,1344.5,,,375.099999999989,0.37575773911643523,0
2022-04-29 15:10:00,2022-04-29 15:10:00,,1325.8,,,-382.20000000002005,-0.3830688705083022,0
2022-04-29 15:20:00,2022-04-29 15:20:00,,1325.1,,,-162.8000000000202,-0.16382639812387195,0
2022-05-02 14:25:00,2022-05-02 14:25:00,,1322.2,,,-190.39999999997963,-0.19089403711138322,0
2022-05-02 14:35:00,2022-05-02 14:35:00,,1323.1,,,-208.8000000000211,-0.2090204111795045,0
2022-05-04 12:00:00,2022-05-04 12:00:00,,1295.4923874225615,,,1998.3834161071936,2.0,0
2022-05-04 12:10:00,2022-05-04 12:10:00,,1293.6,,,72.09999999998126,0.07238767569786654,0
2022-05-04 12:40:00,2022-05-04 12:40:00,,1290.5,,,307.5,0.30756821267563256,0
2022-05-04 12:55:00,2022-05-04 12:55:00,,1288.6,,,144.19999999996253,0.14455042709659602,0
2022-05-04 14:35:00,2022-05-04 14:35:00,,1280.8,,,-273.7000000000073,-0.27449142865676934,0
2022-05-04 14:45:00,2022-05-04 14:45:00,,1279.0,,,522.5999999999858,0.5259477773156636,0
2022-05-05 09:50:00,2022-05-05 09:50:00,,1274.1,,,-72.5,-0.07253233253301923,0
2022-05-05 13:40:00,2022-05-05 13:40:00,,1269.2009951337884,,,1991.9798321221663,2.000000000000039,0
2022-05-05 14:25:00,2022-05-05 14:25:00,,1266.2,,,1086.75,1.0880187511072674,0
2022-05-06 09:25:00,2022-05-06 09:25:00,,1262.1,,,1986.5999999999824,1.9920368351367037,0
2022-05-09 11:00:00,2022-05-09 11:00:00,,1208.45,,,879.450000000013,0.8834193317262444,0
2022-05-09 14:05:00,2022-05-09 14:05:00,,1199.1356673063722,,,-995.7455329682355,-1.0,0
2022-05-09 14:15:00,2022-05-09 14:15:00,,1201.3,,,732.0,0.733792298111631,0
2022-05-09 14:25:00,2022-05-09 14:25:00,,1202.75,,,855.0,0.8574366260064944,0
2022-05-10 10:10:00,2022-05-10 10:10:00,,1181.3,,,-95.90000000000623,-0.09632028615697084,0
2022-05-10 10:20:00,2022-05-10 10:20:00,,1183.3,,,326.59999999999354,0.3286686815436058,0
2022-05-10 15:20:00,2022-05-10 15:20:00,,1175.6,,,0.0,0.0,0
2022-05-11 09:15:00,2022-05-11 09:15:00,,1174.8,,,237.9999999999768,0.2381367020714133,0
2022-05-11 10:30:00,2022-05-11 10:30:00,,1160.5,,,-305.8000000000063,-0.3061811925757359,0
2022-05-12 14:00:00,2022-05-12 14:00:00,,1135.0,,,-45.25,-0.04537596932870356,0
2022-05-12 14:10:00,2022-05-12 14:10:00,,1136.4,,,585.0,0.586848196305769,0
2022-05-12 14:20:00,2022-05-12 14:20:00,,1131.95,,,399.5000000000232,0.4012083322994179,0
2022-05-17 15:20:00,2022-05-17 15:20:00,,1209.4,,,-288.0000000000109,-0.2889354599295328,0
2022-05-18 09:15:00,2022-05-18 09:15:00,,1212.2670247480194,,,-996.4210632647337,-1.0,0
2022-05-18 09:25:00,2022-05-18 09:25:00,,1209.7,,,80.79999999997244,0.08101875442003527,0
2022-05-18 13:40:00,2022-05-18 13:40:00,,1223.4,,,-409.20000000000846,-0.41101868473099573,0
2022-05-18 13:50:00,2022-05-18 13:50:00,,1217.5,,,781.2000000000085,0.7825416797088058,0
2022-05-18 14:00:00,2022-05-18 14:00:00,,1218.2,,,371.04999999999177,0.37255642960872815,0
2022-05-20 13:10:00,2022-05-20 13:10:00,,1221.85,,,513.0,0.5137012731987471,0
2022-05-23 13:35:00,2022-05-23 13:35:00,,1259.140485992879,,,-997.7044884689622,-1.0,0
2022-05-23 13:45:00,2022-05-23 13:45:00,,1254.1,,,293.7000000000162,0.294604707551985,0
2022-05-26 11:30:00,2022-05-26 11:30:00,,1217.55,,,295.3499999999756,0.2960016617028845,0
2022-05-26 11:40:00,2022-05-26 11:40:00,,1215.6,,,-89.0,-0.08927306491691187,0
2022-05-30 15:10:00,2022-05-30 15:10:00,,1273.75,,,-746.5500000000216,-0.7486947769526527,0
2022-05-31 09:15:00,2022-05-31 09:15:00,,1262.9741866201862,,,1992.5628907369728,2.0,0
2022-06-01 13:45:00,2022-06-01 13:45:00,,1252.3,,,178.5,0.17883052279330877,0
2022-06-01 14:10:00,2022-06-01 14:10:00,,1248.4,,,-499.3999999999587,-0.5014859077816278,0
2022-06-01 14:20:00,2022-06-01 14:20:00,,1251.4,,,66.60000000004038,0.06680704434516029,0
2022-06-01 14:30:00,2022-06-01 14:30:00,,1251.3,,,401.39999999998986,0.40161556624673556,0
2022-06-01 14:45:00,2022-06-01 14:45:00,,1250.1,,,162.3999999999578,0.16288691944611494,0
2022-06-02 11:30:00,2022-06-02 11:30:00,,1290.8120503797265,,,1994.0003630346137,2.0,0
2022-06-02 13:05:00,2022-06-02 13:05:00,,1295.9,,,224.9999999999659,0.2250562351393674,0
2022-06-03 15:15:00,2022-06-03 15:15:00,,1324.3,,,109.5,0.10994474729749926,0
2022-06-06 14:05:00,2022-06-06 14:05:00,,1316.65,,,1066.4500000000378,1.068992690445247,0
2022-06-09 14:50:00,2022-06-09 14:50:00,,1329.2,,,-118.0,-0.11822407437826242,0
2022-06-09 15:00:00,2022-06-09 15:00:00,,1334.35,,,-504.0,-0.5041184295829787,0
2022-06-09 15:10:00,2022-06-09 15:10:00,,1334.15,,,44.99999999995907,0.0451697703823527,0
2022-06-09 15:20:00,2022-06-09 15:20:00,,1333.2,,,81.89999999997872,0.08212735583388203,0
2022-06-10 09:15:00,2022-06-10 09:15:00,,1325.4329298885418,,,1999.7297566384939,1.9999999999999456,0
2022-06-10 12:35:00,2022-06-10 12:35:00,,1297.0448388192144,,,1999.8080420610347,1.9999999999999534,0
2022-06-13 09:20:00,2022-06-13 09:20:00,,1252.5,,,-158.59999999999445,-0.15887501816264965,0
2022-06-13 09:30:00,2022-06-13 09:30:00,,1250.7,,,177.0,0.17834416617610446,0
2022-06-13 09:40:00,2022-06-13 09:40:00,,1257.2,,,379.49999999999477,0.38089988845907286,0
2022-06-13 13:50:00,2022-06-13 13:50:00,,1251.4774938694386,,,1993.1137567650956,2.0000000000000466,0
2022-06-13 14:00:00,2022-06-13 14:00:00,,1253.35,,,303.74999999997954,0.30422599647753434,0
2022-06-13 14:10:00,2022-06-13 14:10:00,,1251.75,,,-218.50000000001046,-0.21890792859517216,0
2022-06-15 09:25:00,2022-06-15 09:25:00,,1236.0,,,-139.99999999999204,-0.14043449430147484,0
2022-06-15 15:00:00,2022-06-15 15:00:00,,1238.7139776413062,,,1995.090573455977,1.999999999999933,0
2022-06-15 15:10:00,2022-06-15 15:10:00,,1238.0,,,343.0000000000223,0.34416193843826653,0
2022-06-15 15:20:00,2022-06-15 15:20:00,,1236.1,,,-200.00000000004547,-0.20077028395924856,0
2022-06-16 09:15:00,2022-06-16 09:15:00,,1243.6584839708983,,,1993.9303805208294,1.9999999999999414,0
2022-06-16 13:25:00,2022-06-16 13:25:00,,1222.35,,,325.5,0.327119457440143,0
2022-06-22 13:10:00,2022-06-22 13:10:00,,1197.15,,,-415.3999999999878,-0.4168310919567094,0
2022-06-22 13:20:00,2022-06-22 13:20:00,,1194.4,,,-236.69999999996412,-0.23759751487658626,0
2022-06-22 13:30:00,2022-06-22 13:30:00,,1194.85,,,117.89999999995234,0.11810261152914919,0
2022-06-22 13:40:00,2022-06-22 13:40:00,,1196.5,,,412.5,0.4129465372032734,0
2022-06-22 13:50:00,2022-06-22 13:50:00,,1195.8,,,-160.80000000003656,-0.16080271850929423,0
2022-06-23 12:50:00,2022-06-23 12:50:00,,1176.0,,,-381.9000000000183,-0.3819301525315304,0
2022-06-23 13:00:00,2022-06-23 13:00:00,,1173.2,,,-361.79999999999086,-0.3624112772006251,0
2022-06-23 13:10:00,2022-06-23 13:10:00,,1168.9,,,327.6000000000331,0.32774310440020243,0
2022-06-23 13:20:00,2022-06-23 13:20:00,,1168.8,,,18.199999999983447,0.018250112524398884,0
2022-06-23 13:30:00,2022-06-23 13:30:00,,1172.9,,,764.4000000000178,0.7645363262548374,0
2022-06-28 15:05:00,2022-06-28 15:05:00,,1203.75,,,255.99999999998545,0.2563637399487674,0
2022-06-29 13:25:00,2022-06-29 13:25:00,,1232.9,,,403.1999999999898,0.4032102699400085,0
2022-06-29 13:35:00,2022-06-29 13:35:00,,1236.1,,,-284.8499999999808,-0.2861251772928665,0
2022-06-29 13:45:00,2022-06-29 13:45:00,,1233.4,,,348.7999999999802,0.349998721122627,0
2022-06-30 09:25:00,2022-06-30 09:25:00,,1238.9,,,527.99999999997,0.5284476986809241,0
2022-07-01 10:10:00,2022-07-01 10:10:00,,1153.3,,,-58.39999999999668,-0.058993142402617195,0
2022-07-01 10:20:00,2022-07-01 10:20:00,,1160.7,,,1580.700000000003,1.5872635877336136,0
2022-07-01 14:10:00,2022-07-01 14:10:00,,1128.185578157283,,,-993.7883084969026,-1.0,0
2022-07-01 14:25:00,2022-07-01 14:25:00,,1133.0,,,113.29999999999063,0.11390775502576163,0
2022-07-05 11:25:00,2022-07-05 11:25:00,,1168.9,,,212.49999999997726,0.21269186091187745,0
2022-07-05 11:35:00,2022-07-05 11:35:00,,1171.0,,,-208.79999999998813,-0.20885357833192933,0
2022-07-05 11:45:00,2022-07-05 11:45:00,,1170.6,,,600.3000000000475,0.6014728858726954,0
2022-07-05 12:00:00,2022-07-05 12:00:00,,1170.85,,,315.1000000000249,0.31601316411321284,0
2022-07-06 12:10:00,2022-07-06 12:10:00,,1141.75,,,683.1999999999898,0.6857257731782144,0
2022-07-08 13:05:00,2022-07-08 13:05:00,,1144.9,,,477.0999999999833,0.4781670785006737,0
2022-07-18 09:25:00,2022-07-18 09:25:00,,1149.95,,,-13.199999999987995,-0.013211060371453285,0
2022-07-19 09:25:00,2022-07-19 09:25:00,,1159.1,,,209.95000000001005,0.21077721071346203,0
2022-07-26 15:20:00,2022-07-26 15:20:00,,1153.4,,,-77.19999999992979,-0.07732982589480233,0
2022-07-27 09:15:00,2022-07-27 09:15:00,,1154.5,,,572.6000000000372,0.5730230724523137,0
2022-07-27 09:25:00,2022-07-27 09:25:00,,1147.9,,,-367.19999999994434,-0.36810515371682795,0
2022-07-27 09:35:00,2022-07-27 09:35:00,,1146.85,,,222.0,0.22243085603487323,0
2022-07-28 13:45:00,2022-07-28 13:45:00,,1174.35,,,-574.199999999928,-0.5753739550894199,0
2022-07-29 11:20:00,2022-07-29 11:20:00,,1192.0,,,-283.75,-0.2843055271384495,0
2022-07-29 15:10:00,2022-07-29 15:10:00,,1195.4,,,290.0,0.2900722070274803,0
2022-08-01 13:40:00,2022-08-01 13:40:00,,1224.8,,,18.749999999982947,0.01876757540059795,0
2022-08-01 14:05:00,2022-08-01 14:05:00,,1227.1,,,258.40000000005875,0.2585073580018571,0
2022-08-01 14:40:00,2022-08-01 14:40:00,,1230.55,,,-511.4999999999577,-0.5120575614521239,0
2022-08-01 14:50:00,2022-08-01 14:50:00,,1232.15,,,88.79999999998654,0.0888999515389832,0
2022-08-01 15:00:00,2022-08-01 15:00:00,,1230.7,,,525.5999999999867,0.5257009166260734,0
2022-08-02 09:30:00,2022-08-02 09:30:00,,1237.55,,,101.40000000001419,0.10175826927341504,0
2022-08-02 09:40:00,2022-08-02 09:40:00,,1233.65,,,197.5,0.19790077415437635,0
2022-08-03 15:05:00,2022-08-03 15:05:00,,1241.9,,,513.3999999999451,0.5136345723575888,0
2022-08-03 15:15:00,2022-08-03 15:15:00,,1242.0,,,361.2000000000137,0.3613752077652925,0
2022-08-03 15:25:00,2022-08-03 15:25:00,,1242.1,,,345.40000000004284,0.34636509120545794,0
2022-08-11 09:20:00,2022-08-11 09:20:00,,1235.8,,,978.9000000000228,0.980234194267421,0
2022-08-12 13:35:00,2022-08-12 13:35:00,,1257.55,,,0.0,0.0,0
2022-08-17 09:25:00,2022-08-17 09:25:00,,1273.35,,,-131.8499999999467,-0.13191020497985328,0
2022-08-17 09:35:00,2022-08-17 09:35:00,,1272.3,,,0.0,0.0,0
2022-08-17 09:45:00,2022-08-17 09:45:00,,1273.0,,,110.4000000000251,0.11054942080692653,0
2022-08-17 15:05:00,2022-08-17 15:05:00,,1271.9,,,24.599999999977626,0.024602067843723614,0
2022-08-18 09:35:00,2022-08-18 09:35:00,,1260.6,,,376.7999999999429,0.37767972978774594,0
2022-08-18 14:10:00,2022-08-18 14:10:00,,1268.2398696458683,,,-999.6341153456233,-1.0,0
2022-08-18 14:20:00,2022-08-18 14:20:00,,1267.8,,,0.0,0.0,0
2022-08-18 14:30:00,2022-08-18 14:30:00,,1267.7,,,166.5,0.16686166733776667,0
2022-08-18 14:40:00,2022-08-18 14:40:00,,1268.7,,,-316.800000000032,-0.31766183533221365,0
2022-08-18 14:50:00,2022-08-18 14:50:00,,1269.3,,,126.00000000004911,0.1263151553523199,0
2022-08-18 15:00:00,2022-08-18 15:00:00,,1268.25,,,348.6500000000167,0.3489026721577531,0
2022-08-18 15:10:00,2022-08-18 15:10:00,,1267.8,,,617.1000000000165,0.6171719231735189,0
2022-08-22 14:25:00,2022-08-22 14:25:00,,1246.3,,,-15.149999999986221,-0.01516969588224769,0
2022-08-23 13:20:00,2022-08-23 13:20:00,,1260.95,,,35.849999999967395,0.03586740948264369,0
2022-08-23 13:30:00,2022-08-23 13:30:00,,1262.3,,,-221.39999999996644,-0.22141478929670105,0
2022-08-23 13:45:00,2022-08-23 13:45:00,,1261.1,,,208.0000000000473,0.20852949916408742,0
2022-08-25 09:45:00,2022-08-25 09:45:00,,1265.9,,,254.6999999999614,0.25497083964688866,0
2022-08-25 09:55:00,2022-08-25 09:55:00,,1267.1,,,-255.59999999996126,-0.25587882877322404,0
2022-08-25 13:40:00,2022-08-25 13:40:00,,1268.05,,,-58.79999999994652,-0.05885093000608175,0
2022-08-26 09:15:00,2022-08-26 09:15:00,,1257.9,,,1141.7000000000212,1.144234201732173,0
2022-08-29 13:55:00,2022-08-29 13:55:00,,1262.4628047205028,,,-999.4115470822135,-1.0,0
2022-08-30 12:50:00,2022-08-30 12:50:00,,1253.9,,,635.9999999999638,0.6362937620756582,0
2022-08-30 15:10:00,2022-08-30 15:10:00,,1257.85,,,-260.29999999995016,-0.2606491568597916,0
2022-08-30 15:20:00,2022-08-30 15:20:00,,1260.45,,,-477.75,-0.4789920160786746,0
2022-09-01 13:10:00,2022-09-01 13:10:00,,1225.8727892636173,,,1998.9346463788245,1.999999999999927,0
2022-09-01 13:50:00,2022-09-01 13:50:00,,1220.448108045652,,,1994.494073665287,2.0,0
2022-09-02 10:00:00,2022-09-02 10:00:00,,1208.2,,,-287.100000000009,-0.28808302377606887,0
2022-09-02 15:05:00,2022-09-02 15:05:00,,1207.2,,,424.8000000000161,0.4257219945593134,0
2022-09-05 09:15:00,2022-09-05 09:15:00,,1210.572123842172,,,1997.1548493915293,2.0000000000000786,0
2022-09-05 12:20:00,2022-09-05 12:20:00,,1227.9,,,-311.0,-0.3118356414503071,0
2022-09-05 12:35:00,2022-09-05 12:35:00,,1227.5,,,60.60000000001378,0.06076137880761504,0
2022-09-05 12:45:00,2022-09-05 12:45:00,,1228.2,,,301.0,0.30191031863435136,0
2022-09-06 13:35:00,2022-09-06 13:35:00,,1240.6,,,144.2000000000562,0.14434555730276108,0
2022-09-07 13:35:00,2022-09-07 13:35:00,,1235.35,,,-379.09999999995944,-0.3795751243830544,0
2022-09-08 13:55:00,2022-09-08 13:55:00,,1225.7,,,-41.699999999962074,-0.04176858740870027,0
2022-09-08 15:10:00,2022-09-08 15:10:00,,1233.2,,,-93.20000000002119,-0.09333401269534133,0
2022-09-16 12:15:00,2022-09-16 12:15:00,,1194.0,,,-60.00000000001364,-0.06017062454390671,0
2022-09-20 15:10:00,2022-09-20 15:10:00,,1191.4,,,-339.29999999995744,-0.3405171543458076,0
2022-09-21 09:15:00,2022-09-21 09:15:00,,1195.3,,,1487.7000000000119,1.487757491748917,0
2022-09-23 12:40:00,2022-09-23 12:40:00,,1165.4,,,-149.99999999994884,-0.15002811320147513,0
2022-09-26 09:20:00,2022-09-26 09:20:00,,1149.5,,,1280.5,1.28261966124757,0
2022-09-26 11:40:00,2022-09-26 11:40:00,,1138.3617315822253,,,1995.5352415283596,2.00000000000004,0
2022-09-26 11:50:00,2022-09-26 11:50:00,,1137.8,,,-179.1999999999898,-0.17948983809200653,0
2022-09-26 12:00:00,2022-09-26 12:00:00,,1137.1,,,-22.500000000030695,-0.0225885567354832,0
2022-09-26 12:10:00,2022-09-26 12:10:00,,1137.7,,,47.60000000001082,0.04772534919220158,0
2022-09-26 12:20:00,2022-09-26 12:20:00,,1136.2,,,-550.0000000000114,-0.5521345781346703,0
2022-09-26 12:30:00,2022-09-26 12:30:00,,1136.9,,,284.05000000002246,0.28442123003012476,0
2022-09-26 15:00:00,2022-09-26 15:00:00,,1132.35,,,-193.7000000000271,-0.19370399341065675,0
2022-09-26 15:10:00,2022-09-26 15:10:00,,1133.6,,,281.6999999999573,0.2823744543769863,0
2022-09-27 09:45:00,2022-09-27 09:45:00,,1130.3,,,53.00000000001205,0.05310222759321634,0
2022-09-27 09:55:00,2022-09-27 09:55:00,,1126.4,,,-384.0,-0.38405862128810503,0
2022-09-27 10:05:00,2022-09-27 10:05:00,,1128.4,,,533.4000000000347,0.5338137233593382,0
2022-09-27 10:25:00,2022-09-27 10:25:00,,1126.1,,,289.2999999999761,0.28964519582030634,0
2022-09-28 15:15:00,2022-09-28 15:15:00,,1110.1,,,-221.20000000001437,-0.22171450707095972,0
2022-09-29 13:20:00,2022-09-29 13:20:00,,1103.7,,,-490.0499999999595,-0.4904965357269128,0
2022-10-06 09:25:00,2022-10-06 09:25:00,,1160.25,,,562.7999999999756,0.5648638013756548,0
2022-10-07 14:10:00,2022-10-07 14:10:00,,1162.95,,,-50.00000000006821,-0.05004540300679108,0
2022-10-07 14:20:00,2022-10-07 14:20:00,,1162.7,,,439.1999999999334,0.439907540073387,0
2022-10-07 14:30:00,2022-10-07 14:30:00,,1162.5,,,-48.999999999955435,-0.04902089837955336,0
2022-10-07 14:40:00,2022-10-07 14:40:00,,1162.2,,,95.80000000002178,0.09589019427668218,0
2022-10-07 14:50:00,2022-10-07 14:50:00,,1162.7,,,0.0,0.0,0
2022-10-11 14:25:00,2022-10-11 14:25:00,,1129.9685735465137,,,1997.2277136620073,2.0,0
2022-10-11 15:05:00,2022-10-11 15:05:00,,1125.35,,,108.29999999998358,0.10831022901710524,0
2022-10-11 15:15:00,2022-10-11 15:15:00,,1122.95,,,-418.75,-0.4189467688258051,0
2022-10-11 15:25:00,2022-10-11 15:25:00,,1121.65,,,-47.39999999995689,-0.04751970792240849,0
2022-10-12 09:20:00,2022-10-12 09:20:00,,1124.45,,,262.0,0.2629415275948161,0
2022-10-14 14:40:00,2022-10-14 14:40:00,,1133.2092486088686,,,1998.2600926220066,2.0,0
2022-10-14 15:05:00,2022-10-14 15:05:00,,1129.4486844340242,,,1995.4999150708045,2.0,0
2022-10-17 09:20:00,2022-10-17 09:20:00,,1119.05,,,-110.70000000001119,-0.11101894006349554,0
2022-10-19 10:20:00,2022-10-19 10:20:00,,1191.4001853720072,,,-999.041152585572,-1.0,0
2022-10-21 14:10:00,2022-10-21 14:10:00,,1180.05,,,803.0,0.8055118820237458,0
2022-10-25 15:10:00,2022-10-25 15:10:00,,1163.5,,,-199.0,-0.19928533780179397,0
2022-10-25 15:20:00,2022-10-25 15:20:00,,1162.9,,,157.20000000003574,0.157298593140737,0
2022-10-31 09:20:00,2022-10-31 09:20:00,,1209.5,,,1244.3999999999778,1.2493974546607483,0
2022-10-31 11:35:00,2022-10-31 11:35:00,,1218.1,,,450.0,0.4509405998483317,0
2022-11-03 15:05:00,2022-11-03 15:05:00,,1218.6,,,40.20000000005484,0.04025938152225287,0
2022-11-07 09:20:00,2022-11-07 09:20:00,,1238.8,,,91.49999999998613,0.09171607825514863,0
2022-11-07 14:40:00,2022-11-07 14:40:00,,1242.0,,,523.600000000034,0.5247753777512926,0
2022-11-10 14:25:00,2022-11-10 14:25:00,,1225.0,,,211.05000000002133,0.21109933128889652,0
2022-11-10 14:35:00,2022-11-10 14:35:00,,1225.85,,,542.7999999999356,0.5433198194803465,0
2022-11-11 09:25:00,2022-11-11 09:25:00,,1243.1,,,578.8500000000413,0.57945092644033,0
2022-11-18 11:05:00,2022-11-18 11:05:00,,1227.0859362735619,,,-999.5582405269281,-1.0,0
2022-11-18 11:15:00,2022-11-18 11:15:00,,1230.2,,,287.100000000029,0.28757660752548525,0
2022-11-18 13:45:00,2022-11-18 13:45:00,,1228.7,,,247.00000000003456,0.24754910021849044,0
2022-11-18 13:55:00,2022-11-18 13:55:00,,1227.7,,,113.99999999998272,0.11404181540488577,0
2022-11-18 14:05:00,2022-11-18 14:05:00,,1228.5,,,79.20000000001801,0.07925616125064965,0
2022-11-18 14:15:00,2022-11-18 14:15:00,,1227.0,,,-152.40000000003465,-0.15277729219453043,0
2022-11-18 15:10:00,2022-11-18 15:10:00,,1239.1,,,-598.499999999957,-0.5999633891526327,0
2022-11-18 15:20:00,2022-11-18 15:20:00,,1238.5,,,48.90000000002965,0.049036832913644274,0
2022-11-21 09:15:00,2022-11-21 09:15:00,,1232.0815474973083,,,1995.295280947481,2.0,0
2022-11-21 12:50:00,2022-11-21 12:50:00,,1216.2,,,171.60000000003902,0.17174760770962716,0
2022-11-21 13:15:00,2022-11-21 13:15:00,,1215.6,,,-91.40000000002078,-0.09146728411585292,0
2022-11-21 14:20:00,2022-11-21 14:20:00,,1212.85,,,-719.2000000000226,-0.7199741973554454,0
2022-11-21 14:30:00,2022-11-21 14:30:00,,1212.9,,,-236.5,-0.23696715716126796,0
2022-11-21 14:40:00,2022-11-21 14:40:00,,1213.1,,,-279.00000000006344,-0.27912640107175385,0
2022-11-22 09:25:00,2022-11-22 09:25:00,,1211.9,,,345.0,0.3457223951648638,0
2022-11-22 14:25:00,2022-11-22 14:25:00,,1221.15,,,354.75,0.3550068762483802,0
2022-11-22 15:15:00,2022-11-22 15:15:00,,1223.7,,,-129.2999999999804,-0.12931712005476742,0
2022-11-22 15:25:00,2022-11-22 15:25:00,,1222.4,,,648.0,0.6480989149064604,0
2022-11-23 09:20:00,2022-11-23 09:20:00,,1224.25,,,386.39999999998327,0.38684647040602127,0
2022-11-23 09:35:00,2022-11-23 09:35:00,,1223.85,,,872.1000000000622,0.874249110330421,0
2022-11-24 13:25:00,2022-11-24 13:25:00,,1216.0,,,629.199999999948,0.6296538941830694,0
2022-11-25 13:05:00,2022-11-25 13:05:00,,1248.25,,,-382.8500000000183,-0.3829421251919074,0
2022-11-25 13:15:00,2022-11-25 13:15:00,,1249.1,,,373.0,0.3736507915760719,0
2022-11-25 13:30:00,2022-11-25 13:30:00,,1249.6,,,-314.99999999995225,-0.3151679711445005,0
2022-11-28 14:50:00,2022-11-28 14:50:00,,1293.8,,,392.8500000000397,0.39356560887132136,0
2022-11-28 15:00:00,2022-11-28 15:00:00,,1292.2,,,383.4999999999866,0.38386499020043413,0
2022-11-29 12:10:00,2022-11-29 12:10:00,,1298.7,,,226.5,0.22694002816105993,0
2022-11-29 12:20:00,2022-11-29 12:20:00,,1299.1,,,481.10000000001287,0.48180394762453205,0
2022-11-29 12:30:00,2022-11-29 12:30:00,,1300.95,,,-84.29999999998722,-0.08451303818774945,0
2022-11-29 12:40:00,2022-11-29 12:40:00,,1297.1,,,1047.2500000000537,1.0484324635712974,0
2022-12-01 10:05:00,2022-12-01 10:05:00,,1311.75,,,-321.25,-0.32169513995129434,0
2022-12-01 10:15:00,2022-12-01 10:15:00,,1310.1,,,387.0,0.38743977009905073,0
2022-12-01 15:00:00,2022-12-01 15:00:00,,1299.08211536689,,,1996.661161042622,1.9999999999999076,0
2022-12-01 15:10:00,2022-12-01 15:10:00,,1297.35,,,497.3499999999376,0.49772116857741877,0
2022-12-01 15:20:00,2022-12-01 15:20:00,,1298.8,,,210.5999999999558,0.21089435277400284,0
2022-12-02 11:55:00,2022-12-02 11:55:00,,1293.0,,,495.6000000000322,0.4960082289863518,0
2022-12-02 12:05:00,2022-12-02 12:05:00,,1290.0,,,-119.6999999999689,-0.11975039929219419,0
2022-12-02 12:15:00,2022-12-02 12:15:00,,1288.65,,,-185.89999999998463,-0.18637812001395818,0
2022-12-02 12:25:00,2022-12-02 12:25:00,,1288.05,,,-316.35000000001514,-0.31725080813155054,0
2022-12-06 13:35:00,2022-12-06 13:35:00,,1283.6,,,441.60000000001673,0.44185048468455795,0
2022-12-06 13:50:00,2022-12-06 13:50:00,,1283.75,,,210.09999999998263,0.2105491001634743,0
2022-12-07 11:20:00,2022-12-07 11:20:00,,1270.0867468981276,,,1998.7765285699716,2.0,0
2022-12-07 15:20:00,2022-12-07 15:20:00,,1260.65,,,14.600000000053114,0.014632189033643266,0
2022-12-09 12:40:00,2022-12-09 12:40:00,,1251.3392273335194,,,1997.7417552799263,1.9999999999999347,0
2022-12-12 09:15:00,2022-12-12 09:15:00,,1238.199098824897,,,1996.7973877840018,2.000000000000075,0
2022-12-12 09:25:00,2022-12-12 09:25:00,,1236.65,,,881.25,0.8824129225169475,0
2022-12-12 13:55:00,2022-12-12 13:55:00,,1241.1,,,353.39999999993233,0.35351129910964796,0
2022-12-14 13:50:00,2022-12-14 13:50:00,,1246.05,,,178.84999999995352,0.17898039572918023,0
2022-12-14 14:05:00,2022-12-14 14:05:00,,1245.1,,,-580.800000000022,-0.5818047570710455,0
2022-12-14 14:15:00,2022-12-14 14:15:00,,1247.3,,,1165.0,1.1650839754240159,0
2022-12-15 12:55:00,2022-12-15 12:55:00,,1234.85,,,206.99999999991633,0.20707521297664908,0
2022-12-15 14:30:00,2022-12-15 14:30:00,,1230.0684887711625,,,1999.4657438670736,1.9999999999998939,0
2022-12-15 14:40:00,2022-12-15 14:40:00,,1225.9482365523893,,,-999.4994652345326,-1.0,0
2022-12-15 14:50:00,2022-12-15 14:50:00,,1228.3,,,303.19999999998277,0.30342141158430447,0
2022-12-16 14:25:00,2022-12-16 14:25:00,,1227.65,,,526.3000000000252,0.5270898682997859,0
2022-12-16 15:05:00,2022-12-16 15:05:00,,1222.4,,,-228.59999999996535,-0.22941583627956408,0
2022-12-16 15:15:00,2022-12-16 15:15:00,,1222.0,,,203.19999999998845,0.2033357875625254,0
2022-12-19 14:45:00,2022-12-19 14:45:00,,1235.45,,,244.5,0.24487522613918677,0
2022-12-19 14:55:00,2022-12-19 14:55:00,,1238.0,,,31.899999999970987,0.0319459892145291,0
2022-12-19 15:05:00,2022-12-19 15:05:00,,1238.55,,,-504.89999999995825,-0.5057132018535584,0
2022-12-19 15:15:00,2022-12-19 15:15:00,,1239.1,,,15.300000000055661,0.01532927868936965,0
2022-12-19 15:25:00,2022-12-19 15:25:00,,1240.6,,,-276.24999999997044,-0.27687861437956623,0
2022-12-20 15:05:00,2022-12-20 15:05:00,,1250.6,,,-616.7999999999649,-0.6178402549706605,0
2022-12-20 15:15:00,2022-12-20 15:15:00,,1249.05,,,402.9999999999882,0.40349016532183773,0
2022-12-20 15:25:00,2022-12-20 15:25:00,,1248.7,,,235.79999999996426,0.2366164265675606,0
2022-12-21 09:20:00,2022-12-21 09:20:00,,1250.6,,,706.8000000000338,0.7094121443526589,0
2022-12-21 09:30:00,2022-12-21 09:30:00,,1246.8,,,1023.3999999999892,1.0267500517312191,0
2022-12-21 13:55:00,2022-12-21 13:55:00,,1232.5,,,247.0,0.24727024588025975,0
2022-12-21 14:05:00,2022-12-21 14:05:00,,1234.4,,,556.8000000000211,0.5573705771431595,0
2022-12-21 14:15:00,2022-12-21 14:15:00,,1232.3,,,-309.4000000000201,-0.3099067728315779,0
2022-12-21 15:20:00,2022-12-21 15:20:00,,1230.7,,,-145.59999999996944,-0.14591743885543532,0
2022-12-23 09:25:00,2022-12-23 09:25:00,,1226.95,,,661.8499999999901,0.6626305954048691,0
2022-12-23 11:45:00,2022-12-23 11:45:00,,1206.9858002436742,,,-998.765342249214,-1.0,0
2022-12-23 13:45:00,2022-12-23 13:45:00,,1197.25,,,592.900000000011,0.5939784816755126,0
2022-12-23 13:55:00,2022-12-23 13:55:00,,1198.9,,,84.35000000003288,0.08454740567697006,0
2022-12-23 14:05:00,2022-12-23 14:05:00,,1197.9,,,192.80000000004384,0.19329209601934236,0
2022-12-23 15:10:00,2022-12-23 15:10:00,,1192.8,,,326.25000000001023,0.3272599225602872,0
2022-12-23 15:20:00,2022-12-23 15:20:00,,1193.85,,,364.2499999999893,0.36466508810376064,0
2022-12-26 13:45:00,2022-12-26 13:45:00,,1206.3,,,297.5999999999831,0.2977409412614469,0
2022-12-26 14:25:00,2022-12-26 14:25:00,,1207.2,,,-20.399999999981446,-0.020403090268761442,0
2022-12-26 14:35:00,2022-12-26 14:35:00,,1207.7,,,-147.35000000005743,-0.14743083011391422,0
2022-12-26 14:45:00,2022-12-26 14:45:00,,1208.15,,,-126.30000000007658,-0.12630084130618047,0
2022-12-26 14:55:00,2022-12-26 14:55:00,,1210.572818898993,,,-999.0188351932456,-1.0,0
2022-12-27 13:20:00,2022-12-27 13:20:00,,1210.2,,,105.29999999998404,0.10555052770997479,0
2022-12-27 13:45:00,2022-12-27 13:45:00,,1210.35,,,-94.25,-0.09435105174879042,0
2022-12-27 13:55:00,2022-12-27 13:55:00,,1210.35,,,78.40000000001783,0.0785302423755941,0
2022-12-27 14:10:00,2022-12-27 14:10:00,,1212.1,,,-592.5,-0.5930026872869243,0
2022-12-27 14:45:00,2022-12-27 14:45:00,,1211.7,,,383.0,0.38309756765860736,0
2022-12-27 15:05:00,2022-12-27 15:05:00,,1211.8,,,868.8000000000329,0.8696964611701165,0
2022-12-28 13:50:00,2022-12-28 13:50:00,,1212.372044753456,,,-998.7255711658458,-1.0,0
2022-12-28 14:00:00,2022-12-28 14:00:00,,1212.1,,,-579.7999999999797,-0.58044233274569,0
2022-12-28 14:10:00,2022-12-28 14:10:00,,1213.5,,,64.05000000003884,0.06419151747084863,0
2022-12-28 14:20:00,2022-12-28 14:20:00,,1212.5,,,573.29999999998,0.5739230044338723,0
2022-12-28 14:30:00,2022-12-28 14:30:00,,1212.0,,,469.2000000000371,0.4700200975168347,0
2022-12-28 14:40:00,2022-12-28 14:40:00,,1213.5,,,-201.0,-0.2012349430915111,0
2022-12-28 14:50:00,2022-12-28 14:50:00,,1209.8190592595172,,,1996.3047628574882,2.0,0
2022-12-29 12:45:00,2022-12-29 12:45:00,,1205.8,,,125.69999999998095,0.12590502962059844,0
2022-12-29 12:55:00,2022-12-29 12:55:00,,1205.8,,,263.3999999999601,0.26383420662523827,0
2022-12-30 12:45:00,2022-12-30 12:45:00,,1226.9,,,193.19999999997071,0.19379718859116724,0
2022-12-30 15:05:00,2022-12-30 15:05:00,,1216.1,,,1036.7999999999738,1.0392317746762794,0
2023-01-02 15:05:00,2023-01-02 15:05:00,,1228.4,,,-526.3500000000165,-0.5268657303855644,0
2023-01-02 15:15:00,2023-01-02 15:15:00,,1228.15,,,-124.25000000004843,-0.12435217833194913,0
2023-01-02 15:25:00,2023-01-02 15:25:00,,1228.6,,,-144.39999999995075,-0.14459871165424998,0
2023-01-04 09:50:00,2023-01-04 09:50:00,,1208.5,,,243.9499999999739,0.24423301848299683,0
2023-01-09 11:25:00,2023-01-09 11:25:00,,1236.25,,,-73.75,-0.07394577882953196,0
2023-01-09 11:35:00,2023-01-09 11:35:00,,1236.0,,,216.30000000001405,0.2168691321328396,0
2023-01-09 11:45:00,2023-01-09 11:45:00,,1236.3,,,-63.800000000014506,-0.06394881345368951,0
2023-01-10 13:00:00,2023-01-10 13:00:00,,1222.6,,,700.1999999999823,0.7011923838442959,0
2023-01-10 14:40:00,2023-01-10 14:40:00,,1215.5,,,-245.70000000001596,-0.246194248403488,0
2023-01-10 14:50:00,2023-01-10 14:50:00,,1217.2,,,439.39999999998463,0.4398488706803402,0
2023-01-11 09:35:00,2023-01-11 09:35:00,,1211.5,,,696.0,0.6963447359775088,0
2023-01-11 14:15:00,2023-01-11 14:15:00,,1203.4,,,231.00000000005252,0.23143758443678267,0
2023-01-12 12:00:00,2023-01-12 12:00:00,,1183.1,,,1240.8499999999592,1.241531765023017,0
2023-01-13 09:25:00,2023-01-13 09:25:00,,1168.65,,,-294.3999999999651,-0.2949824829431177,0
2023-01-13 09:35:00,2023-01-13 09:35:00,,1169.2,,,113.8500000000115,0.1139015878189181,0
2023-01-13 09:45:00,2023-01-13 09:45:00,,1164.05,,,-516.0000000000218,-0.5178770511717059,0
2023-01-13 09:55:00,2023-01-13 09:55:00,,1162.85,,,-464.1000000000108,-0.4645879861684732,0
2023-01-13 10:05:00,2023-01-13 10:05:00,,1161.9,,,-119.0,-0.11911444187222564,0
2023-01-13 10:15:00,2023-01-13 10:15:00,,1165.35,,,737.4999999999545,0.7392426850026422,0
2023-01-20 14:35:00,2023-01-20 14:35:00,,1164.3,,,0.0,0.0,0
2023-01-20 15:10:00,2023-01-20 15:10:00,,1164.7,,,760.0,0.7617179399500283,0
2023-01-27 09:25:00,2023-01-27 09:25:00,,1121.0014654787649,,,-999.0145790848233,-1.0,0
2023-01-27 09:35:00,2023-01-27 09:35:00,,1117.7,,,453.60000000002947,0.4537650589776261,0
2023-01-27 09:45:00,2023-01-27 09:45:00,,1120.0,,,638.5999999999813,0.6401026164155373,0
2023-01-27 10:00:00,2023-01-27 10:00:00,,1115.95,,,-507.1500000000094,-0.5083589941698565,0
2023-02-01 09:25:00,2023-02-01 09:25:00,,1129.1,,,0.0,0.0,0
2023-02-01 14:50:00,2023-02-01 14:50:00,,1105.7,,,534.0,0.5340219739031906,0
2023-02-03 09:40:00,2023-02-03 09:40:00,,1095.0,,,-517.6499999999908,-0.5189090672868104,0
2023-02-07 09:25:00,2023-02-07 09:25:00,,1108.3384761373834,,,-998.853307317886,-1.0,0
2023-02-07 10:00:00,2023-02-07 10:00:00,,1108.3,,,-280.0000000000182,-0.2805478244766141,0
2023-02-16 09:20:00,2023-02-16 09:20:00,,1171.1,,,-547.1999999999862,-0.5489580254363774,0
2023-02-16 09:30:00,2023-02-16 09:30:00,,1170.3,,,602.8000000000125,0.6040140079286876,0
2023-02-16 09:40:00,2023-02-16 09:40:00,,1170.1,,,209.60000000004766,0.2103642951347325,0
2023-02-16 09:50:00,2023-02-16 09:50:00,,1170.3,,,-189.70000000001232,-0.19013445617653973,0
2023-02-16 10:00:00,2023-02-16 10:00:00,,1172.3,,,-56.00000000001273,-0.05603872463797808,0
2023-02-16 10:15:00,2023-02-16 10:15:00,,1171.5,,,132.75000000001342,0.13308463239787935,0
2023-02-17 09:20:00,2023-02-17 09:20:00,,1153.7,,,273.59999999998445,0.2743904235104673,0
2023-02-21 13:45:00,2023-02-21 13:45:00,,1164.0,,,0.0,0.0,0
2023-02-23 09:20:00,2023-02-23 09:20:00,,1125.7033701169353,,,-997.8777510605685,-1.0,0
2023-02-23 09:35:00,2023-02-23 09:35:00,,1128.3,,,269.9999999999591,0.27000061439620204,0
2023-02-23 15:15:00,2023-02-23 15:15:00,,1127.6,,,70.19999999993615,0.0702594058970749,0
2023-03-06 13:15:00,2023-03-06 13:15:00,,1153.85,,,-90.39999999991778,-0.09057603326611412,0
2023-03-06 13:25:00,2023-03-06 13:25:00,,1152.3,,,914.0,0.9141425475643595,0
2023-03-08 09:25:00,2023-03-08 09:25:00,,1140.85,,,0.0,0.0,0
2023-03-09 13:45:00,2023-03-09 13:45:00,,1127.2,,,208.0,0.2080992977381477,0
2023-03-10 09:45:00,2023-03-10 09:45:00,,1107.7,,,268.4000000000333,0.26919839001274964,0
2023-03-13 12:50:00,2023-03-13 12:50:00,,1100.0,,,240.30000000002428,0.24040795030672352,0
2023-03-13 13:00:00,2023-03-13 13:00:00,,1098.95,,,197.25,0.19740828856679768,0
2023-03-13 14:35:00,2023-03-13 14:35:00,,1086.6,,,-453.2500000000334,-0.4543928645081732,0
2023-03-13 14:45:00,2023-03-13 14:45:00,,1088.6,,,399.0,0.4001815490675734,0
2023-03-13 14:55:00,2023-03-13 14:55:00,,1087.9,,,-141.59999999997854,-0.14165865929504873,0
2023-03-13 15:05:00,2023-03-13 15:05:00,,1086.65,,,-236.0,-0.23643509007716912,0
2023-03-13 15:15:00,2023-03-13 15:15:00,,1090.1,,,454.0999999999674,0.45534917527500673,0
2023-03-15 15:15:00,2023-03-15 15:15:00,,1062.6201255681613,,,-999.316427848044,-1.0,0
2023-03-16 09:20:00,2023-03-16 09:20:00,,1060.4,,,249.9000000000433,0.24995229577617747,0
2023-03-16 09:30:00,2023-03-16 09:30:00,,1053.5240537363168,,,-997.7157481197964,-1.0,0
2023-03-16 09:40:00,2023-03-16 09:40:00,,1052.45,,,-54.25,-0.05432463336315115,0
2023-03-16 09:50:00,2023-03-16 09:50:00,,1053.75,,,563.54999999999,0.5655241449903677,0
2023-03-16 10:00:00,2023-03-16 10:00:00,,1053.55,,,56.5,0.05665647507580864,0
2023-03-22 09:20:00,2023-03-22 09:20:00,,1090.4,,,0.0,0.0,0
2023-03-22 09:30:00,2023-03-22 09:30:00,,1086.6,,,1076.4000000000142,1.0771794963880381,0
2023-03-22 13:40:00,2023-03-22 13:40:00,,1089.2,,,367.5000000000239,0.36794494505541947,0
2023-03-23 09:20:00,2023-03-23 09:20:00,,1076.85,,,636.3999999999596,0.6364867591623623,0
2023-03-24 14:35:00,2023-03-24 14:35:00,,1055.55,,,612.2999999999786,0.6133018262184043,0
2023-03-24 15:05:00,2023-03-24 15:05:00,,1051.5,,,232.1999999999648,0.2323382544679406,0
2023-03-24 15:15:00,2023-03-24 15:15:00,,1049.0,,,-424.5999999999649,-0.4253659783408356,0
2023-03-24 15:25:00,2023-03-24 15:25:00,,1050.8,,,895.4000000000185,0.8962133735418387,0
2023-03-29 11:45:00,2023-03-29 11:45:00,,1055.2,,,207.5,0.2076680706481958,0
2023-03-31 13:35:00,2023-03-31 13:35:00,,1110.5,,,750.599999999981,0.7513912991298655,0
2023-03-31 13:45:00,2023-03-31 13:45:00,,1112.3,,,-242.39999999996326,-0.24242475284830348,0
2023-03-31 13:55:00,2023-03-31 13:55:00,,1114.8,,,-613.5,-0.6137478012899167,0
2023-03-31 14:05:00,2023-03-31 14:05:00,,1115.1,,,60.00000000003638,0.060001701735657206,0
2023-03-31 14:15:00,2023-03-31 14:15:00,,1113.75,,,-219.9999999999818,-0.2203764311503792,0
2023-04-05 15:25:00,2023-04-05 15:25:00,,1108.1,,,419.4000000000424,0.4198379125268926,0
2023-04-10 14:25:00,2023-04-10 14:25:00,,1107.4,,,-95.75,-0.09598176032195838,0
2023-04-11 15:25:00,2023-04-11 15:25:00,,1112.4,,,1035.4999999999256,1.0355437121828515,0
2023-04-13 09:30:00,2023-04-13 09:30:00,,1125.55,,,449.55000000004543,0.450816576683076,0
2023-04-17 09:25:00,2023-04-17 09:25:00,,1122.4,,,676.7999999999829,0.6778212360872494,0
2023-04-20 15:15:00,2023-04-20 15:15:00,,1118.8,,,381.5000000000248,0.3821638464898929,0
2023-04-21 14:05:00,2023-04-21 14:05:00,,1120.9,,,-624.1500000000299,-0.6246436768670545,0
2023-04-21 14:20:00,2023-04-21 14:20:00,,1122.7182561798854,,,-998.3068405134345,-1.0,0
2023-04-21 14:30:00,2023-04-21 14:30:00,,1122.4,,,798.599999999934,0.7995840493544205,0
2023-04-21 14:40:00,2023-04-21 14:40:00,,1120.7,,,699.0,0.6995106335628369,0
2023-04-25 13:45:00,2023-04-25 13:45:00,,1126.15,,,-634.1000000001018,-0.6345775745040224,0
2023-04-25 14:05:00,2023-04-25 14:05:00,,1126.2,,,-59.700000000081445,-0.05977875391956987,0
2023-04-25 14:15:00,2023-04-25 14:15:00,,1129.8948170313554,,,-999.7130864650014,-1.0,0
2023-04-25 14:25:00,2023-04-25 14:25:00,,1133.6,,,-704.5499999999417,-0.7047685090400829,0
2023-05-02 13:10:00,2023-05-02 13:10:00,,1165.2,,,-109.00000000002478,-0.10914408425608653,0
2023-05-02 13:20:00,2023-05-02 13:20:00,,1164.9,,,54.099999999950796,0.05411638161025399,0
2023-05-02 13:30:00,2023-05-02 13:30:00,,1165.3,,,79.5000000000482,0.07961224804540037,0
2023-05-02 13:40:00,2023-05-02 13:40:00,,1165.0,,,83.40000000005057,0.08350058498623161,0
2023-05-02 13:50:00,2023-05-02 13:50:00,,1165.3,,,-116.60000000002651,-0.1166699002741057,0
2023-05-03 13:55:00,2023-05-03 13:55:00,,1152.2,,,142.20000000003233,0.1423704418117664,0
2023-05-08 12:45:00,2023-05-08 12:45:00,,1179.8,,,119.25,0.11926034635990045,0
2023-05-09 12:30:00,2023-05-09 12:30:00,,1185.0,,,-705.6000000000458,-0.7061421814202884,0
2023-05-12 09:35:00,2023-05-12 09:35:00,,1173.65,,,115.0,0.11501360902331012,0
2023-05-12 09:50:00,2023-05-12 09:50:00,,1171.7,,,-75.29999999998859,-0.07533378130170115,0
2023-05-12 13:55:00,2023-05-12 13:55:00,,1181.7,,,-286.5,-0.2866035141531816,0
2023-05-12 14:05:00,2023-05-12 14:05:00,,1183.1,,,-109.3999999999005,-0.10945672811396985,0
2023-05-12 14:15:00,2023-05-12 14:15:00,,1181.9,,,245.24999999990087,0.2455471411682738,0
2023-05-12 14:30:00,2023-05-12 14:30:00,,1180.1,,,837.0,0.8376867989261285,0
2023-05-12 15:00:00,2023-05-12 15:00:00,,1183.6,,,642.6000000000172,0.6442095375782496,0
2023-05-12 15:10:00,2023-05-12 15:10:00,,1183.95,,,-113.09999999998286,-0.11328979750320986,0
2023-05-12 15:20:00,2023-05-12 15:20:00,,1183.7,,,20.349999999981492,0.02038482161599174,0
2023-05-15 13:30:00,2023-05-15 13:30:00,,1190.9,,,311.5,0.31195998270874087,0
2023-05-15 13:40:00,2023-05-15 13:40:00,,1191.4,,,-92.7000000000562,-0.09279041367099691,0
2023-05-15 13:50:00,2023-05-15 13:50:00,,1192.1,,,271.80000000002747,0.27193155350132575,0
2023-05-15 14:00:00,2023-05-15 14:00:00,,1192.1,,,-91.64999999991664,-0.09169849077600277,0
2023-05-16 14:55:00,2023-05-16 14:55:00,,1171.2,,,106.75,0.10676761377638018,0
2023-05-16 15:05:00,2023-05-16 15:05:00,,1169.6,,,-203.5,-0.20377641379791397,0
2023-05-16 15:15:00,2023-05-16 15:15:00,,1169.3,,,79.40000000001805,0.0795421990523908,0
2023-05-17 12:00:00,2023-05-17 12:00:00,,1159.25,,,-70.60000000001605,-0.07070772991410323,0
2023-05-19 15:20:00,2023-05-19 15:20:00,,1164.1,,,70.00000000001592,0.07009304959773364,0
2023-05-22 09:20:00,2023-05-22 09:20:00,,1167.5388578704021,,,-999.6831226967925,-1.0,0
2023-05-24 09:15:00,2023-05-24 09:15:00,,1166.2562477557753,,,1998.807307029811,2.0,0
2023-05-24 09:25:00,2023-05-24 09:25:00,,1166.8,,,756.6499999999628,0.757793040934523,0
2023-05-24 14:50:00,2023-05-24 14:50:00,,1161.35,,,-68.55000000004156,-0.06861522668150312,0
2023-05-24 15:00:00,2023-05-24 15:00:00,,1161.2,,,207.00000000002092,0.20733353132669438,0
2023-05-25 09:40:00,2023-05-25 09:40:00,,1157.7,,,353.0,0.35360834664079305,0
2023-05-26 14:25:00,2023-05-26 14:25:00,,1194.35,,,-26.149999999976217,-0.026186666703530245,0
2023-05-26 14:35:00,2023-05-26 14:35:00,,1194.85,,,-326.9499999999314,-0.3273942382952657,0
2023-05-29 09:20:00,2023-05-29 09:20:00,,1200.6,,,440.8000000000138,0.44109854295733586,0
2023-05-29 09:30:00,2023-05-29 09:30:00,,1200.3,,,198.10000000001287,0.19838205958449487,0
2023-05-29 09:40:00,2023-05-29 09:40:00,,1201.6,,,-176.39999999997326,-0.17683570083706748,0
2023-05-29 14:15:00,2023-05-29 14:15:00,,1202.45,,,-220.8000000000502,-0.22113171184381805,0
2023-05-29 14:25:00,2023-05-29 14:25:00,,1202.05,,,756.9000000000237,0.7571092315871882,0
2023-05-31 15:15:00,2023-05-31 15:15:00,,1176.1,,,-128.10000000004993,-0.12842377468244856,0
2023-06-06 15:25:00,2023-06-06 15:25:00,,1183.8,,,0.0,0.0,0
2023-06-07 09:20:00,2023-06-07 09:20:00,,1184.1,,,-289.7999999999247,-0.29007937632726016,0
2023-06-09 12:10:00,2023-06-09 12:10:00,,1193.3,,,185.6000000000422,0.18592107368231198,0
2023-06-12 09:15:00,2023-06-12 09:15:00,,1180.5714566588115,,,1998.132886121939,2.0,0
2023-06-12 09:25:00,2023-06-12 09:25:00,,1179.6,,,598.6499999999442,0.6004987774790614,0
2023-06-12 09:35:00,2023-06-12 09:35:00,,1176.95,,,70.5,0.07073577432195187,0
2023-06-12 13:50:00,2023-06-12 13:50:00,,1184.6,,,248.85000000002515,0.24898501634584347,0
2023-06-12 14:15:00,2023-06-12 14:15:00,,1184.7,,,363.5999999999449,0.3636918854585427,0
2023-06-12 14:55:00,2023-06-12 14:55:00,,1186.0,,,-471.1000000000306,-0.4715303565211795,0
2023-06-13 09:20:00,2023-06-13 09:20:00,,1188.7,,,22.249999999979764,0.02227680887138169,0
2023-06-13 15:20:00,2023-06-13 15:20:00,,1201.1,,,292.0500000000966,0.2923016846334611,0
2023-06-14 13:40:00,2023-06-14 13:40:00,,1216.85,,,192.1500000000749,0.19232670350539555,0
2023-06-16 14:15:00,2023-06-16 14:15:00,,1227.6,,,-252.39999999991392,-0.2524557418860704,0
2023-06-16 14:25:00,2023-06-16 14:25:00,,1228.7,,,-249.20000000005666,-0.2494672514997498,0
2023-06-16 14:35:00,2023-06-16 14:35:00,,1229.6,,,-478.3999999999728,-0.4790676005207733,0
2023-06-16 14:45:00,2023-06-16 14:45:00,,1227.9,,,626.8499999999729,0.6275062350086081,0
2023-06-16 15:20:00,2023-06-16 15:20:00,,1228.9,,,482.5,0.48367582791058106,0
2023-06-19 13:25:00,2023-06-19 13:25:00,,1214.4,,,-78.74999999992838,-0.07887270917289652,0
2023-06-19 14:15:00,2023-06-19 14:15:00,,1212.95,,,0.0,0.0,0
2023-06-20 09:25:00,2023-06-20 09:25:00,,1209.2,,,-320.39999999995143,-0.32084651746200465,0
2023-06-20 15:10:00,2023-06-20 15:10:00,,1220.026988622914,,,-999.362776733881,-1.0,0
2023-06-20 15:25:00,2023-06-20 15:25:00,,1221.05,,,-77.3999999999296,-0.07752771712846994,0
2023-06-21 14:15:00,2023-06-21 14:15:00,,1222.3,,,723.4499999999687,0.7235231382427233,0
2023-06-22 14:35:00,2023-06-22 14:35:00,,1210.8,,,697.2000000000264,0.6972400824029923,0
2023-06-22 15:15:00,2023-06-22 15:15:00,,1207.9,,,-339.5999999999485,-0.3401194666886309,0
2023-06-22 15:25:00,2023-06-22 15:25:00,,1210.1,,,1135.6999999999748,1.1359731625817775,0
2023-06-23 09:20:00,2023-06-23 09:20:00,,1202.75,,,-951.149999999983,-0.951400533280333,0
2023-06-23 09:30:00,2023-06-23 09:30:00,,1201.8,,,-344.0,-0.3448343815320747,0
2023-06-23 09:40:00,2023-06-23 09:40:00,,1201.1,,,274.5499999999706,0.27517162043152604,0
2023-06-23 14:20:00,2023-06-23 14:20:00,,1197.9690979182503,,,1999.3274325478378,2.000000000000113,0
2023-06-26 09:15:00,2023-06-26 09:15:00,,1194.9353954644653,,,1997.7225498435037,2.0,0
2023-06-27 14:30:00,2023-06-27 14:30:00,,1186.15,,,375.65000000012424,0.37583192526965314,0
2023-06-28 09:25:00,2023-06-28 09:25:00,,1195.3,,,-206.5,-0.20689702010856972,0
2023-06-30 12:40:00,2023-06-30 12:40:00,,1212.35,,,77.10000000004675,0.07723122547074845,0
2023-07-03 11:50:00,2023-07-03 11:50:00,,1238.45,,,45.2999999999588,0.04538950490180051,0
2023-07-03 12:35:00,2023-07-03 12:35:00,,1241.25,,,495.30000000001155,0.49596042945842744,0
2023-07-03 14:20:00,2023-07-03 14:20:00,,1248.2,,,-166.5,-0.16666075367797473,0
2023-07-03 14:30:00,2023-07-03 14:30:00,,1246.9,,,515.1999999999707,0.5156258066327307,0
2023-07-05 14:40:00,2023-07-05 14:40:00,,1229.55,,,423.75,0.4239863281140281,0
2023-07-05 14:55:00,2023-07-05 14:55:00,,1229.2,,,315.60000000007176,0.31615767676925083,0
2023-07-05 15:05:00,2023-07-05 15:05:00,,1231.0,,,1469.399999999957,1.4718063776626988,0
2023-07-07 09:40:00,2023-07-07 09:40:00,,1268.1,,,142.10000000000923,0.14239197267098302,0
2023-07-10 12:40:00,2023-07-10 12:40:00,,1310.0,,,244.1999999999798,0.2443852514697229,0
2023-07-10 12:55:00,2023-07-10 12:55:00,,1310.6,,,-93.19999999996821,-0.09352902351848513,0
2023-07-12 09:25:00,2023-07-12 09:25:00,,1330.2865505795555,,,-998.8434989457462,-1.0,0
2023-07-12 13:10:00,2023-07-12 13:10:00,,1332.0,,,537.5999999999694,0.5387198193483865,0
2023-07-12 15:20:00,2023-07-12 15:20:00,,1320.2,,,1006.3000000000316,1.006628097193284,0
2023-07-17 12:00:00,2023-07-17 12:00:00,,1314.5,,,-154.0,-0.15401867778757417,0
2023-07-17 12:10:00,2023-07-17 12:10:00,,1318.2386977443857,,,-999.7315579028862,-1.0,0
2023-07-17 12:20:00,2023-07-17 12:20:00,,1326.5416577489857,,,-998.4808542180117,-1.0,0
2023-07-18 11:10:00,2023-07-18 11:10:00,,1346.2,,,896.9999999999686,0.8975428630922982,0
2023-07-18 14:30:00,2023-07-18 14:30:00,,1344.6,,,738.3000000000584,0.7398493442034594,0
2023-07-21 09:30:00,2023-07-21 09:30:00,,1291.0,,,192.09999999997945,0.1924092588979846,0
2023-07-21 10:10:00,2023-07-21 10:10:00,,1289.2,,,-203.99999999997817,-0.20425054349093377,0
2023-07-21 10:20:00,2023-07-21 10:20:00,,1283.7,,,-119.34999999999013,-0.11983397962983489,0
2023-07-21 10:30:00,2023-07-21 10:30:00,,1280.0,,,-532.5,-0.5327207659533124,0
2023-07-21 10:40:00,2023-07-21 10:40:00,,1278.8,,,-310.8000000000202,-0.3118630390035723,0
2023-07-21 10:50:00,2023-07-21 10:50:00,,1280.2,,,247.5000000000307,0.24759087792982182,0
2023-07-21 11:00:00,2023-07-21 11:00:00,,1279.4,,,-146.3999999999778,-0.1467870822740983,0
2023-07-21 11:10:00,2023-07-21 11:10:00,,1274.85,,,-221.40000000002237,-0.2215603096135332,0
2023-07-21 12:20:00,2023-07-21 12:20:00,,1262.5,,,-669.0,-0.6704217626857489,0
2023-07-21 12:30:00,2023-07-21 12:30:00,,1267.8,,,699.5999999999904,0.7014116537983489,0
2023-07-21 12:40:00,2023-07-21 12:40:00,,1263.2,,,-261.29999999999086,-0.26251510178605836,0
2023-07-26 10:45:00,2023-07-26 10:45:00,,1267.7475436262482,,,-997.9298654065701,-1.0,0
2023-07-31 11:25:00,2023-07-31 11:25:00,,1269.05,,,-55.34999999994966,-0.0553950187858277,0
2023-07-31 13:20:00,2023-07-31 13:20:00,,1269.2,,,133.49999999997976,0.1335279863890912,0
2023-07-31 15:20:00,2023-07-31 15:20:00,,1275.4,,,-133.60000000003038,-0.1339500126881673,0
2023-08-01 15:00:00,2023-08-01 15:00:00,,1252.8775027645618,,,-997.9012587117252,-1.0,0
2023-08-02 13:35:00,2023-08-02 13:35:00,,1233.0,,,-388.0,-0.38886905897946655,0
2023-08-02 13:45:00,2023-08-02 13:45:00,,1232.8,,,113.09999999998286,0.1132525540448025,0
2023-08-04 11:50:00,2023-08-04 11:50:00,,1248.75,,,-93.09999999997581,-0.0933235745043688,0
2023-08-07 13:30:00,2023-08-07 13:30:00,,1261.85,,,70.65000000004284,0.07079966084260132,0
2023-08-07 15:15:00,2023-08-07 15:15:00,,1262.5,,,-337.4000000000219,-0.3379928494994021,0
2023-08-08 14:45:00,2023-08-08 14:45:00,,1253.5,,,248.5,0.24859233158250332,0
2023-08-09 09:30:00,2023-08-09 09:30:00,,1246.0,,,44.7000000000271,0.0447176035565218,0
2023-08-09 15:00:00,2023-08-09 15:00:00,,1260.2446217428235,,,-998.6359316460876,-1.0,0
2023-08-10 09:25:00,2023-08-10 09:25:00,,1261.7,,,-152.40000000003465,-0.15289753919386215,0
2023-08-10 14:20:00,2023-08-10 14:20:00,,1274.05,,,-16.89999999998463,-0.01692293965883161,0
2023-08-22 14:35:00,2023-08-22 14:35:00,,1258.9,,,-617.3999999999398,-0.6178630734783693,0
2023-08-22 15:25:00,2023-08-22 15:25:00,,1261.5,,,-816.0,-0.81753328383372,0
2023-08-23 10:40:00,2023-08-23 10:40:00,,1265.1,,,636.5000000000305,0.6373244646761501,0
2023-08-24 09:55:00,2023-08-24 09:55:00,,1268.0,,,428.40000000002783,0.4297814018261513,0
2023-08-24 15:25:00,2023-08-24 15:25:00,,1237.9,,,116.0,0.1161323304950066,0
2023-08-25 09:20:00,2023-08-25 09:20:00,,1234.7,,,915.200000000008,0.9203388371413306,0
2023-08-30 15:10:00,2023-08-30 15:10:00,,1209.0,,,690.2000000000448,0.6907882824000241,0
2023-08-31 15:00:00,2023-08-31 15:00:00,,1206.104635339914,,,-998.5527751982318,-1.0,0
2023-09-11 10:15:00,2023-09-11 10:15:00,,1233.25,,,-140.85000000001423,-0.14113343290438313,0
2023-09-11 14:00:00,2023-09-11 14:00:00,,1236.9,,,-427.5,-0.4277074985621008,0
2023-09-11 14:20:00,2023-09-11 14:20:00,,1236.35,,,103.20000000002346,0.10335889703737569,0
2023-09-11 14:50:00,2023-09-11 14:50:00,,1235.55,,,545.3000000000261,0.5460479798329471,0
2023-09-11 15:10:00,2023-09-11 15:10:00,,1236.5,,,375.2000000000244,0.37584060114780765,0
2023-09-11 15:20:00,2023-09-11 15:20:00,,1237.5,,,0.0,0.0,0
2023-09-12 09:55:00,2023-09-12 09:55:00,,1227.95,,,304.7500000000241,0.3048402166533611,0
2023-09-15 09:20:00,2023-09-15 09:20:00,,1231.25,,,-245.25,-0.24584697194906416,0
2023-09-18 15:15:00,2023-09-18 15:15:00,,1217.5,,,-146.60000000003333,-0.14668442028748402,0
2023-09-18 15:25:00,2023-09-18 15:25:00,,1217.0,,,-329.5,-0.3299367213071883,0
2023-09-20 09:20:00,2023-09-20 09:20:00,,1209.2,,,-339.9999999999807,-0.340344461048213,0
2023-09-21 09:20:00,2023-09-21 09:20:00,,1186.3,,,227.50000000001478,0.2279520411993991,0
2023-09-27 11:00:00,2023-09-27 11:00:00,,1178.4,,,-609.0000000000396,-0.6090119353640242,0
2023-09-27 11:40:00,2023-09-27 11:40:00,,1178.4,,,166.7999999999431,0.16697545746506734,0
2023-09-27 14:20:00,2023-09-27 14:20:00,,1181.1,,,377.3000000000245,0.37754799203480727,0
2023-09-27 14:35:00,2023-09-27 14:35:00,,1182.45,,,189.6999999999507,0.19003561848757833,0
2023-09-28 14:05:00,2023-09-28 14:05:00,,1170.3,,,43.49999999996044,0.04356275867172659,0
2023-09-28 14:35:00,2023-09-28 14:35:00,,1166.9,,,-179.5,-0.17988907193945114,0
2023-09-28 14:45:00,2023-09-28 14:45:00,,1163.850209561412,,,-998.1739292074365,-1.0,0
2023-09-28 14:55:00,2023-09-28 14:55:00,,1164.95,,,-151.20000000001528,-0.15142551565269174,0
2023-09-29 13:25:00,2023-09-29 13:25:00,,1183.45,,,-581.8500000000588,-0.5820512180162138,0
2023-09-29 13:35:00,2023-09-29 13:35:00,,1182.8,,,210.5,0.21077498315704565,0
2023-09-29 13:45:00,2023-09-29 13:45:00,,1183.5,,,-133.79999999997972,-0.13384885867257354,0
2023-09-29 13:55:00,2023-09-29 13:55:00,,1183.4,,,265.7999999999597,0.26583152842449204,0
2023-09-29 14:05:00,2023-09-29 14:05:00,,1183.65,,,136.19999999997935,0.13644445371230826,0
2023-09-29 14:15:00,2023-09-29 14:15:00,,1183.1,,,142.5000000000864,0.14271679104534166,0
2023-10-04 09:15:00,2023-10-04 09:15:00,,1155.6664079687314,,,1997.7365925098493,2.0,0
2023-10-06 13:55:00,2023-10-06 13:55:00,,1160.25,,,496.30000000003224,0.496593603465208,0
2023-10-06 14:20:00,2023-10-06 14:20:00,,1160.3,,,365.5,0.36577859296776793,0
2023-10-06 14:40:00,2023-10-06 14:40:00,,1161.15,,,405.5999999999385,0.40605354677367417,0
2023-10-09 15:20:00,2023-10-09 15:20:00,,1148.5,,,0.0,0.0,0
2023-10-10 09:15:00,2023-10-10 09:15:00,,1150.3298036519993,,,1998.2162732635743,1.9999999999998335,0
2023-10-13 09:55:00,2023-10-13 09:55:00,,1167.45,,,549.4500000000555,0.5496868505798526,0
2023-10-13 10:05:00,2023-10-13 10:05:00,,1167.0,,,535.0500000000168,0.5358932529696924,0
2023-10-13 13:15:00,2023-10-13 13:15:00,,1176.2668991029848,,,-998.2979931864008,-1.0,0
2023-10-13 13:35:00,2023-10-13 13:35:00,,1176.5,,,967.5999999999785,0.9695521551970209,0
2023-10-18 15:15:00,2023-10-18 15:15:00,,1161.7,,,536.4000000000203,0.5365156987966249,0
2023-10-19 09:20:00,2023-10-19 09:20:00,,1153.5,,,-16.499999999984993,-0.016546499557429383,0
2023-10-19 09:40:00,2023-10-19 09:40:00,,1153.1,,,278.79999999997017,0.2796170592831085,0
2023-10-23 14:40:00,2023-10-23 14:40:00,,1138.0230377176877,,,1999.091233044005,2.0,0
2023-10-23 15:10:00,2023-10-23 15:10:00,,1129.5648612003063,,,-999.5849711007986,-1.0,0
2023-10-23 15:20:00,2023-10-23 15:20:00,,1128.95,,,-560.0,-0.5612935344920028,0
2023-10-25 09:15:00,2023-10-25 09:15:00,,1128.1222811001132,,,-998.3156699660412,-1.0,0
2023-10-25 09:25:00,2023-10-25 09:25:00,,1128.8620689077507,,,-997.3689797856109,-1.0,0
2023-10-25 09:35:00,2023-10-25 09:35:00,,1134.4,,,1166.4000000000196,1.1704593645263914,0
2023-10-26 13:40:00,2023-10-26 13:40:00,,1112.0,,,280.8000000000393,0.2814465712367813,0
2023-11-03 15:15:00,2023-11-03 15:15:00,,1159.2,,,91.00000000002069,0.09115549743237492,0
2023-11-06 11:00:00,2023-11-06 11:00:00,,1167.5,,,402.50000000002615,0.40300291117840437,0
2023-11-07 14:25:00,2023-11-07 14:25:00,,1161.3524303307463,,,-998.8789693921563,-1.0,0
2023-11-07 14:40:00,2023-11-07 14:40:00,,1160.3,,,-559.5500000000268,-0.5600799436394329,0
2023-11-08 10:05:00,2023-11-08 10:05:00,,1168.4,,,431.09999999993465,0.43194445761456557,0
2023-11-09 09:20:00,2023-11-09 09:20:00,,1162.551436661658,,,-998.2026527797348,-1.0,0
2023-11-09 09:30:00,2023-11-09 09:30:00,,1162.3,,,123.25,0.1233224981125088,0
2023-11-09 09:40:00,2023-11-09 09:40:00,,1161.25,,,-535.4999999999768,-0.5358361016010589,0
2023-11-09 09:50:00,2023-11-09 09:50:00,,1160.7,,,204.00000000004638,0.2043051597215843,0
2023-11-09 10:00:00,2023-11-09 10:00:00,,1161.0,,,0.0,0.0,0
2023-11-10 15:15:00,2023-11-10 15:15:00,,1157.5,,,263.0,0.2632465918094532,0
2023-11-10 15:25:00,2023-11-10 15:25:00,,1157.95,,,27.84999999997467,0.02788512840291967,0
2023-11-12 18:25:00,2023-11-12 18:25:00,,1164.6,,,-44.799999999959255,-0.044852535686219226,0
2023-11-12 18:40:00,2023-11-12 18:40:00,,1165.8,,,-647.3999999999774,-0.6476810950619624,0
2023-11-15 09:25:00,2023-11-15 09:25:00,,1167.8112396668982,,,-997.7361974185878,-1.0,0
2023-11-15 12:45:00,2023-11-15 12:45:00,,1175.3,,,86.70000000005257,0.08675992364718656,0
2023-11-16 14:10:00,2023-11-16 14:10:00,,1185.8,,,-110.00000000002501,-0.11010241054383674,0
2023-11-16 14:20:00,2023-11-16 14:20:00,,1185.5,,,301.3999999999751,0.30163386986563606,0
2023-11-16 14:30:00,2023-11-16 14:30:00,,1184.85,,,394.5,0.395182484457798,0
2023-11-17 15:10:00,2023-11-17 15:10:00,,1179.1,,,604.4999999999789,0.6045337907514324,0
2023-11-17 15:20:00,2023-11-17 15:20:00,,1177.0,,,0.0,0.0,0
2023-11-20 09:25:00,2023-11-20 09:25:00,,1175.95,,,405.9500000000321,0.40685743698010046,0
2023-11-20 09:45:00,2023-11-20 09:45:00,,1172.0,,,171.5,0.1715411365135797,0
2023-11-20 09:55:00,2023-11-20 09:55:00,,1172.7,,,527.8000000000166,0.5290953918404652,0
2023-11-20 14:45:00,2023-11-20 14:45:00,,1176.1,,,-134.0,-0.13412618024674702,0
2023-11-20 14:55:00,2023-11-20 14:55:00,,1174.75,,,380.1000000000247,0.3801587206508375,0
2023-11-20 15:20:00,2023-11-20 15:20:00,,1175.1,,,380.8000000000866,0.38090701061252885,0
2023-11-21 09:20:00,2023-11-21 09:20:00,,1182.8,,,-640.299999999954,-0.6421896098565211,0
2023-11-21 09:30:00,2023-11-21 09:30:00,,1183.8,,,-162.5,-0.1629509175067238,0
2023-11-21 09:40:00,2023-11-21 09:40:00,,1188.2,,,-891.000000000015,-0.8913426722943761,0
2023-11-21 09:50:00,2023-11-21 09:50:00,,1188.05,,,-109.89999999997144,-0.11012573555902276,0
2023-11-21 10:00:00,2023-11-21 10:00:00,,1187.5,,,-364.55000000002883,-0.3654117956771933,0
2023-11-21 12:25:00,2023-11-21 12:25:00,,1192.6,,,153.60000000009313,0.1536802624598371,0
2023-11-21 12:35:00,2023-11-21 12:35:00,,1191.4,,,384.7999999999781,0.3852525563405585,0
2023-11-22 15:05:00,2023-11-22 15:05:00,,1194.5,,,-336.7000000000471,-0.33694130718532134,0
2023-11-22 15:15:00,2023-11-22 15:15:00,,1194.0,,,307.19999999995343,0.3073937831251245,0
2023-11-22 15:25:00,2023-11-22 15:25:00,,1193.5,,,664.2999999999768,0.6655868877545306,0
2023-11-23 12:30:00,2023-11-23 12:30:00,,1198.05,,,371.15000000005193,0.3714610229310841,0
2023-11-23 13:20:00,2023-11-23 13:20:00,,1198.7,,,126.00000000002865,0.1260750787143096,0
2023-11-28 09:35:00,2023-11-28 09:35:00,,1190.6,,,-467.500000000058,-0.4684647267642288,0
2023-11-30 09:25:00,2023-11-30 09:25:00,,1194.1,,,-465.0,-0.465721315559543,0
2023-11-30 09:35:00,2023-11-30 09:35:00,,1193.0,,,-110.0,-0.11005598169782052,0
2023-11-30 10:05:00,2023-11-30 10:05:00,,1191.0,,,-395.2000000000189,-0.39582203681712363,0
2023-12-01 15:00:00,2023-12-01 15:00:00,,1196.8,,,-29.999999999972715,-0.03004261408700658,0
2023-12-01 15:10:00,2023-12-01 15:10:00,,1197.4,,,-522.9000000000528,-0.5234543526174962,0
2023-12-01 15:20:00,2023-12-01 15:20:00,,1197.6,,,-54.199999999950705,-0.05427186755176253,0
2023-12-04 09:15:00,2023-12-04 09:15:00,,1199.302271517817,,,-998.4584208705969,-1.0,0
2023-12-04 13:30:00,2023-12-04 13:30:00,,1211.3,,,-406.7000000000264,-0.40676420054770823,0
2023-12-04 13:40:00,2023-12-04 13:40:00,,1211.15,,,-89.4000000000542,-0.08952309213317723,0
2023-12-06 09:25:00,2023-12-06 09:25:00,,1224.0,,,0.0,0.0,0
2023-12-07 14:15:00,2023-12-07 14:15:00,,1228.3,,,510.0,0.5102773896784547,0
2023-12-12 12:50:00,2023-12-12 12:50:00,,1224.3,,,-612.9500000000485,-0.6135261642790407,0
2023-12-12 13:00:00,2023-12-12 13:00:00,,1223.1,,,-244.5,-0.24484672206089725,0
2023-12-12 13:10:00,2023-12-12 13:10:00,,1223.25,,,214.6500000000217,0.21497049098792148,0
2023-12-12 13:20:00,2023-12-12 13:20:00,,1223.0,,,-198.00000000004502,-0.1982829879273001,0
2023-12-12 13:30:00,2023-12-12 13:30:00,,1222.1,,,-442.80000000004475,-0.4428801615572399,0
2023-12-12 13:40:00,2023-12-12 13:40:00,,1220.05,,,-452.20000000002165,-0.45278383538636235,0
2023-12-12 13:50:00,2023-12-12 13:50:00,,1219.0,,,-373.5,-0.3742036591446563,0
2023-12-12 14:00:00,2023-12-12 14:00:00,,1219.0,,,-119.75,-0.11996005691341984,0
2023-12-12 14:10:00,2023-12-12 14:10:00,,1218.0,,,-489.0,-0.48947923511100283,0
2023-12-12 14:20:00,2023-12-12 14:20:00,,1216.6256892769863,,,-998.4260398164156,-1.0,0
2023-12-12 14:30:00,2023-12-12 14:30:00,,1215.75,,,248.39999999996235,0.2485819035538982,0
2023-12-12 14:40:00,2023-12-12 14:40:00,,1214.0,,,-572.750000000018,-0.5740673714028958,0
2023-12-12 14:50:00,2023-12-12 14:50:00,,1211.8,,,-72.60000000001651,-0.0726374833305876,0
2023-12-12 15:00:00,2023-12-12 15:00:00,,1211.75,,,18.199999999983447,0.018241059607674696,0
2023-12-12 15:10:00,2023-12-12 15:10:00,,1211.4,,,-170.99999999993088,-0.17126525094097178,0
2023-12-12 15:20:00,2023-12-12 15:20:00,,1212.95,,,397.94999999998277,0.3981057703141813,0
2023-12-13 09:20:00,2023-12-13 09:20:00,,1209.0,,,859.599999999986,0.8604876404178128,0
2023-12-14 12:35:00,2023-12-14 12:35:00,,1234.9,,,-96.60000000002196,-0.09678900279802047,0
2023-12-14 12:45:00,2023-12-14 12:45:00,,1234.7,,,0.0,0.0,0
2023-12-14 12:55:00,2023-12-14 12:55:00,,1234.85,,,75.30000000004566,0.07544992304367902,0
2023-12-14 13:35:00,2023-12-14 13:35:00,,1236.9,,,120.25,0.12049251476585694,0
2023-12-14 13:45:00,2023-12-14 13:45:00,,1235.9,,,596.3999999999096,0.5968495055257501,0
2023-12-15 14:05:00,2023-12-15 14:05:00,,1243.95,,,1595.1499999999762,1.5966210346995882,0
2023-12-19 11:40:00,2023-12-19 11:40:00,,1282.35,,,-957.5999999999758,-0.9610629947098287,0
2023-12-20 11:00:00,2023-12-20 11:00:00,,1296.9,,,178.49999999995362,0.17851269835229255,0
2023-12-20 11:10:00,2023-12-20 11:10:00,,1298.15,,,-300.15000000002374,-0.30062434065142907,0
2023-12-20 11:20:00,2023-12-20 11:20:00,,1295.7,,,221.84999999997626,0.2221369158383811,0
2023-12-20 11:30:00,2023-12-20 11:30:00,,1295.5,,,462.40000000001237,0.4630522364904097,0
2023-12-21 12:45:00,2023-12-21 12:45:00,,1281.0,,,257.400000000026,0.2576444174618803,0
2023-12-21 12:55:00,2023-12-21 12:55:00,,1282.1,,,-173.39999999997372,-0.1735028874954996,0
2023-12-21 13:05:00,2023-12-21 13:05:00,,1280.9,,,800.799999999987,0.802130071694622,0
2023-12-22 13:25:00,2023-12-22 13:25:00,,1286.05,,,157.300000000022,0.15790795618367393,0
2023-12-26 09:30:00,2023-12-26 09:30:00,,1285.45,,,564.4499999999709,0.5670242413897838,0
2023-12-27 11:25:00,2023-12-27 11:25:00,,1298.6,,,-425.9999999999354,-0.42712672669827745,0
2023-12-27 11:35:00,2023-12-27 11:35:00,,1298.5,,,181.0,0.18136374992028687,0
2023-12-27 11:45:00,2023-12-27 11:45:00,,1298.3,,,-18.749999999982947,-0.01879502792758131,0
2023-12-29 15:25:00,2023-12-29 15:25:00,,1294.2302143065615,,,-999.4343643768696,-1.0,0
2024-01-01 09:45:00,2024-01-01 09:45:00,,1293.7280749117479,,,-997.4751477300867,-1.0,0
2024-01-01 13:20:00,2024-01-01 13:20:00,,1293.8,,,545.0,0.5458594728953391,0
2024-01-01 13:30:00,2024-01-01 13:30:00,,1295.4,,,-258.5,-0.25879473371841266,0
2024-01-01 13:40:00,2024-01-01 13:40:00,,1295.5,,,-154.19999999997663,-0.15434545478847506,0
2024-01-01 13:50:00,2024-01-01 13:50:00,,1297.5999179584196,,,-998.9544669229088,-1.0,0
2024-01-01 14:00:00,2024-01-01 14:00:00,,1297.5,,,-727.5,-0.72756765094081,0
2024-01-01 14:10:00,2024-01-01 14:10:00,,1297.5,,,-231.5,-0.23169425742530486,0
2024-01-01 14:20:00,2024-01-01 14:20:00,,1296.75,,,347.25,0.3479662480755317,0
2024-01-01 14:30:00,2024-01-01 14:30:00,,1298.3,,,-643.9999999999372,-0.6444953580030808,0
2024-01-01 14:45:00,2024-01-01 14:45:00,,1301.3932274287367,,,-997.975837783219,-1.0,0
2024-01-01 14:55:00,2024-01-01 14:55:00,,1302.45,,,-284.25,-0.2844397328564361,0
2024-01-01 15:05:00,2024-01-01 15:05:00,,1297.2,,,1224.2999999999831,1.2261312687436614,0
2024-01-02 14:15:00,2024-01-02 14:15:00,,1297.0,,,432.5,0.43338246544592174,0
2024-01-02 14:25:00,2024-01-02 14:25:00,,1297.4,,,35.09999999996808,0.0351904221205911,0
2024-01-02 14:35:00,2024-01-02 14:35:00,,1300.5,,,-925.0,-0.9273377673854531,0
2024-01-02 14:45:00,2024-01-02 14:45:00,,1304.0,,,-779.6999999999846,-0.7811399435098272,0
2024-01-02 14:55:00,2024-01-02 14:55:00,,1302.0,,,32.099999999970805,0.032129509519602216,0
2024-01-02 15:05:00,2024-01-02 15:05:00,,1304.9,,,125.99999999995703,0.1262589249546874,0
2024-01-02 15:15:00,2024-01-02 15:15:00,,1306.85,,,-229.5,-0.22970268365851165,0
2024-01-02 15:25:00,2024-01-02 15:25:00,,1304.5,,,596.6000000000286,0.5979925266865641,0
2024-01-03 09:20:00,2024-01-03 09:20:00,,1309.7,,,495.59999999997854,0.4973938590363362,0
2024-01-03 09:30:00,2024-01-03 09:30:00,,1316.3307095026241,,,-995.6025430641785,-1.0,0
2024-01-03 15:00:00,2024-01-03 15:00:00,,1295.1596940496001,,,1995.9611563583594,2.00000000000009,0
2024-01-03 15:10:00,2024-01-03 15:10:00,,1291.75,,,-341.2499999999852,-0.3421623880432065,0
2024-01-03 15:20:00,2024-01-03 15:20:00,,1290.0,,,-98.39999999998508,-0.09843254513376695,0
2024-01-04 09:15:00,2024-01-04 09:15:00,,1290.7,,,100.79999999998472,0.10108762977090055,0
2024-01-04 15:15:00,2024-01-04 15:15:00,,1298.8,,,-574.5,-0.5751918670775943,0
2024-01-05 14:15:00,2024-01-05 14:15:00,,1302.1946281645953,,,-998.5599446362653,-1.0,0
2024-01-09 10:45:00,2024-01-09 10:45:00,,1299.75,,,405.60000000001537,0.4061031546193569,0
2024-01-09 12:50:00,2024-01-09 12:50:00,,1301.1,,,-284.9999999999568,-0.2855704762576902,0
2024-01-09 13:00:00,2024-01-09 13:00:00,,1302.1,,,274.20000000006235,0.2747800152550167,0
2024-01-09 13:10:00,2024-01-09 13:10:00,,1301.7,,,-98.20000000002233,-0.09838802509582209,0
2024-01-09 13:20:00,2024-01-09 13:20:00,,1301.5,,,212.0000000000482,0.21209955329616226,0
2024-01-09 13:30:00,2024-01-09 13:30:00,,1301.4,,,304.6999999999748,0.3050641866493402,0
2024-01-09 15:10:00,2024-01-09 15:10:00,,1289.85,,,-400.20000000003165,-0.4013017375038177,0
2024-01-10 14:00:00,2024-01-10 14:00:00,,1297.9,,,385.1999999999416,0.38601658413605644,0
2024-01-10 14:10:00,2024-01-10 14:10:00,,1298.5,,,83.60000000001901,0.08368477346811147,0
2024-01-10 14:20:00,2024-01-10 14:20:00,,1300.1,,,422.4000000000524,0.42285151229901885,0
2024-01-10 14:35:00,2024-01-10 14:35:00,,1303.9130812756255,,,-998.6438528470751,-1.0,0
2024-01-10 14:45:00,2024-01-10 14:45:00,,1310.7,,,-55.20000000001255,-0.05530975514856477,0
2024-01-10 14:55:00,2024-01-10 14:55:00,,1318.623871285744,,,-998.0304055791742,-1.0,0
2024-01-10 15:05:00,2024-01-10 15:05:00,,1322.3,,,432.0,0.432654727094666,0
2024-01-11 13:10:00,2024-01-11 13:10:00,,1346.8709384998215,,,-997.6362424455783,-1.0,0
2024-01-11 13:20:00,2024-01-11 13:20:00,,1348.0,,,-742.5000000000125,-0.7440279457380683,0
2024-01-11 13:30:00,2024-01-11 13:30:00,,1347.4,,,26.4999999999759,0.026522922681861995,0
2024-01-11 13:40:00,2024-01-11 13:40:00,,1349.85,,,-430.6499999999644,-0.4318133592478655,0
2024-01-11 13:50:00,2024-01-11 13:50:00,,1352.0,,,-648.0000000000246,-0.6501367314098413,0
2024-01-11 14:00:00,2024-01-11 14:00:00,,1352.85,,,-13.199999999987995,-0.013237093978903857,0
2024-01-11 14:10:00,2024-01-11 14:10:00,,1349.6,,,901.0000000000241,0.9035838665646,0
2024-01-11 14:25:00,2024-01-11 14:25:00,,1359.2,,,86.7999999999704,0.08701230011111302,0
2024-01-11 14:40:00,2024-01-11 14:40:00,,1358.1,,,189.0000000000191,0.18923272940658942,0
2024-01-11 14:55:00,2024-01-11 14:55:00,,1359.8,,,301.00000000001955,0.30215954637088954,0
2024-01-12 11:00:00,2024-01-12 11:00:00,,1364.8,,,-64.19999999999027,-0.06421788641621952,0
2024-01-12 11:10:00,2024-01-12 11:10:00,,1365.0,,,0.0,0.0,0
2024-01-12 11:20:00,2024-01-12 11:20:00,,1368.35,,,-958.6499999999774,-0.9593396252289306,0
2024-01-12 11:30:00,2024-01-12 11:30:00,,1366.55,,,-35.99999999996726,-0.0361356060530784,0
2024-01-12 11:40:00,2024-01-12 11:40:00,,1364.95,,,215.8999999999769,0.21625855686086398,0
2024-01-12 12:50:00,2024-01-12 12:50:00,,1371.2,,,-206.50000000001342,-0.20691049741361725,0
2024-01-12 13:00:00,2024-01-12 13:00:00,,1370.0,,,237.5999999999865,0.23792009451521257,0
2024-01-15 09:20:00,2024-01-15 09:20:00,,1376.5,,,118.35000000001196,0.11840066942159139,0
2024-01-15 11:25:00,2024-01-15 11:25:00,,1386.2,,,-153.60000000003492,-0.15399940797251854,0
2024-01-15 11:35:00,2024-01-15 11:35:00,,1384.65,,,335.39999999998827,0.3362280040924151,0
2024-01-15 11:45:00,2024-01-15 11:45:00,,1386.5,,,-239.4000000000242,-0.23940534848530703,0
2024-01-15 11:55:00,2024-01-15 11:55:00,,1386.2,,,211.199999999988,0.2118635044854553,0
2024-01-15 12:05:00,2024-01-15 12:05:00,,1387.2,,,-387.8000000000252,-0.3879148587816459,0
2024-01-15 15:10:00,2024-01-15 15:10:00,,1393.6,,,658.0500000000584,0.6598021167518222,0
2024-01-15 15:25:00,2024-01-15 15:25:00,,1393.0,,,554.2000000000148,0.5551491584670366,0
2024-01-16 13:20:00,2024-01-16 13:20:00,,1382.1,,,287.99999999995634,0.28866889146648783,0
2024-01-16 13:40:00,2024-01-16 13:40:00,,1382.9,,,826.0,0.828084693168241,0
2024-01-16 15:15:00,2024-01-16 15:15:00,,1372.45,,,-693.0,-0.6946470081342763,0
2024-01-17 14:30:00,2024-01-17 14:30:00,,1357.9,,,-329.9999999999727,-0.3304685405884759,0
2024-01-17 14:40:00,2024-01-17 14:40:00,,1356.0,,,-424.20000000002756,-0.4252057536296766,0
2024-01-19 09:20:00,2024-01-19 09:20:00,,1370.55,,,425.1000000000099,0.4257420453629944,0
2024-01-20 13:55:00,2024-01-20 13:55:00,,1366.45,,,654.1500000000121,0.6550663584176986,0
2024-01-20 14:25:00,2024-01-20 14:25:00,,1360.2,,,745.6000000000106,0.7461820454284602,0
2024-01-20 14:35:00,2024-01-20 14:35:00,,1358.05,,,-415.7999999999895,-0.416083802134853,0
2024-01-20 14:45:00,2024-01-20 14:45:00,,1359.8,,,99.45000000001005,0.0995004983347619,0
2024-01-20 14:55:00,2024-01-20 14:55:00,,1357.75,,,160.5,0.16059118881562803,0
2024-01-20 15:05:00,2024-01-20 15:05:00,,1356.2,,,107.5,0.1075125846824203,0
2024-01-20 15:15:00,2024-01-20 15:15:00,,1358.6,,,358.75,0.35978222069806487,0
2024-01-23 11:55:00,2024-01-23 11:55:00,,1329.8,,,21.599999999980355,0.021624412773150425,0
2024-01-23 12:05:00,2024-01-23 12:05:00,,1329.0,,,0.0,0.0,0
2024-01-24 14:35:00,2024-01-24 14:35:00,,1338.5,,,206.25,0.20649407775402526,0
2024-01-24 14:45:00,2024-01-24 14:45:00,,1340.1,,,84.30000000005111,0.08438042836601975,0
2024-01-24 14:55:00,2024-01-24 14:55:00,,1339.95,,,71.5,0.0716112288669464,0
2024-01-24 15:10:00,2024-01-24 15:10:00,,1343.9403103259556,,,-996.3837880080064,-1.0,0
2024-01-24 15:20:00,2024-01-24 15:20:00,,1348.7,,,96.39999999996712,0.09652646973615793,0
2024-01-25 09:15:00,2024-01-25 09:15:00,,1339.2913159506656,,,1998.8775920869273,1.9999999999999443,0
2024-01-25 09:30:00,2024-01-25 09:30:00,,1346.95,,,149.25,0.14974853348510722,0
2024-01-25 13:50:00,2024-01-25 13:50:00,,1346.3,,,-92.09999999998604,-0.09230265846777058,0
2024-01-25 14:05:00,2024-01-25 14:05:00,,1352.2452949717149,,,-999.5508512881843,-1.0,0
2024-01-25 15:25:00,2024-01-25 15:25:00,,1358.2253957404885,,,-999.1664160528146,-1.0,0
2024-01-29 11:25:00,2024-01-29 11:25:00,,1402.25,,,-828.0,-0.8317980408387914,0
2024-01-30 14:45:00,2024-01-30 14:45:00,,1415.5,,,-35.10000000002128,-0.035209889564902494,0
2024-01-30 14:55:00,2024-01-30 14:55:00,,1410.8,,,-292.49999999998977,-0.2935929750308043,0
2024-02-02 11:20:00,2024-02-02 11:20:00,,1471.7158098765,,,-994.5034888814996,-1.0,0
2024-02-05 14:40:00,2024-02-05 14:40:00,,1446.029110361649,,,-999.116610075579,-1.0,0
2024-02-05 14:50:00,2024-02-05 14:50:00,,1443.8,,,-241.20000000000914,-0.24206736674168838,0
2024-02-05 15:00:00,2024-02-05 15:00:00,,1438.2,,,225.0,0.22526492075907023,0
2024-02-06 09:20:00,2024-02-06 09:20:00,,1431.4,,,41.700000000025284,0.041945398850580934,0
2024-02-06 09:35:00,2024-02-06 09:35:00,,1429.4,,,0.0,0.0,0
2024-02-08 15:20:00,2024-02-08 15:20:00,,1456.448286912929,,,-999.2505302375266,-1.0,0
2024-02-09 09:15:00,2024-02-09 09:15:00,,1463.0834718790052,,,-999.4414663419261,-1.0,0
2024-02-12 14:05:00,2024-02-12 14:05:00,,1456.95,,,117.45000000001187,0.11786298037555233,0
2024-02-13 11:15:00,2024-02-13 11:15:00,,1474.6,,,468.00000000001774,0.46945591351050714,0
2024-02-14 13:30:00,2024-02-14 13:30:00,,1472.4,,,134.39999999996508,0.13445541988123028,0
2024-02-14 13:40:00,2024-02-14 13:40:00,,1473.8,,,-77.00000000001751,-0.07710498107291294,0
2024-02-14 13:50:00,2024-02-14 13:50:00,,1474.4,,,-358.2000000000362,-0.35881855076630115,0
2024-02-14 14:00:00,2024-02-14 14:00:00,,1477.530184323237,,,-998.5313330927434,-1.0,0
2024-02-14 14:10:00,2024-02-14 14:10:00,,1478.2651844419747,,,-999.2671569454976,-1.0,0
2024-02-14 14:20:00,2024-02-14 14:20:00,,1480.0,,,-296.4000000000142,-0.2965245928918824,0
2024-02-14 14:35:00,2024-02-14 14:35:00,,1482.0,,,-309.0,-0.30995290221413774,0
2024-02-16 15:25:00,2024-02-16 15:25:00,,1463.122700825637,,,-998.1737518192858,-1.0,0
2024-02-19 13:20:00,2024-02-19 13:20:00,,1464.9,,,33.199999999969805,0.033249891402268354,0
2024-02-19 13:40:00,2024-02-19 13:40:00,,1470.178796592881,,,-998.9424177297572,-1.0,0
2024-02-19 13:50:00,2024-02-19 13:50:00,,1470.4,,,271.9999999999709,0.2724931016495511,0
2024-02-19 14:00:00,2024-02-19 14:00:00,,1471.25,,,-566.0999999999722,-0.5679207991757842,0
2024-02-19 14:10:00,2024-02-19 14:10:00,,1469.2,,,135.90000000001373,0.13620214293574495,0
2024-02-19 14:25:00,2024-02-19 14:25:00,,1478.05,,,-273.89999999997735,-0.2749606355815566,0
2024-02-20 14:25:00,2024-02-20 14:25:00,,1470.8,,,-114.09999999997035,-0.1142784828299066,0
2024-02-20 14:35:00,2024-02-20 14:35:00,,1469.85,,,377.20000000002983,0.3773994010612793,0
2024-02-20 15:10:00,2024-02-20 15:10:00,,1471.6,,,126.00000000002865,0.12601848517008576,0
2024-02-21 11:00:00,2024-02-21 11:00:00,,1485.0,,,-165.75,-0.16637457664743818,0
2024-02-21 11:10:00,2024-02-21 11:10:00,,1486.5,,,-173.39999999998145,-0.1737072048095939,0
2024-02-22 14:40:00,2024-02-22 14:40:00,,1476.6,,,-125.94999999998959,-0.12628354140007375,0
2024-02-22 14:50:00,2024-02-22 14:50:00,,1480.95,,,195.70000000000937,0.19661736275155675,0
2024-02-22 15:00:00,2024-02-22 15:00:00,,1482.0,,,277.200000000018,0.2774139241248665,0
2024-02-23 13:40:00,2024-02-23 13:40:00,,1494.45,,,0.0,0.0,0
2024-02-23 13:50:00,2024-02-23 13:50:00,,1496.4,,,-213.0,-0.21341341026183186,0
2024-02-23 14:00:00,2024-02-23 14:00:00,,1496.75,,,-346.25,-0.3472627304504907,0
2024-02-27 13:00:00,2024-02-27 13:00:00,,1494.9,,,910.0,0.9101909481194197,0
2024-02-28 11:00:00,2024-02-28 11:00:00,,1468.940645633559,,,-997.7573003431762,-1.0,0
2024-02-28 15:20:00,2024-02-28 15:20:00,,1457.3,,,1327.4999999999693,1.33194798715858,0
2024-02-29 14:40:00,2024-02-29 14:40:00,,1461.3776869983938,,,-996.5655585871953,-1.0,0
2024-03-01 10:45:00,2024-03-01 10:45:00,,1475.7,,,-19.00000000002592,-0.0190345816368883,0
2024-03-01 12:20:00,2024-03-01 12:20:00,,1485.5,,,91.60000000002083,0.09163912126502548,0
2024-03-01 14:45:00,2024-03-01 14:45:00,,1495.0,,,843.5999999999899,0.8472141766632267,0
2024-03-01 15:00:00,2024-03-01 15:00:00,,1494.7,,,261.29999999999086,0.2624899462429287,0
2024-03-04 11:40:00,2024-03-04 11:40:00,,1502.6,,,522.5,0.5228458695128767,0
2024-03-04 14:25:00,2024-03-04 14:25:00,,1511.5,,,-288.0,-0.28891117344148043,0
2024-03-05 14:35:00,2024-03-05 14:35:00,,1502.4,,,-711.3500000000631,-0.7133306056167197,0
2024-03-05 14:45:00,2024-03-05 14:45:00,,1501.45,,,34.39999999996871,0.03445521219473408,0
2024-03-05 15:00:00,2024-03-05 15:00:00,,1502.7,,,279.6499999999701,0.27972317282191883,0
2024-03-06 11:40:00,2024-03-06 11:40:00,,1484.25,,,149.25,0.14936206333537763,0
2024-03-06 11:50:00,2024-03-06 11:50:00,,1482.8,,,-265.1999999999907,-0.26606546206218407,0
2024-03-06 12:00:00,2024-03-06 12:00:00,,1479.85,,,-391.40000000001874,-0.39308133053252403,0
2024-03-06 12:10:00,2024-03-06 12:10:00,,1480.55,,,418.0,0.41854437981530246,0
2024-03-07 14:40:00,2024-03-07 14:40:00,,1479.1732924760302,,,1998.5606807216566,1.999999999999922,0
2024-03-11 14:55:00,2024-03-11 14:55:00,,1474.8576821661193,,,-996.8507428325261,-1.0,0
2024-03-12 15:00:00,2024-03-12 15:00:00,,1476.380368892267,,,1994.4677165419525,2.0,0
2024-03-13 10:35:00,2024-03-13 10:35:00,,1468.5,,,239.19999999999163,0.23991056268162106,0
2024-03-13 11:35:00,2024-03-13 11:35:00,,1459.8,,,-224.4000000000085,-0.2253084200867518,0
2024-03-13 11:45:00,2024-03-13 11:45:00,,1455.0,,,-573.3999999999915,-0.575070612062647,0
2024-03-13 12:05:00,2024-03-13 12:05:00,,1457.2,,,494.1000000000083,0.49516669743678937,0
2024-03-13 12:15:00,2024-03-13 12:15:00,,1452.7,,,-160.19999999997572,-0.16073510212087425,0
2024-03-13 12:25:00,2024-03-13 12:25:00,,1450.0,,,8.899999999991905,0.008943013922903547,0
2024-03-13 14:15:00,2024-03-13 14:15:00,,1439.756370154292,,,-997.7877482158351,-1.0,0
2024-03-13 14:25:00,2024-03-13 14:25:00,,1437.45,,,-506.14999999997394,-0.5064483709838871,0
2024-03-13 14:35:00,2024-03-13 14:35:00,,1438.7,,,320.25,0.32126017324292516,0
2024-03-13 14:45:00,2024-03-13 14:45:00,,1436.5,,,-159.7999999999829,-0.16017022036773457,0
2024-03-13 14:55:00,2024-03-13 14:55:00,,1431.8,,,-396.9000000000258,-0.3971024438969421,0
2024-03-13 15:05:00,2024-03-13 15:05:00,,1432.25,,,543.0,0.5439790205990283,0
2024-03-13 15:15:00,2024-03-13 15:15:00,,1433.1,,,633.75,0.6349226984917268,0
2024-03-18 14:40:00,2024-03-18 14:40:00,,1436.5,,,556.6000000000115,0.5573689076860338,0
2024-03-19 13:40:00,2024-03-19 13:40:00,,1427.5,,,-204.0,-0.20430651251082343,0
2024-03-19 13:50:00,2024-03-19 13:50:00,,1427.7,,,20.699999999981173,0.0207256403762518,0
2024-03-19 14:35:00,2024-03-19 14:35:00,,1427.05,,,409.4000000000324,0.40965151923001547,0
2024-03-19 14:45:00,2024-03-19 14:45:00,,1426.75,,,219.5999999999667,0.21992504796271684,0
2024-03-20 09:40:00,2024-03-20 09:40:00,,1431.8,,,281.7500000000223,0.2818587157413614,0
2024-03-20 09:50:00,2024-03-20 09:50:00,,1433.1,,,296.4000000000415,0.29671729459525914,0
2024-03-20 15:25:00,2024-03-20 15:25:00,,1443.1,,,612.3500000000452,0.6136789913592576,0
2024-03-21 09:25:00,2024-03-21 09:25:00,,1447.5,,,580.0,0.5812801658096471,0
2024-03-21 10:10:00,2024-03-21 10:10:00,,1453.75,,,-59.0,-0.059062235165630035,0
2024-03-21 10:20:00,2024-03-21 10:20:00,,1456.1,,,-22.29999999997972,-0.022384084968325942,0
2024-03-21 10:30:00,2024-03-21 10:30:00,,1454.6,,,368.0000000000314,0.3682801318126737,0
2024-03-21 10:40:00,2024-03-21 10:40:00,,1455.0,,,292.5,0.29261638196355866,0
2024-03-21 11:00:00,2024-03-21 11:00:00,,1456.9,,,-186.2000000000121,-0.186748904960913,0
2024-03-27 11:50:00,2024-03-27 11:50:00,,1492.25,,,-180.79999999998972,-0.1810405797728436,0
2024-03-27 12:00:00,2024-03-27 12:00:00,,1491.4,,,873.2999999999806,0.8765806928576625,0
2024-03-27 12:10:00,2024-03-27 12:10:00,,1494.65,,,-548.5500000000188,-0.5491312000765683,0
2024-03-27 14:15:00,2024-03-27 14:15:00,,1499.0,,,-71.25,-0.07133905622715193,0
2024-04-02 10:45:00,2024-04-02 10:45:00,,1477.3,,,24.699999999977535,0.024768711574918358,0
2024-04-02 10:55:00,2024-04-02 10:55:00,,1475.2,,,-101.59999999996535,-0.10189924613904905,0
2024-04-02 11:05:00,2024-04-02 11:05:00,,1477.8,,,609.75,0.6110145611111194,0
2024-04-02 15:15:00,2024-04-02 15:15:00,,1487.95,,,93.59999999998581,0.0937405039361519,0
2024-04-02 15:25:00,2024-04-02 15:25:00,,1488.5,,,255.99999999998545,0.25657397843845337,0
2024-04-03 14:45:00,2024-04-03 14:45:00,,1470.1493916030909,,,1997.0530931142202,1.9999999999999052,0
2024-04-04 09:15:00,2024-04-04 09:15:00,,1474.6818020155956,,,-999.9852994116966,-1.0,0
2024-04-04 14:05:00,2024-04-04 14:05:00,,1470.3,,,-62.699999999990496,-0.06270641048277133,0
2024-04-05 15:20:00,2024-04-05 15:20:00,,1463.2,,,-780.75,-0.7816614143504447,0
2024-04-08 09:40:00,2024-04-08 09:40:00,,1481.0,,,278.6000000000181,0.2794637099353685,0
2024-04-08 09:50:00,2024-04-08 09:50:00,,1483.7,,,57.89999999999122,0.05806423597976631,0
2024-04-08 10:05:00,2024-04-08 10:05:00,,1485.2,,,268.2500000000084,0.26936708165362144,0
2024-04-08 10:15:00,2024-04-08 10:15:00,,1483.5,,,249.59999999999127,0.25052846032181825,0
2024-04-09 12:35:00,2024-04-09 12:35:00,,1468.6,,,-448.0000000000291,-0.44815672753582336,0
2024-04-09 12:45:00,2024-04-09 12:45:00,,1471.1,,,321.0,0.321949935759121,0
2024-04-09 13:00:00,2024-04-09 13:00:00,,1470.05,,,477.05000000001496,0.47755863527038966,0
2024-04-16 15:25:00,2024-04-16 15:25:00,,1468.25,,,406.5,0.40783752961634545,0
2024-04-18 09:20:00,2024-04-18 09:20:00,,1482.4135002361738,,,-997.6110439283411,-1.0,0
2024-04-22 15:15:00,2024-04-22 15:15:00,,1481.2,,,-180.5,-0.1808934754726959,0
2024-04-22 15:25:00,2024-04-22 15:25:00,,1480.1,,,322.20000000003256,0.3227956605838789,0
2024-04-23 09:20:00,2024-04-23 09:20:00,,1485.0,,,1459.2000000000207,1.4648713616706248,0
2024-04-24 14:15:00,2024-04-24 14:15:00,,1456.9658853376245,,,1997.7963875224746,1.9999999999999039,0
2024-04-24 14:25:00,2024-04-24 14:25:00,,1454.3,,,-530.4000000000201,-0.5313114811685321,0
2024-04-24 14:35:00,2024-04-24 14:35:00,,1450.5,,,-674.999999999983,-0.6755424119252404,0
2024-04-24 14:45:00,2024-04-24 14:45:00,,1452.4,,,535.0500000000168,0.5350605748622603,0
2024-04-29 15:15:00,2024-04-29 15:15:00,,1466.3,,,101.25,0.10129908136614396,0
2024-04-30 09:15:00,2024-04-30 09:15:00,,1468.6935294309403,,,-999.2994188788573,-1.0,0
2024-04-30 10:00:00,2024-04-30 10:00:00,,1477.65,,,-247.0,-0.24778068164376857,0
2024-04-30 10:10:00,2024-04-30 10:10:00,,1477.6,,,-418.19999999995525,-0.41947312756359967,0
2024-04-30 10:20:00,2024-04-30 10:20:00,,1480.8,,,23.700000000032333,0.02372718178435386,0
2024-04-30 10:30:00,2024-04-30 10:30:00,,1479.5,,,235.0,0.23567230623289045,0
2024-04-30 10:40:00,2024-04-30 10:40:00,,1481.65,,,-345.80000000002246,-0.34622534518142634,0
2024-04-30 10:50:00,2024-04-30 10:50:00,,1479.3,,,484.5000000000232,0.486244427714498,0
2024-04-30 15:05:00,2024-04-30 15:05:00,,1467.85,,,-219.0,-0.21900437234383224,0
2024-05-02 14:55:00,2024-05-02 14:55:00,,1472.1730676389354,,,-999.8275383495475,-1.0,0
2024-05-02 15:25:00,2024-05-02 15:25:00,,1470.8118069146005,,,-999.6732876859221,-1.0,0
2024-05-03 13:00:00,2024-05-03 13:00:00,,1428.3,,,341.25000000000796,0.3428515625866011,0
2024-05-03 13:10:00,2024-05-03 13:10:00,,1426.6,,,-281.600000000024,-0.28267451881677186,0
2024-05-03 13:20:00,2024-05-03 13:20:00,,1425.5,,,-17.599999999983993,-0.01768351061582007,0
2024-05-03 13:30:00,2024-05-03 13:30:00,,1422.25,,,-788.5000000000173,-0.7892355133497594,0
2024-05-03 13:40:00,2024-05-03 13:40:00,,1421.7,,,217.20000000000823,0.21782925894727503,0
2024-05-06 14:45:00,2024-05-06 14:45:00,,1425.892775200597,,,-998.9663897928597,-1.0,0
2024-05-07 09:40:00,2024-05-07 09:40:00,,1412.5535993523997,,,1998.141790394457,1.9999999999999332,0
2024-05-08 09:25:00,2024-05-08 09:25:00,,1408.85,,,310.30000000000973,0.31115273492063533,0
2024-05-08 09:35:00,2024-05-08 09:35:00,,1410.5,,,-306.0,-0.30678356481047836,0
2024-05-08 12:00:00,2024-05-08 12:00:00,,1417.3,,,224.20000000001073,0.22487985498492896,0
2024-05-08 12:10:00,2024-05-08 12:10:00,,1421.05,,,-373.54999999998904,-0.37505627295629373,0
2024-05-08 12:30:00,2024-05-08 12:30:00,,1422.0,,,215.65000000001032,0.21612374253251804,0
2024-05-08 13:10:00,2024-05-08 13:10:00,,1426.75,,,381.35000000001196,0.38172725652328454,0
2024-05-08 13:25:00,2024-05-08 13:25:00,,1430.4,,,261.0,0.26108824876466774,0
2024-05-10 15:05:00,2024-05-10 15:05:00,,1408.6,,,-317.1999999999889,-0.31775960999263364,0
2024-05-10 15:15:00,2024-05-10 15:15:00,,1408.0,,,-122.5,-0.12261446599640086,0
2024-05-10 15:25:00,2024-05-10 15:25:00,,1404.0,,,713.9999999999884,0.714744370878578,0
2024-05-13 14:55:00,2024-05-13 14:55:00,,1405.9,,,-231.20000000005257,-0.23189324698240388,0
2024-05-22 09:25:00,2024-05-22 09:25:00,,1452.8366494359063,,,-996.9325140534165,-1.0,0
2024-05-23 13:45:00,2024-05-23 13:45:00,,1478.35,,,36.900000000022374,0.03697093227485448,0
2024-05-23 13:55:00,2024-05-23 13:55:00,,1480.45,,,12.199999999988904,0.012220612326489407,0
2024-05-23 14:05:00,2024-05-23 14:05:00,,1482.0,,,-159.90000000002237,-0.16026070135962647,0
2024-05-23 14:15:00,2024-05-23 14:15:00,,1484.0,,,-308.75,-0.3096579223915477,0
2024-05-23 14:25:00,2024-05-23 14:25:00,,1485.15,,,-36.4500000000221,-0.03646491686054591,0
2024-05-23 14:35:00,2024-05-23 14:35:00,,1483.7,,,-23.700000000032333,-0.023703309521691553,0
2024-05-23 14:45:00,2024-05-23 14:45:00,,1482.5,,,282.9000000000224,0.2834308845401265,0
2024-05-23 15:20:00,2024-05-23 15:20:00,,1488.8,,,278.40000000001055,0.27895838066999235,0
2024-05-27 15:00:00,2024-05-27 15:00:00,,1465.8,,,671.5999999999867,0.6725701386162724,0
2024-05-28 15:20:00,2024-05-28 15:20:00,,1453.1611689733124,,,-999.2025490737387,-1.0,0
2024-05-29 15:05:00,2024-05-29 15:05:00,,1438.951147650957,,,1997.667335589228,2.0,0
2024-05-30 09:25:00,2024-05-30 09:25:00,,1430.8,,,-772.9000000000119,-0.7750952586323684,0
2024-05-31 12:55:00,2024-05-31 12:55:00,,1427.419058326826,,,-998.3650314331808,-1.0,0
2024-06-03 13:35:00,2024-06-03 13:35:00,,1499.6537327809076,,,-997.0048068278516,-1.0,0
2024-06-03 13:45:00,2024-06-03 13:45:00,,1497.5,,,-512.5,-0.5136102308953407,0
2024-06-03 13:55:00,2024-06-03 13:55:00,,1499.4,,,-30.450000000018463,-0.030460537710313793,0
2024-06-03 14:05:00,2024-06-03 14:05:00,,1508.0082872995733,,,-996.6491726150946,-1.0,0
2024-06-03 14:15:00,2024-06-03 14:15:00,,1505.0,,,439.20000000001664,0.4410583491412044,0
2024-06-03 14:25:00,2024-06-03 14:25:00,,1502.85,,,682.550000000017,0.6834610340005982,0
2024-06-03 14:35:00,2024-06-03 14:35:00,,1509.7,,,-869.5000000000084,-0.8716768549181688,0
2024-06-04 11:00:00,2024-06-04 11:00:00,,1428.5,,,-332.5,-0.3364976098477813,0
2024-06-04 11:10:00,2024-06-04 11:10:00,,1403.6,,,-613.6000000000054,-0.6139705648236929,0
2024-06-04 11:20:00,2024-06-04 11:20:00,,1421.3,,,745.2999999999947,0.7457871538717658,0
2024-06-04 12:00:00,2024-06-04 12:00:00,,1398.6,,,21.999999999992497,0.022298044574924018,0
2024-06-04 12:10:00,2024-06-04 12:10:00,,1374.9,,,-5.099999999995362,-0.005166520144296743,0
2024-06-04 12:25:00,2024-06-04 12:25:00,,1359.3,,,-321.6000000000022,-0.32410637268660936,0
2024-06-07 13:55:00,2024-06-07 13:55:00,,1462.2,,,750.7499999999925,0.7529970290469348,0
2024-06-10 14:35:00,2024-06-10 14:35:00,,1474.3,,,662.5,0.6631657574976623,0
2024-06-10 14:55:00,2024-06-10 14:55:00,,1474.2,,,108.900000000011,0.10926685273059016,0
2024-06-10 15:10:00,2024-06-10 15:10:00,,1470.3,,,-421.75,-0.4220459811216012,0
2024-06-10 15:20:00,2024-06-10 15:20:00,,1471.0,,,370.5,0.3714451984622981,0
2024-06-11 09:20:00,2024-06-11 09:20:00,,1468.5,,,838.5000000000196,0.8399404763384034,0
2024-06-12 10:50:00,2024-06-12 10:50:00,,1472.5,,,-209.59999999998809,-0.21002208692155236,0
2024-06-13 14:30:00,2024-06-13 14:30:00,,1469.8,,,261.00000000005934,0.2610629548165841,0
2024-06-14 09:55:00,2024-06-14 09:55:00,,1464.05,,,-462.0,-0.4634139106787767,0
2024-06-14 13:35:00,2024-06-14 13:35:00,,1474.2,,,357.29999999994584,0.35744864936851717,0
2024-06-14 13:45:00,2024-06-14 13:45:00,,1476.0,,,0.0,0.0,0
2024-06-18 15:05:00,2024-06-18 15:05:00,,1481.45,,,-235.9499999999805,-0.23640205227169492,0
2024-06-18 15:15:00,2024-06-18 15:15:00,,1481.3,,,260.4000000000592,0.2609644479547314,0
2024-06-18 15:25:00,2024-06-18 15:25:00,,1479.95,,,664.1000000000208,0.6642380227626792,0
2024-06-19 14:05:00,2024-06-19 14:05:00,,1460.75,,,73.25,0.07329717872909995,0
2024-06-19 14:15:00,2024-06-19 14:15:00,,1461.0,,,365.2999999999872,0.36567397765602877,0
2024-06-20 13:10:00,2024-06-20 13:10:00,,1478.2,,,715.1999999999593,0.715638327695854,0
2024-06-20 13:30:00,2024-06-20 13:30:00,,1481.75,,,-28.49999999997408,-0.028565378253225967,0
2024-06-20 13:40:00,2024-06-20 13:40:00,,1482.4,,,-262.80000000002656,-0.2636671653800073,0
2024-06-24 15:20:00,2024-06-24 15:20:00,,1442.4,,,-788.0,-0.789822539323752,0
2024-06-25 13:20:00,2024-06-25 13:20:00,,1446.2,,,779.3999999999803,0.7811438487658474,0
2024-06-25 14:05:00,2024-06-25 14:05:00,,1449.5,,,-248.95000000003483,-0.2495277241308199,0
2024-06-25 14:15:00,2024-06-25 14:15:00,,1448.8,,,262.50000000001705,0.2625050342400472,0
2024-06-25 14:30:00,2024-06-25 14:30:00,,1451.0,,,175.0,0.17503562530943248,0
2024-06-25 15:00:00,2024-06-25 15:00:00,,1453.9075157452517,,,-997.2779006213186,-1.0,0
2024-06-25 15:10:00,2024-06-25 15:10:00,,1454.7,,,98.39999999998508,0.09865851915057117,0
2024-06-26 09:30:00,2024-06-26 09:30:00,,1457.5,,,-45.20000000001028,-0.04528177809040351,0
2024-06-26 09:40:00,2024-06-26 09:40:00,,1461.8,,,140.70000000000914,0.14096197639231217,0
2024-06-26 09:50:00,2024-06-26 09:50:00,,1465.5,,,-472.3499999999817,-0.4740592976450525,0
2024-06-26 10:00:00,2024-06-26 10:00:00,,1466.3,,,229.20000000000869,0.23026329460603837,0
2024-06-26 10:10:00,2024-06-26 10:10:00,,1467.0,,,-243.75,-0.2446010787148169,0
2024-06-26 10:20:00,2024-06-26 10:20:00,,1471.75,,,-397.6999999999912,-0.3990461275857153,0
2024-06-26 10:30:00,2024-06-26 10:30:00,,1472.0,,,297.59999999999127,0.2978444895179834,0
2024-06-26 10:40:00,2024-06-26 10:40:00,,1470.95,,,131.29999999997244,0.13166450769204516,0
2024-06-26 10:50:00,2024-06-26 10:50:00,,1472.45,,,341.54999999997176,0.3417818921321573,0
2024-06-26 11:00:00,2024-06-26 11:00:00,,1474.0,,,-117.14999999999031,-0.11761866594110586,0
2024-06-26 11:10:00,2024-06-26 11:10:00,,1477.6,,,-243.0999999999799,-0.24386637542200312,0
2024-06-26 11:20:00,2024-06-26 11:20:00,,1478.35,,,-309.1499999999792,-0.30952700443060865,0
2024-06-26 11:30:00,2024-06-26 11:30:00,,1480.5,,,-371.1999999999789,-0.37260480589188666,0
2024-06-26 12:30:00,2024-06-26 12:30:00,,1491.4,,,-86.80000000001974,-0.0868260567697636,0
2024-06-26 12:40:00,2024-06-26 12:40:00,,1491.5,,,-526.5000000000089,-0.5282659610882909,0
2024-06-26 12:50:00,2024-06-26 12:50:00,,1492.5,,,169.2000000000171,0.1692947903333724,0
2024-06-26 13:00:00,2024-06-26 13:00:00,,1491.7,,,588.9999999999827,0.5895263916880696,0
2024-06-26 14:30:00,2024-06-26 14:30:00,,1507.3683132119122,,,-999.019027349203,-1.0,0
2024-06-26 14:40:00,2024-06-26 14:40:00,,1507.9,,,-568.4000000000178,-0.5695562374287041,0
2024-06-26 14:50:00,2024-06-26 14:50:00,,1511.8,,,-271.59999999997353,-0.27280559238440744,0
2024-06-26 15:00:00,2024-06-26 15:00:00,,1511.6,,,-118.79999999998199,-0.11936853151467472,0
2024-06-28 13:30:00,2024-06-28 13:30:00,,1561.9,,,318.3999999999819,0.3186164444038817,0
2024-06-28 13:40:00,2024-06-28 13:40:00,,1567.2,,,-607.6000000000267,-0.6078617962327482,0
2024-06-28 13:50:00,2024-06-28 13:50:00,,1569.45,,,-108.34999999999104,-0.1086448721719572,0
2024-06-28 14:00:00,2024-06-28 14:00:00,,1573.5,,,49.25,0.04929628607828604,0
2024-06-28 14:20:00,2024-06-28 14:20:00,,1579.5,,,-577.5,-0.5797895285229131,0
2024-07-03 15:25:00,2024-07-03 15:25:00,,1554.5,,,0.0,0.0,0
2024-07-04 09:35:00,2024-07-04 09:35:00,,1560.0,,,-145.60000000002037,-0.14593460717048054,0
2024-07-04 09:45:00,2024-07-04 09:45:00,,1561.8,,,-368.8999999999892,-0.3700097671162607,0
2024-07-04 10:00:00,2024-07-04 10:00:00,,1564.3,,,520.8000000000197,0.5221629161796825,0
2024-07-05 09:20:00,2024-07-05 09:20:00,,1549.2368532880837,,,1997.1756931676186,2.0,0
2024-07-05 15:10:00,2024-07-05 15:10:00,,1590.7333494627328,,,-994.7361075900344,-1.0,0
2024-07-05 15:20:00,2024-07-05 15:20:00,,1593.3,,,45.29999999999313,0.045499881457571896,0
2024-07-08 09:15:00,2024-07-08 09:15:00,,1590.75,,,529.2500000000132,0.5321971789488483,0
2024-07-08 11:40:00,2024-07-08 11:40:00,,1597.2,,,354.59999999999104,0.3549368012220166,0
2024-07-08 11:50:00,2024-07-08 11:50:00,,1604.2,,,-795.4000000000265,-0.7954829041774293,0
2024-07-10 10:00:00,2024-07-10 10:00:00,,1579.0,,,421.19999999998936,0.42278533288642234,0
2024-07-10 10:10:00,2024-07-10 10:10:00,,1576.55,,,-117.69999999999027,-0.11797355828689465,0
2024-07-10 10:35:00,2024-07-10 10:35:00,,1567.5989837743618,,,-998.5951153225178,-1.0,0
2024-07-10 14:25:00,2024-07-10 14:25:00,,1569.0,,,-132.5999999999799,-0.13290719947022708,0
2024-07-10 15:20:00,2024-07-10 15:20:00,,1583.95,,,288.3999999999719,0.28878073489326145,0
2024-07-12 14:30:00,2024-07-12 14:30:00,,1601.85,,,225.0,0.22602338126420898,0
2024-07-12 14:40:00,2024-07-12 14:40:00,,1603.0,,,156.60000000001583,0.15727352352506566,0
2024-07-16 10:10:00,2024-07-16 10:10:00,,1587.45,,,680.4000000000115,0.6820808504515249,0
2024-07-16 13:35:00,2024-07-16 13:35:00,,1576.9,,,-67.19999999993888,-0.06734643302297018,0
2024-07-16 13:45:00,2024-07-16 13:45:00,,1577.35,,,-49.50000000003001,-0.049634280034524,0
2024-07-16 14:00:00,2024-07-16 14:00:00,,1571.7245938682752,,,-997.0775253616225,-1.0,0
2024-07-16 14:10:00,2024-07-16 14:10:00,,1576.15,,,511.20000000005166,0.5126836628421297,0
2024-07-16 14:25:00,2024-07-16 14:25:00,,1571.9,,,-534.0,-0.5343730804025318,0
2024-07-16 14:35:00,2024-07-16 14:35:00,,1574.5,,,1113.6999999999882,1.116747124093822,0
2024-07-18 14:25:00,2024-07-18 14:25:00,,1591.2,,,-201.30000000002497,-0.20210892527067326,0
2024-07-18 14:45:00,2024-07-18 14:45:00,,1587.5,,,677.1000000000083,0.6789293179892092,0
2024-07-22 09:40:00,2024-07-22 09:40:00,,1515.55,,,-153.70000000000482,-0.1548885490942405,0
2024-07-22 09:50:00,2024-07-22 09:50:00,,1510.45,,,-397.5999999999949,-0.3990810843258361,0
2024-07-22 10:05:00,2024-07-22 10:05:00,,1514.2,,,208.79999999999472,0.20970780403807393,0
2024-07-23 09:15:00,2024-07-23 09:15:00,,1505.004429573156,,,-999.782026824656,-1.0,0
2024-07-23 10:15:00,2024-07-23 10:15:00,,1490.3029328846542,,,1993.5078392216128,2.0,0
2024-07-23 11:00:00,2024-07-23 11:00:00,,1485.0,,,324.8000000000211,0.3248245716334524,0
2024-07-23 12:30:00,2024-07-23 12:30:00,,1475.3,,,1390.0,1.3926393272631714,0
2024-07-24 14:45:00,2024-07-24 14:45:00,,1502.35,,,357.00000000000955,0.35850118446096885,0
2024-07-26 09:40:00,2024-07-26 09:40:00,,1505.7,,,-909.0,-0.9130270192319949,0
2024-07-26 10:05:00,2024-07-26 10:05:00,,1507.0,,,120.90000000001692,0.12134864365520866,0
2024-07-29 09:25:00,2024-07-29 09:25:00,,1516.0,,,-300.0,-0.300425231178749,0
2024-07-29 09:35:00,2024-07-29 09:35:00,,1517.7,,,386.0,0.386510026722463,0
2024-07-29 09:50:00,2024-07-29 09:50:00,,1517.5,,,99.5,0.09989716504839864,0
2024-08-01 09:25:00,2024-08-01 09:25:00,,1513.0,,,-48.000000000029104,-0.04804524513512277,0
2024-08-01 09:35:00,2024-08-01 09:35:00,,1512.9,,,329.9999999999727,0.33038213692540774,0
2024-08-01 09:45:00,2024-08-01 09:45:00,,1512.5,,,30.59999999997217,0.03060674340723608,0
2024-08-01 11:15:00,2024-08-01 11:15:00,,1512.7,,,877.5,0.878637557842726,0
2024-08-01 15:10:00,2024-08-01 15:10:00,,1515.1,,,283.50000000002865,0.2835986488895118,0
2024-08-02 13:05:00,2024-08-02 13:05:00,,1501.6,,,-340.19999999998527,-0.34107749722560354,0
2024-08-05 09:55:00,2024-08-05 09:55:00,,1463.3,,,471.8999999999935,0.4746619933057398,0
2024-08-06 14:15:00,2024-08-06 14:15:00,,1455.75,,,-581.3999999999896,-0.5820794874580308,0
2024-08-06 14:25:00,2024-08-06 14:25:00,,1458.5,,,10.849999999990132,0.010898421357222318,0
2024-08-06 14:35:00,2024-08-06 14:35:00,,1457.4,,,-22.0999999999799,-0.02211898399034908,0
2024-08-06 14:45:00,2024-08-06 14:45:00,,1454.2,,,-288.5999999999899,-0.28961964961794,0
2024-08-09 13:20:00,2024-08-09 13:20:00,,1474.4,,,0.0,0.0,0
2024-08-09 13:30:00,2024-08-09 13:30:00,,1474.2,,,-37.70000000005143,-0.03779201024868528,0
2024-08-09 14:20:00,2024-08-09 14:20:00,,1474.35,,,463.0500000000468,0.46328484130868236,0
2024-08-12 09:50:00,2024-08-12 09:50:00,,1462.4,,,-283.1999999999571,-0.2834911002870022,0
2024-08-12 10:00:00,2024-08-12 10:00:00,,1464.4,,,916.0,0.9193608301632431,0
2024-08-13 14:05:00,2024-08-13 14:05:00,,1459.0,,,132.5,0.1327839205319355,0
2024-08-14 09:45:00,2024-08-14 09:45:00,,1458.0,,,447.2999999999806,0.44762162936372246,0
2024-08-14 09:55:00,2024-08-14 09:55:00,,1457.4,,,395.2000000000189,0.39525266769646833,0
2024-08-14 13:15:00,2024-08-14 13:15:00,,1467.8,,,506.60000000001355,0.5078484481974644,0
2024-08-19 09:20:00,2024-08-19 09:20:00,,1487.0,,,-360.0,-0.36141444989520416,0
2024-08-19 09:30:00,2024-08-19 09:30:00,,1491.2,,,-220.0,-0.22060624289022362,0
2024-08-19 09:40:00,2024-08-19 09:40:00,,1494.0,,,-542.5,-0.5435712301334469,0
2024-08-19 09:50:00,2024-08-19 09:50:00,,1490.5,,,434.6999999999812,0.4364714351960885,0
2024-08-19 10:00:00,2024-08-19 10:00:00,,1493.5,,,358.19999999999095,0.35964709455504196,0
2024-08-19 10:10:00,2024-08-19 10:10:00,,1495.8,,,-243.60000000000923,-0.2438621897453058,0
2024-08-19 10:20:00,2024-08-19 10:20:00,,1495.5,,,0.0,0.0,0
2024-08-19 10:35:00,2024-08-19 10:35:00,,1492.75,,,711.75,0.7123119767405,0
2024-08-20 09:50:00,2024-08-20 09:50:00,,1497.25,,,137.1500000000192,0.13737293843010936,0
2024-08-20 10:05:00,2024-08-20 10:05:00,,1497.3,,,307.8000000000311,0.30833066024209876,0
2024-08-20 15:25:00,2024-08-20 15:25:00,,1493.5,,,499.09999999998536,0.4993105655788317,0
2024-08-22 11:10:00,2024-08-22 11:10:00,,1496.6,,,-550.7999999999411,-0.5521852628592104,0
2024-08-23 09:20:00,2024-08-23 09:20:00,,1509.35,,,42.90000000002601,0.04297433953254833,0
2024-08-23 09:30:00,2024-08-23 09:30:00,,1506.95,,,576.0499999999872,0.5766675804348393,0
2024-08-26 09:15:00,2024-08-26 09:15:00,,1502.60178716398,,,-997.436230376863,-1.0,0
2024-08-26 10:20:00,2024-08-26 10:20:00,,1514.65,,,348.29999999997654,0.348339110578557,0
2024-08-26 10:40:00,2024-08-26 10:40:00,,1518.6,,,304.80000000001155,0.30549685973468493,0
2024-08-26 10:50:00,2024-08-26 10:50:00,,1516.7,,,802.8999999999764,0.8042498586364158,0
2024-08-28 09:15:00,2024-08-28 09:15:00,,1502.487198304696,,,-999.5056591521295,-1.0,0
2024-08-28 10:45:00,2024-08-28 10:45:00,,1497.1,,,914.4999999999732,0.9147315263238859,0
2024-08-29 09:45:00,2024-08-29 09:45:00,,1498.6855995766123,,,-996.796682298238,-1.0,0
2024-08-29 10:35:00,2024-08-29 10:35:00,,1505.75,,,393.69999999998845,0.3951073459981266,0
2024-08-29 12:45:00,2024-08-29 12:45:00,,1513.05,,,-447.94999999998686,-0.44918851726890774,0
2024-08-30 13:00:00,2024-08-30 13:00:00,,1509.05,,,-276.14999999998804,-0.27653380611758055,0
2024-09-02 10:00:00,2024-09-02 10:00:00,,1524.5,,,176.70000000000846,0.17719229855564567,0
2024-09-03 11:35:00,2024-09-03 11:35:00,,1514.2,,,-574.1999999999855,-0.5749828418648832,0
2024-09-04 09:15:00,2024-09-04 09:15:00,,1505.2211833907816,,,1997.3659378276789,2.0,0
2024-09-04 10:05:00,2024-09-04 10:05:00,,1509.7020066953628,,,-997.2060219995374,-1.0,0
2024-09-05 09:20:00,2024-09-05 09:20:00,,1519.8,,,990.5,0.9931907641348146,0
2024-09-05 15:05:00,2024-09-05 15:05:00,,1489.4719728169246,,,-998.4316928103487,-1.0,0
2024-09-05 15:15:00,2024-09-05 15:15:00,,1494.95,,,-236.24999999998977,-0.23702534056144306,0
2024-09-06 09:15:00,2024-09-06 09:15:00,,1491.1864964711772,,,-996.4193151580716,-1.0,0
2024-09-06 10:05:00,2024-09-06 10:05:00,,1465.4,,,-604.3499999999722,-0.6056249375723385,0
2024-09-06 10:20:00,2024-09-06 10:20:00,,1466.6,,,29.59999999997308,0.029722103011094153,0
2024-09-06 10:30:00,2024-09-06 10:30:00,,1465.6,,,-374.4000000000142,-0.37523906449280525,0
2024-09-06 10:40:00,2024-09-06 10:40:00,,1467.5,,,398.4000000000151,0.39875020511606485,0
2024-09-06 14:40:00,2024-09-06 14:40:00,,1467.0,,,-628.0,-0.6290321381518627,0
2024-09-09 15:00:00,2024-09-09 15:00:00,,1461.7,,,-674.900000000018,-0.6764287646418098,0
2024-09-10 13:35:00,2024-09-10 13:35:00,,1470.9,,,155.19999999994707,0.15525652682802643,0
2024-09-11 09:35:00,2024-09-11 09:35:00,,1465.35,,,-810.8999999999855,-0.8110689862770383,0
2024-09-11 14:05:00,2024-09-11 14:05:00,,1457.05,,,287.1999999999837,0.28735259412389297,0
2024-09-11 14:15:00,2024-09-11 14:15:00,,1452.9,,,0.0,0.0,0
2024-09-11 14:25:00,2024-09-11 14:25:00,,1451.5,,,0.0,0.0,0
2024-09-11 14:35:00,2024-09-11 14:35:00,,1451.5,,,-219.80000000001428,-0.2198942380137205,0
2024-09-11 14:45:00,2024-09-11 14:45:00,,1451.05,,,246.0,0.24635045126139268,0
2024-09-11 14:55:00,2024-09-11 14:55:00,,1449.85,,,-148.05000000001496,-0.14836971686292674,0
2024-09-11 15:05:00,2024-09-11 15:05:00,,1452.5,,,1141.1999999999712,1.1414319157606867,0
2024-09-12 11:35:00,2024-09-12 11:35:00,,1451.7,,,-927.0,-0.9276233948669641,0
2024-09-12 14:10:00,2024-09-12 14:10:00,,1464.5,,,-171.600000000024,-0.17167463845005398,0
2024-09-12 14:20:00,2024-09-12 14:20:00,,1467.713511216648,,,-998.9345172782932,-1.0,0
2024-09-12 14:30:00,2024-09-12 14:30:00,,1472.5,,,-142.79999999997835,-0.14336945605052306,0
2024-09-12 14:40:00,2024-09-12 14:40:00,,1471.0,,,458.0,0.4581507264293193,0
2024-09-13 15:00:00,2024-09-13 15:00:00,,1469.5744180802353,,,1997.0932199117897,2.0,0
2024-09-17 09:20:00,2024-09-17 09:20:00,,1472.5,,,431.19999999996435,0.4313170954858903,0
2024-09-17 10:00:00,2024-09-17 10:00:00,,1469.3526860923728,,,1998.6673113644247,2.0,0
2024-09-17 15:20:00,2024-09-17 15:20:00,,1472.75,,,255.60000000002583,0.2558490976470368,0
2024-09-18 13:05:00,2024-09-18 13:05:00,,1467.8,,,738.0,0.7386538731451677,0
2024-09-18 13:40:00,2024-09-18 13:40:00,,1463.4,,,170.5,0.17051592970495966,0
2024-09-18 14:10:00,2024-09-18 14:10:00,,1463.2,,,60.800000000013824,0.06086020615005901,0
2024-09-19 13:45:00,2024-09-19 13:45:00,,1473.7,,,-42.600000000009686,-0.042711753821044654,0
2024-09-19 14:00:00,2024-09-19 14:00:00,,1471.5,,,519.7999999999897,0.5208983593877224,0
2024-09-20 09:25:00,2024-09-20 09:25:00,,1479.890421501341,,,-997.8415818231936,-1.0,0
2024-09-20 09:45:00,2024-09-20 09:45:00,,1477.05,,,-237.29999999998972,-0.23782119378244532,0
2024-09-20 09:55:00,2024-09-20 09:55:00,,1481.9,,,-555.0,-0.5554775828048137,0
2024-09-20 10:05:00,2024-09-20 10:05:00,,1480.0,,,196.20000000001983,0.19628750626209,0
2024-09-20 10:45:00,2024-09-20 10:45:00,,1483.6,,,-133.79999999997972,-0.13414167628724358,0
2024-09-20 10:55:00,2024-09-20 10:55:00,,1482.8,,,178.39999999998986,0.179058350019572,0
2024-09-20 11:10:00,2024-09-20 11:10:00,,1487.8135002487663,,,-997.4510562211703,-1.0,0
2024-09-20 11:20:00,2024-09-20 11:20:00,,1487.85,,,336.3500000000395,0.33780645490360445,0
2024-09-20 11:30:00,2024-09-20 11:30:00,,1490.2,,,-118.79999999999018,-0.11911022666973865,0
2024-09-20 11:40:00,2024-09-20 11:40:00,,1489.9,,,-302.40000000001965,-0.30329839195790026,0
2024-09-20 11:55:00,2024-09-20 11:55:00,,1489.7,,,0.0,0.0,0
2024-09-25 09:15:00,2024-09-25 09:15:00,,1485.8055567031693,,,1999.9994835738335,2.0,0
2024-09-25 13:40:00,2024-09-25 13:40:00,,1488.45,,,-26.599999999975807,-0.02663668800191656,0
2024-09-25 13:50:00,2024-09-25 13:50:00,,1492.5,,,-577.2000000000219,-0.5772393468577659,0
2024-09-25 14:00:00,2024-09-25 14:00:00,,1491.7,,,44.49999999995953,0.04458574365319904,0
2024-09-25 14:10:00,2024-09-25 14:10:00,,1495.1872190212243,,,-999.5590926995219,-1.0,0
2024-09-25 14:20:00,2024-09-25 14:20:00,,1493.75,,,-249.60000000003492,-0.2500785104274288,0
2024-09-25 15:20:00,2024-09-25 15:20:00,,1494.9,,,-54.600000000033106,-0.054630890934515966,0
2024-09-26 10:05:00,2024-09-26 10:05:00,,1499.0,,,-616.2000000000144,-0.6181481006468345,0
2024-09-26 10:35:00,2024-09-26 10:35:00,,1499.45,,,-189.19999999998436,-0.18922012605224522,0
2024-09-26 10:45:00,2024-09-26 10:45:00,,1498.2,,,390.4999999999677,0.3908085202014283,0
2024-09-26 11:15:00,2024-09-26 11:15:00,,1500.0,,,367.0,0.3679548408063655,0
2024-09-27 13:55:00,2024-09-27 13:55:00,,1502.2049247113705,,,-998.966527510323,-1.0,0
2024-09-27 14:05:00,2024-09-27 14:05:00,,1509.2,,,-666.9000000000319,-0.6686329740161974,0
2024-09-27 14:15:00,2024-09-27 14:15:00,,1513.5228753561396,,,-999.3201139646408,-1.0,0
2024-09-27 14:25:00,2024-09-27 14:25:00,,1517.65,,,404.799999999977,0.4048980605209137,0
2024-09-27 14:35:00,2024-09-27 14:35:00,,1515.0,,,580.800000000022,0.5816941349118432,0
2024-09-27 14:45:00,2024-09-27 14:45:00,,1517.4,,,-225.15000000001078,-0.225799972072748,0
2024-09-30 14:15:00,2024-09-30 14:15:00,,1479.8564594350642,,,1995.8490081236068,2.0,0
2024-09-30 15:15:00,2024-09-30 15:15:00,,1476.6,,,450.0,0.45075871965738706,0
2024-10-01 14:05:00,2024-10-01 14:05:00,,1467.3,,,-588.5999999999851,-0.58997131137913,0
2024-10-03 09:15:00,2024-10-03 09:15:00,,1459.1299658271685,,,1998.7746259718788,2.0,0
2024-10-03 12:20:00,2024-10-03 12:20:00,,1427.4,,,207.9000000000135,0.20830209089655655,0
2024-10-03 12:40:00,2024-10-03 12:40:00,,1425.9,,,-88.19999999998663,-0.08845316666964438,0
2024-10-03 13:25:00,2024-10-03 13:25:00,,1415.0,,,-59.20000000001346,-0.05937588291146513,0
2024-10-03 13:35:00,2024-10-03 13:35:00,,1415.3,,,0.0,0.0,0
2024-10-03 13:45:00,2024-10-03 13:45:00,,1415.0,,,31.799999999971078,0.0318858383079332,0
2024-10-03 13:55:00,2024-10-03 13:55:00,,1412.1511945938553,,,-999.9306975567968,-1.0,0
2024-10-03 14:05:00,2024-10-03 14:05:00,,1409.2852137059263,,,-999.7985374569353,-1.0,0
2024-10-03 14:15:00,2024-10-03 14:15:00,,1410.0,,,140.5,0.14063811860158065,0
2024-10-04 09:20:00,2024-10-04 09:20:00,,1395.0,,,-38.99999999999409,-0.03906348714260907,0
2024-10-04 13:35:00,2024-10-04 13:35:00,,1390.3,,,41.75,0.04181984389239914,0
2024-10-08 13:50:00,2024-10-08 13:50:00,,1392.5,,,298.75,0.29946408438313477,0
2024-10-08 14:00:00,2024-10-08 14:00:00,,1394.0,,,-215.049999999977,-0.21508518376029168,0
2024-10-08 14:10:00,2024-10-08 14:10:00,,1396.2,,,-180.60000000001173,-0.18103251116081334,0
2024-10-08 14:20:00,2024-10-08 14:20:00,,1394.8,,,-178.5000000000116,-0.17911840190901102,0
2024-10-08 14:30:00,2024-10-08 14:30:00,,1393.5,,,518.7000000000121,0.5193061880182662,0
2024-10-08 15:25:00,2024-10-08 15:25:00,,1399.5,,,-118.0,-0.11805040272546598,0
2024-10-10 09:20:00,2024-10-10 09:20:00,,1371.3,,,-681.5000000000214,-0.6817299187060917,0
2024-10-11 09:15:00,2024-10-11 09:15:00,,1374.276068309596,,,-999.5145041232245,-1.0,0
2024-10-11 15:25:00,2024-10-11 15:25:00,,1374.6,,,-360.8999999999453,-0.36149226217017716,0
2024-10-14 14:05:00,2024-10-14 14:05:00,,1372.723637853716,,,-999.3605900714783,-1.0,0
2024-10-16 13:15:00,2024-10-16 13:15:00,,1343.45,,,-694.6500000000383,-0.6957903811015769,0
2024-10-16 14:05:00,2024-10-16 14:05:00,,1357.85,,,-471.1999999999862,-0.471619883360931,0
2024-10-16 14:15:00,2024-10-16 14:15:00,,1360.2,,,439.999999999975,0.4403868958978702,0
2024-10-16 14:25:00,2024-10-16 14:25:00,,1362.6270691531756,,,-997.444017123297,-1.0,0
2024-10-16 14:35:00,2024-10-16 14:35:00,,1358.45,,,543.4000000000112,0.5437752391478573,0
2024-10-17 14:25:00,2024-10-17 14:25:00,,1356.797999806935,,,-999.9659194918436,-1.0,0
2024-10-24 14:40:00,2024-10-24 14:40:00,,1342.15,,,45.59999999995853,0.0456402744490679,0
2024-10-24 14:50:00,2024-10-24 14:50:00,,1340.75,,,356.4000000000135,0.35702332351684823,0
2024-10-29 15:10:00,2024-10-29 15:10:00,,1340.75,,,120.00000000002728,0.12026616616769113,0
2024-10-29 15:20:00,2024-10-29 15:20:00,,1340.2,,,-15.749999999985675,-0.0157572332246471,0
2024-10-30 09:15:00,2024-10-30 09:15:00,,1333.8009014584015,,,1996.109730394704,2.0000000000000733,0
2024-11-04 09:30:00,2024-11-04 09:30:00,,1307.25,,,-111.0,-0.11153707601268645,0
2024-11-04 09:40:00,2024-11-04 09:40:00,,1305.15,,,-350.3999999999801,-0.3517684145252819,0
2024-11-04 09:50:00,2024-11-04 09:50:00,,1301.4,,,108.0,0.10806786752920461,0
2024-11-04 10:05:00,2024-11-04 10:05:00,,1299.0,,,-236.79999999998654,-0.23831160972821425,0
2024-11-04 10:15:00,2024-11-04 10:15:00,,1295.95,,,290.5500000000068,0.2914722905238049,0
2024-11-04 10:25:00,2024-11-04 10:25:00,,1289.05,,,-787.7999999999929,-0.7880797819842703,0
2024-11-04 10:35:00,2024-11-04 10:35:00,,1290.5,,,-7.899999999992815,-0.007929131486156033,0
2024-11-04 10:45:00,2024-11-04 10:45:00,,1291.75,,,58.79999999998472,0.05886944133500365,0
2024-11-05 15:20:00,2024-11-05 15:20:00,,1307.0,,,37.350000000022646,0.03735275666325994,0
2024-11-06 09:15:00,2024-11-06 09:15:00,,1311.5051773966313,,,-997.2891717611999,-1.0,0
2024-11-06 12:30:00,2024-11-06 12:30:00,,1313.0,,,-604.1500000000256,-0.6044506543814028,0
2024-11-06 12:40:00,2024-11-06 12:40:00,,1317.5,,,373.5,0.3737608023151517,0
2024-11-06 14:25:00,2024-11-06 14:25:00,,1324.75,,,83.29999999997835,0.083371722471556,0
2024-11-06 14:35:00,2024-11-06 14:35:00,,1324.95,,,12.649999999988495,0.012665619661463305,0
2024-11-08 14:25:00,2024-11-08 14:25:00,,1282.9915784586215,,,-999.8540018313251,-1.0,0
2024-11-08 14:50:00,2024-11-08 14:50:00,,1275.9007473519696,,,1999.7010592122024,2.0,0
2024-11-11 09:25:00,2024-11-11 09:25:00,,1273.1,,,363.5999999999908,0.3643247224022934,0
2024-11-19 15:15:00,2024-11-19 15:15:00,,1239.0,,,-17.99999999998363,-0.018072961101142437,0
2024-11-21 09:15:00,2024-11-21 09:15:00,,1231.2109488515023,,,-994.851104432586,-1.0,0
2024-11-21 09:25:00,2024-11-21 09:25:00,,1224.8,,,-92.400000000006,-0.09250739683017181,0
2024-11-21 09:35:00,2024-11-21 09:35:00,,1221.45,,,-370.9999999999809,-0.3730942158332529,0
2024-11-21 09:45:00,2024-11-21 09:45:00,,1225.6,,,89.04999999998131,0.08922555598700334,0
2024-11-21 09:55:00,2024-11-21 09:55:00,,1229.65,,,196.00000000001273,0.1969319784449504,0
2024-11-22 12:50:00,2024-11-22 12:50:00,,1240.6,,,302.4500000000239,0.3034220526457544,0
2024-11-22 13:25:00,2024-11-22 13:25:00,,1244.55,,,527.1000000000342,0.5286718747574394,0
2024-11-22 13:45:00,2024-11-22 13:45:00,,1249.6,,,-713.9999999999884,-0.7159404101512018,0
2024-11-22 13:55:00,2024-11-22 13:55:00,,1252.35,,,-427.0,-0.4273084413711321,0
2024-11-25 09:20:00,2024-11-25 09:20:00,,1300.0,,,-353.39999999998963,-0.35545797033845056,0
2024-11-25 09:30:00,2024-11-25 09:30:00,,1298.4,,,117.0,0.1173390426439952,0
2024-12-02 13:45:00,2024-12-02 13:45:00,,1305.0,,,332.0999999999776,0.3325818552298321,0
2024-12-02 14:00:00,2024-12-02 14:00:00,,1309.1,,,-529.1999999999771,-0.5295067924942463,0
2024-12-02 14:15:00,2024-12-02 14:15:00,,1308.35,,,39.45000000002392,0.03956397852872735,0
2024-12-03 09:45:00,2024-12-03 09:45:00,,1316.0,,,-432.8999999999787,-0.4345884847708722,0
2024-12-03 09:55:00,2024-12-03 09:55:00,,1318.0,,,-549.0,-0.5496757228446089,0
2024-12-03 10:05:00,2024-12-03 10:05:00,,1317.95,,,-292.8000000000111,-0.29298498966391595,0
2024-12-03 10:30:00,2024-12-03 10:30:00,,1320.95,,,-112.50000000001137,-0.11275175497831645,0
2024-12-03 10:40:00,2024-12-03 10:40:00,,1322.6,,,-37.949999999965485,-0.03803901822265708,0
2024-12-03 10:50:00,2024-12-03 10:50:00,,1323.25,,,143.54999999998813,0.14376764871586947,0
2024-12-03 11:00:00,2024-12-03 11:00:00,,1322.3,,,40.200000000024374,0.04031100798952956,0
2024-12-05 12:15:00,2024-12-05 12:15:00,,1323.7,,,-488.05000000002065,-0.4883327259940275,0
2024-12-05 14:30:00,2024-12-05 14:30:00,,1328.9,,,-336.0000000000218,-0.336585672161942,0
2024-12-05 14:40:00,2024-12-05 14:40:00,,1327.85,,,-151.4499999999682,-0.15199845953017818,0
2024-12-05 14:50:00,2024-12-05 14:50:00,,1319.8767378286288,,,1994.0572507298907,1.9999999999999485,0
2024-12-06 14:45:00,2024-12-06 14:45:00,,1314.6706541837718,,,-998.1442902438012,-1.0,0
2024-12-09 09:20:00,2024-12-09 09:20:00,,1313.5797627194893,,,-997.0300022493245,-1.0,0
2024-12-09 11:25:00,2024-12-09 11:25:00,,1309.55,,,0.0,0.0,0
2024-12-09 14:00:00,2024-12-09 14:00:00,,1300.86913965253,,,1998.46371497155,2.0,0
2024-12-10 09:25:00,2024-12-10 09:25:00,,1288.4,,,-614.3999999999651,-0.614530689052555,0
2024-12-12 09:15:00,2024-12-12 09:15:00,,1275.2817837477116,,,1995.9686634382638,1.9999999999999065,0
2024-12-12 10:30:00,2024-12-12 10:30:00,,1269.8560334085325,,,1997.9718772146543,2.0,0
2024-12-13 09:25:00,2024-12-13 09:25:00,,1254.35,,,233.0,0.2338365144942434,0
2024-12-13 09:35:00,2024-12-13 09:35:00,,1251.75,,,-225.0,-0.22590348603642948,0
2024-12-13 09:55:00,2024-12-13 09:55:00,,1247.5,,,0.0,0.0,0
2024-12-13 10:30:00,2024-12-13 10:30:00,,1241.5,,,-384.4500000000212,-0.385525495239645,0
2024-12-13 10:40:00,2024-12-13 10:40:00,,1242.0,,,298.99999999998954,0.2995097815539624,0
2024-12-13 10:50:00,2024-12-13 10:50:00,,1245.65,,,812.0,0.8131507869063717,0
2024-12-13 13:45:00,2024-12-13 13:45:00,,1271.9,,,-212.40000000000805,-0.21335421065320145,0
2024-12-13 13:55:00,2024-12-13 13:55:00,,1270.6,,,-177.0,-0.17726215334542342,0
2024-12-13 14:05:00,2024-12-13 14:05:00,,1273.2,,,71.99999999997544,0.07204788384249904,0
2024-12-13 14:15:00,2024-12-13 14:15:00,,1272.0,,,103.9499999999914,0.10404000537328906,0
2024-12-18 09:45:00,2024-12-18 09:45:00,,1258.05,,,-37.64999999996576,-0.03773342964825635,0
2024-12-20 13:50:00,2024-12-20 13:50:00,,1216.6,,,273.5999999999585,0.2744295389100483,0
2024-12-20 14:05:00,2024-12-20 14:05:00,,1211.8,,,-219.0,-0.2191704222506778,0
2024-12-20 15:05:00,2024-12-20 15:05:00,,1205.85,,,-52.00000000001182,-0.052058172012848195,0
2024-12-20 15:15:00,2024-12-20 15:15:00,,1204.7,,,377.6000000000322,0.37771816349335235,0
2024-12-20 15:25:00,2024-12-20 15:25:00,,1206.0,,,434.7499999999786,0.43602553442109154,0
2024-12-26 14:35:00,2024-12-26 14:35:00,,1216.7,,,99.5,0.09959324516110006,0
2024-12-27 14:50:00,2024-12-27 14:50:00,,1219.6,,,-386.25,-0.3866827440081409,0
2024-12-27 15:00:00,2024-12-27 15:00:00,,1221.4,,,665.6000000000931,0.6663387364294204,0
2024-12-30 09:20:00,2024-12-30 09:20:00,,1217.5,,,194.6999999999839,0.19478565198855666,0
2024-12-30 09:30:00,2024-12-30 09:30:00,,1217.85,,,329.6499999999369,0.33038130888067674,0
2024-12-30 13:30:00,2024-12-30 13:30:00,,1214.05,,,152.24999999996044,0.15242686018731522,0
2024-12-30 13:50:00,2024-12-30 13:50:00,,1210.9115384422807,,,-998.5230851461224,-1.0,0
2024-12-30 14:05:00,2024-12-30 14:05:00,,1211.1,,,-40.30000000005498,-0.040345524468793297,0
2024-12-30 14:15:00,2024-12-30 14:15:00,,1211.0,,,83.20000000001892,0.08335873551152617,0
2024-12-30 14:30:00,2024-12-30 14:30:00,,1211.75,,,760.3499999999626,0.7613256409615401,0
2024-12-31 14:10:00,2024-12-31 14:10:00,,1217.75,,,411.399999999966,0.412326748056014,0
2025-01-01 14:10:00,2025-01-01 14:10:00,,1224.15,,,568.8499999999833,0.5690561674270392,0
2025-01-02 13:40:00,2025-01-02 13:40:00,,1240.2,,,308.19999999996344,0.3086268262372076,0
2025-01-03 11:20:00,2025-01-03 11:20:00,,1252.2,,,-774.3000000000243,-0.7769971753311363,0
2025-01-03 11:35:00,2025-01-03 11:35:00,,1254.2,,,-489.4500000000114,-0.49062671230167487,0
2025-01-03 11:45:00,2025-01-03 11:45:00,,1255.4,,,-12.700000000046202,-0.012713371839320167,0
2025-01-03 11:55:00,2025-01-03 11:55:00,,1258.0,,,-646.800000000012,-0.6473185414936633,0
2025-01-03 12:05:00,2025-01-03 12:05:00,,1255.4,,,681.1999999999762,0.6826398361359519,0
2025-01-03 12:15:00,2025-01-03 12:15:00,,1258.35,,,-318.75,-0.31974831838258966,0
2025-01-03 12:25:00,2025-01-03 12:25:00,,1259.0,,,144.09999999998809,0.1441078456224633,0
2025-01-06 15:05:00,2025-01-06 15:05:00,,1220.45,,,514.5499999999886,0.5163181129760889,0
2025-01-06 15:15:00,2025-01-06 15:15:00,,1216.75,,,309.3999999999892,0.3098716028077734,0
2025-01-27 09:20:00,2025-01-27 09:20:00,,1236.75,,,196.7999999999888,0.19755130573760835,0
2025-01-27 10:20:00,2025-01-27 10:20:00,,1225.85,,,-35.550000000021555,-0.03562101201536552,0
2025-01-27 10:30:00,2025-01-27 10:30:00,,1222.0,,,0.0,0.0,0
2025-01-27 10:40:00,2025-01-27 10:40:00,,1222.0,,,180.75,0.18102540535497463,0
2025-01-27 10:50:00,2025-01-27 10:50:00,,1220.3,,,-607.6000000000113,-0.6082307743844461,0
2025-01-27 11:00:00,2025-01-27 11:00:00,,1221.0,,,167.70000000002346,0.16777619677370892,0
2025-01-28 12:55:00,2025-01-28 12:55:00,,1241.2,,,633.3499999999674,0.6359661989327801,0
2025-01-29 14:35:00,2025-01-29 14:35:00,,1235.0,,,411.25,0.4115233293436536,0
2025-01-30 10:20:00,2025-01-30 10:20:00,,1244.612962155349,,,-999.9979115172132,-1.0,0
2025-01-30 10:30:00,2025-01-30 10:30:00,,1242.8,,,528.2000000000253,0.5290406942955924,0
2025-01-30 12:25:00,2025-01-30 12:25:00,,1254.2,,,162.59999999997535,0.16282816511993162,0
2025-01-30 12:35:00,2025-01-30 12:35:00,,1255.5,,,108.80000000002474,0.10892029640985872,0
2025-01-30 12:45:00,2025-01-30 12:45:00,,1255.35,,,128.700000000013,0.12910075821704542,0
2025-02-01 12:35:00,2025-02-01 12:35:00,,1249.15,,,690.1000000000122,0.6909180041991287,0
2025-02-01 13:20:00,2025-02-01 13:20:00,,1249.55,,,300.300000000007,0.30040397467656155,0
2025-02-04 13:40:00,2025-02-04 13:40:00,,1278.45,,,287.99999999995634,0.2884712394833306,0
2025-02-04 13:50:00,2025-02-04 13:50:00,,1282.65,,,-916.4000000000287,-0.9182741379830655,0
2025-02-04 14:55:00,2025-02-04 14:55:00,,1286.85,,,-275.0999999999881,-0.2751554824809621,0
2025-02-07 09:15:00,2025-02-07 09:15:00,,1276.778607163145,,,1997.0671006304879,2.0,0
2025-02-10 09:20:00,2025-02-10 09:20:00,,1256.65,,,362.50000000001137,0.36267498573561774,0
2025-02-10 09:30:00,2025-02-10 09:30:00,,1253.7493681672597,,,-996.1516398576896,-1.0,0
2025-02-10 09:40:00,2025-02-10 09:40:00,,1251.2,,,-454.3500000000106,-0.4545228701724399,0
2025-02-10 09:50:00,2025-02-10 09:50:00,,1252.75,,,341.6000000000222,0.34224235057441604,0
2025-02-10 10:10:00,2025-02-10 10:10:00,,1246.9,,,12.050000000043838,0.012091350547004229,0
2025-02-10 15:15:00,2025-02-10 15:15:00,,1253.7,,,84.60000000001924,0.08479499518828218,0
2025-02-10 15:25:00,2025-02-10 15:25:00,,1254.6,,,-277.54999999994175,-0.2779332570656466,0
2025-02-11 09:20:00,2025-02-11 09:20:00,,1254.9,,,1039.4999999999857,1.0419422431728598,0
2025-02-11 09:35:00,2025-02-11 09:35:00,,1256.55,,,-186.54999999996085,-0.18711648707164216,0
2025-02-11 09:45:00,2025-02-11 09:45:00,,1254.5,,,707.5,0.7077166841221763,0
2025-02-11 13:05:00,2025-02-11 13:05:00,,1242.65,,,-453.84999999994307,-0.4551687884830547,0
2025-02-11 13:15:00,2025-02-11 13:15:00,,1235.45,,,101.6000000000231,0.10182192248990249,0
2025-02-11 13:30:00,2025-02-11 13:30:00,,1233.15,,,59.5,0.05954406598885213,0
2025-02-11 13:40:00,2025-02-11 13:40:00,,1235.65,,,-173.25,-0.17391643207185906,0
2025-02-11 13:50:00,2025-02-11 13:50:00,,1235.15,,,94.80000000002156,0.09488098912908036,0
2025-02-11 14:00:00,2025-02-11 14:00:00,,1230.8,,,-627.2999999999888,-0.6277542015455531,0
2025-02-11 14:10:00,2025-02-11 14:10:00,,1234.05,,,740.4500000000114,0.7409782426954232,0
2025-02-11 14:20:00,2025-02-11 14:20:00,,1233.05,,,352.35000000001105,0.3536797621506234,0
2025-02-12 09:50:00,2025-02-12 09:50:00,,1195.4,,,55.60000000001264,0.055765832941851536,0
2025-02-14 10:50:00,2025-02-14 10:50:00,,1209.8,,,70.49999999998931,0.07071702903139411,0
2025-02-14 11:10:00,2025-02-14 11:10:00,,1210.35,,,840.0,0.8410731739699059,0
2025-02-14 14:55:00,2025-02-14 14:55:00,,1216.5,,,-110.00000000002501,-0.1101350276713902,0
2025-02-14 15:05:00,2025-02-14 15:05:00,,1217.45,,,77.09999999998831,0.07739469350138584,0
2025-02-14 15:15:00,2025-02-14 15:15:00,,1216.85,,,204.0,0.20436999441889725,0
2025-02-17 15:20:00,2025-02-17 15:20:00,,1225.45,,,15.499999999985903,0.015538884625477983,0
2025-02-18 09:25:00,2025-02-18 09:25:00,,1224.45,,,315.0,0.3158630579979762,0
2025-02-18 14:30:00,2025-02-18 14:30:00,,1227.0,,,432.6000000000281,0.43308133554780837,0
2025-02-20 09:30:00,2025-02-20 09:30:00,,1232.45,,,-216.30000000001405,-0.21679790586820868,0
2025-02-21 13:00:00,2025-02-21 13:00:00,,1227.1671991798746,,,-998.3935436325173,-1.0,0
2025-02-21 13:10:00,2025-02-21 13:10:00,,1228.0,,,61.20000000003711,0.061324312469564914,0
2025-02-21 13:20:00,2025-02-21 13:20:00,,1227.9,,,-167.59999999994284,-0.1676105390331511,0
2025-02-21 13:30:00,2025-02-21 13:30:00,,1226.35,,,62.39999999994325,0.06246468734091331,0
2025-02-21 13:40:00,2025-02-21 13:40:00,,1223.65,,,19.00000000006912,0.01904190852610367,0
2025-02-21 13:50:00,2025-02-21 13:50:00,,1225.0,,,827.750000000035,0.828861794227033,0
2025-02-24 09:20:00,2025-02-24 09:20:00,,1214.8363933969115,,,-999.1649300092135,-1.0,0
2025-02-24 09:40:00,2025-02-24 09:40:00,,1213.55,,,-290.0,-0.29009865876398283,0
2025-02-25 15:05:00,2025-02-25 15:05:00,,1203.4570826702784,,,-998.9865742338643,-1.0,0
2025-02-25 15:15:00,2025-02-25 15:15:00,,1203.9,,,175.0500000000177,0.17517272979215096,0
2025-02-25 15:25:00,2025-02-25 15:25:00,,1202.0,,,-169.65000000001714,-0.17002641771786792,0
2025-03-03 09:35:00,2025-03-03 09:35:00,,1176.1,,,-52.15000000002033,-0.05225999072376804,0
2025-03-03 09:45:00,2025-03-03 09:45:00,,1164.1,,,-476.0,-0.4792792098141289,0
2025-03-03 09:55:00,2025-03-03 09:55:00,,1166.8,,,544.0,0.5475166532679516,0
2025-03-06 15:20:00,2025-03-06 15:20:00,,1212.25,,,438.64999999998713,0.4398468714515533,0
2025-03-07 14:35:00,2025-03-07 14:35:00,,1252.55,,,677.2500000000286,0.6785667773588209,0
2025-03-10 09:45:00,2025-03-10 09:45:00,,1255.35,,,125.40000000004147,0.12549885629083707,0
2025-03-10 09:55:00,2025-03-10 09:55:00,,1255.0,,,423.6499999999792,0.4250534423963907,0
2025-03-10 10:20:00,2025-03-10 10:20:00,,1255.15,,,360.0,0.36118949535379813,0
2025-03-11 09:20:00,2025-03-11 09:20:00,,1231.45,,,-356.49999999998954,-0.35698109188144433,0
2025-03-13 14:35:00,2025-03-13 14:35:00,,1248.0,,,-385.3499999999833,-0.38537160251209496,0
2025-03-13 14:45:00,2025-03-13 14:45:00,,1245.5,,,-850.6999999999671,-0.8526635046716794,0
2025-03-13 14:55:00,2025-03-13 14:55:00,,1244.55,,,-182.5999999999849,-0.18309177379077837,0
2025-03-19 09:20:00,2025-03-19 09:20:00,,1243.0,,,1174.1999999999625,1.1762902084163167,0
2025-03-19 09:30:00,2025-03-19 09:30:00,,1244.75,,,285.59999999996944,0.2862344851641411,0
2025-03-19 09:45:00,2025-03-19 09:45:00,,1251.621235935919,,,-998.5831401348628,-1.0,0
2025-03-19 10:25:00,2025-03-19 10:25:00,,1248.75,,,702.0,0.70219178955454,0
2025-03-19 13:00:00,2025-03-19 13:00:00,,1251.6,,,139.65000000005443,0.1397046734334379,0
2025-03-19 13:15:00,2025-03-19 13:15:00,,1252.25,,,-467.5,-0.4676585617770391,0
2025-03-24 11:00:00,2025-03-24 11:00:00,,1298.2,,,-123.7500000000125,-0.12400625194720247,0
2025-03-24 11:10:00,2025-03-24 11:10:00,,1298.85,,,-554.399999999976,-0.5554651890604528,0
2025-03-24 11:20:00,2025-03-24 11:20:00,,1300.15,,,-40.500000000024556,-0.04055877704810677,0
2025-03-24 11:30:00,2025-03-24 11:30:00,,1304.0,,,-556.0,-0.5574763480834072,0
2025-03-24 11:40:00,2025-03-24 11:40:00,,1300.05,,,1214.8500000000124,1.217852387869083,0
2025-03-24 11:50:00,2025-03-24 11:50:00,,1301.85,,,36.75000000002228,0.03678119631062753,0
2025-03-24 14:00:00,2025-03-24 14:00:00,,1302.55,,,571.9499999999832,0.5722985791390308,0
2025-03-28 12:55:00,2025-03-28 12:55:00,,1273.75,,,746.25,0.7497908935635367,0
2025-04-04 10:00:00,2025-04-04 10:00:00,,1209.6,,,-209.00000000002592,-0.20971017396642824,0
2025-04-04 10:10:00,2025-04-04 10:10:00,,1208.6,,,-144.75,-0.14547087964351035,0
2025-04-04 10:20:00,2025-04-04 10:20:00,,1205.8,,,-954.4499999999914,-0.9581027010736531,0
2025-04-04 10:30:00,2025-04-04 10:30:00,,1202.45,,,247.8000000000161,0.24887288552957867,0
2025-04-04 10:40:00,2025-04-04 10:40:00,,1202.8,,,-311.5,-0.31320307230753675,0
2025-04-04 10:50:00,2025-04-04 10:50:00,,1201.65,,,82.35000000000832,0.08250118608208647,0
2025-04-11 12:20:00,2025-04-11 12:20:00,,1220.65,,,134.5499999999456,0.13482401528373525,0
2025-04-15 10:10:00,2025-04-15 10:10:00,,1241.5,,,241.20000000000914,0.241331834981212,0
2025-04-17 14:00:00,2025-04-17 14:00:00,,1274.8,,,-183.99999999998954,-0.18459456882608938,0
2025-04-17 14:10:00,2025-04-17 14:10:00,,1275.0,,,310.69999999998913,0.31078252600835377,0
2025-04-21 09:40:00,2025-04-21 09:40:00,,1282.4,,,117.59999999998217,0.11786354923563042,0
2025-04-21 11:15:00,2025-04-21 11:15:00,,1294.6,,,-609.3999999999496,-0.6095557258916242,0
2025-04-21 14:25:00,2025-04-21 14:25:00,,1299.0,,,260.4000000000169,0.2606699095353816,0
2025-04-23 09:55:00,2025-04-23 09:55:00,,1303.4,,,85.99999999997067,0.0863633297751858,0
2025-04-24 15:15:00,2025-04-24 15:15:00,,1304.0,,,-712.300000000019,-0.7139229600522892,0
2025-04-25 09:25:00,2025-04-25 09:25:00,,1316.7952022386623,,,-997.1717730975361,-1.0,0
2025-04-28 13:25:00,2025-04-28 13:25:00,,1371.9,,,280.4999999999768,0.28101309824122617,0
2025-04-28 13:35:00,2025-04-28 13:35:00,,1374.4,,,-300.00000000001137,-0.30013973334690086,0
2025-04-28 13:45:00,2025-04-28 13:45:00,,1373.1,,,306.0000000000116,0.3071156499347718,0
2025-04-30 12:10:00,2025-04-30 12:10:00,,1409.1,,,-113.99999999996112,-0.11433379948128929,0
2025-04-30 12:20:00,2025-04-30 12:20:00,,1411.2,,,-237.5999999999865,-0.2380803314210755,0
2025-04-30 12:30:00,2025-04-30 12:30:00,,1409.8,,,-28.099999999974443,-0.028192289393451638,0
2025-04-30 12:45:00,2025-04-30 12:45:00,,1409.9,,,-29.60000000004038,-0.029613446559151314,0
2025-04-30 12:55:00,2025-04-30 12:55:00,,1410.7,,,0.0,0.0,0
2025-05-06 15:10:00,2025-05-06 15:10:00,,1420.1,,,619.2000000000626,0.6192010651717882,0
2025-05-07 15:20:00,2025-05-07 15:20:00,,1402.9,,,-254.7999999999338,-0.2552332525487203,0
2025-05-08 09:20:00,2025-05-08 09:20:00,,1400.3,,,306.0000000000116,0.3062978932258585,0
2025-05-08 09:30:00,2025-05-08 09:30:00,,1403.4,,,1066.0000000000355,1.0676224594746269,0
2025-05-09 09:20:00,2025-05-09 09:20:00,,1388.1,,,-172.0,-0.17219618755662186,0
2025-05-09 10:05:00,2025-05-09 10:05:00,,1379.9,,,17.10000000002333,0.0171360065089377,0
2025-05-12 15:10:00,2025-05-12 15:10:00,,1436.5,,,-582.3999999999669,-0.5837842601911648,0
2025-05-12 15:20:00,2025-05-12 15:20:00,,1437.6,,,0.0,0.0,0
2025-05-13 09:15:00,2025-05-13 09:15:00,,1439.3883077992482,,,-999.3544985398757,-1.0,0
2025-05-19 09:40:00,2025-05-19 09:40:00,,1447.2,,,630.1999999999875,0.6318155066779989,0
2025-05-19 15:20:00,2025-05-19 15:20:00,,1442.8,,,259.0000000000168,0.25925915860909093,0
2025-05-20 15:05:00,2025-05-20 15:05:00,,1424.2280006229187,,,1999.8478075181447,2.0,0
2025-05-21 09:20:00,2025-05-21 09:20:00,,1421.4,,,212.80000000004839,0.21323389897774425,0
2025-05-22 14:30:00,2025-05-22 14:30:00,,1397.157422211402,,,1998.1240929356386,1.999999999999915,0
2025-05-23 09:25:00,2025-05-23 09:25:00,,1417.2,,,-23.50000000003206,-0.0235467827328561,0
2025-05-23 09:35:00,2025-05-23 09:35:00,,1417.6,,,356.8000000000304,0.35837127642947875,0
2025-05-23 09:45:00,2025-05-23 09:45:00,,1418.5,,,154.00000000001,0.15400593521736805,0
2025-05-26 13:50:00,2025-05-26 13:50:00,,1439.6,,,0.0,0.0,0
2025-05-27 09:20:00,2025-05-27 09:20:00,,1421.2913832717238,,,-999.9557675586993,-1.0,0
2025-05-29 09:15:00,2025-05-29 09:15:00,,1414.429839369797,,,-999.0922959092318,-1.0,0
2025-05-29 11:40:00,2025-05-29 11:40:00,,1413.4,,,-417.6000000000158,-0.418387231786223,0
2025-05-29 12:55:00,2025-05-29 12:55:00,,1413.0165870852252,,,-998.4490337320342,-1.0,0
2025-05-29 15:05:00,2025-05-29 15:05:00,,1417.4,,,-110.70000000006712,-0.1109938148830054,0
2025-05-29 15:15:00,2025-05-29 15:15:00,,1418.9,,,36.4999999999668,0.03655814676620502,0
2025-05-30 09:15:00,2025-05-30 09:15:00,,1421.2802311987025,,,-999.4402259497342,-1.0,0
2025-05-30 09:40:00,2025-05-30 09:40:00,,1427.0,,,-143.50000000000932,-0.1437693896650653,0
2025-05-30 09:50:00,2025-05-30 09:50:00,,1429.5,,,-494.40000000001874,-0.4967813067453603,0
2025-05-30 10:00:00,2025-05-30 10:00:00,,1425.0,,,590.7999999999904,0.5922051801478179,0
2025-05-30 15:10:00,2025-05-30 15:10:00,,1422.2,,,1616.4999999999861,1.618117448794562,0
2025-06-02 15:10:00,2025-06-02 15:10:00,,1414.0,,,537.5999999999694,0.5388275462150638,0
2025-06-04 13:00:00,2025-06-04 13:00:00,,1415.2,,,-824.500000000022,-0.8253444987993267,0
2025-06-04 13:15:00,2025-06-04 13:15:00,,1414.9,,,101.99999999990723,0.10215341403208987,0
2025-06-04 13:30:00,2025-06-04 13:30:00,,1415.4,,,52.49999999995225,0.0525763804343115,0
2025-06-04 13:40:00,2025-06-04 13:40:00,,1416.4,,,-495.00000000005,-0.4951758056261644,0
2025-06-04 13:50:00,2025-06-04 13:50:00,,1417.1,,,-271.0,-0.27100748076039743,0
2025-06-04 14:00:00,2025-06-04 14:00:00,,1417.1,,,771.2000000000658,0.7724147232742802,0
2025-06-04 14:10:00,2025-06-04 14:10:00,,1418.4,,,315.99999999998204,0.3163069504521927,0
2025-06-04 14:20:00,2025-06-04 14:20:00,,1419.0,,,0.0,0.0,0
2025-06-04 14:30:00,2025-06-04 14:30:00,,1419.7,,,-158.00000000003593,-0.15819614288718992,0
2025-06-04 14:40:00,2025-06-04 14:40:00,,1420.2,,,-319.19999999998186,-0.3198905683066641,0
2025-06-04 14:50:00,2025-06-04 14:50:00,,1420.4,,,39.499999999964075,0.03952851887514239,0
2025-06-04 15:00:00,2025-06-04 15:00:00,,1424.5,,,-940.8000000000357,-0.9422332891803304,0
2025-06-04 15:25:00,2025-06-04 15:25:00,,1421.0,,,647.9999999999836,0.6482409684119635,0
2025-06-05 09:20:00,2025-06-05 09:20:00,,1433.2,,,-611.7999999999879,-0.6126498832484267,0
2025-06-05 12:15:00,2025-06-05 12:15:00,,1451.1,,,248.4000000000251,0.24854787110792445,0
2025-06-06 15:05:00,2025-06-06 15:05:00,,1444.0328739635222,,,-999.9111990076642,-1.0,0
2025-06-11 13:55:00,2025-06-11 13:55:00,,1453.5,,,571.1999999999675,0.5717961144654834,0
2025-06-12 13:50:00,2025-06-12 13:50:00,,1439.7,,,410.20000000002665,0.41056855338578274,0
2025-06-12 14:00:00,2025-06-12 14:00:00,,1437.8,,,-424.5,-0.4258252637289295,0
2025-06-12 14:10:00,2025-06-12 14:10:00,,1437.8,,,762.6999999999641,0.7652491701866592,0
2025-06-12 14:20:00,2025-06-12 14:20:00,,1438.4,,,-252.0,-0.25212408309998363,0
2025-06-12 14:30:00,2025-06-12 14:30:00,,1441.4,,,877.2000000000235,0.8783967900974462,0
2025-06-13 09:20:00,2025-06-13 09:20:00,,1417.2467128142732,,,-997.9930778590301,-1.0,0
2025-06-13 09:35:00,2025-06-13 09:35:00,,1420.1,,,153.99999999998727,0.15482132756101552,0
2025-06-13 09:45:00,2025-06-13 09:45:00,,1416.4,,,-171.599999999974,-0.17174289584932628,0
2025-06-17 11:00:00,2025-06-17 11:00:00,,1426.4867299300931,,,1998.828889643804,2.0,0
2025-06-18 09:40:00,2025-06-18 09:40:00,,1441.5,,,-292.49999999998977,-0.29280542640235707,0
2025-06-18 09:50:00,2025-06-18 09:50:00,,1438.7,,,385.9000000000103,0.38597085177176177,0
2025-06-23 13:30:00,2025-06-23 13:30:00,,1459.7,,,174.79999999994038,0.17499118364859642,0
2025-06-23 13:40:00,2025-06-23 13:40:00,,1460.0,,,44.59999999995944,0.04462098814159639,0
2025-06-23 13:50:00,2025-06-23 13:50:00,,1460.4,,,-340.2000000000221,-0.3405349235203569,0
2025-06-23 14:00:00,2025-06-23 14:00:00,,1463.6333909130772,,,-998.3949383209324,-1.0,0
2025-06-23 14:10:00,2025-06-23 14:10:00,,1458.9,,,634.5,0.6347245299061394,0
2025-06-26 09:50:00,2025-06-26 09:50:00,,1477.1,,,51.20000000001164,0.05134448342409634,0
2025-06-26 10:00:00,2025-06-26 10:00:00,,1484.9479518862186,,,-998.831827213296,-1.0,0
2025-06-26 10:10:00,2025-06-26 10:10:00,,1485.0,,,629.1000000000106,0.6305600959278383,0
2025-06-26 10:20:00,2025-06-26 10:20:00,,1484.2,,,237.0,0.23782298784928352,0
2025-06-26 13:50:00,2025-06-26 13:50:00,,1496.0,,,-668.8000000000138,-0.6694234282445503,0
2025-06-26 14:00:00,2025-06-26 14:00:00,,1496.0,,,230.3999999999869,0.23041768277950897,0
2025-06-27 11:05:00,2025-06-27 11:05:00,,1508.8,,,199.99999999998863,0.20069577860280108,0
2025-06-27 11:15:00,2025-06-27 11:15:00,,1510.2,,,-49.40000000001123,-0.04945708102095663,0
2025-06-27 11:25:00,2025-06-27 11:25:00,,1512.4,,,98.39999999996644,0.09863237618751008,0
2025-06-27 11:35:00,2025-06-27 11:35:00,,1514.5,,,25.19999999997708,0.02522933826162772,0
2025-06-27 11:45:00,2025-06-27 11:45:00,,1514.5,,,-155.39999999997644,-0.15590509143773112,0
2025-06-27 11:55:00,2025-06-27 11:55:00,,1514.1,,,27.900000000038062,0.027986179102342582,0
2025-06-27 12:05:00,2025-06-27 12:05:00,,1516.9,,,-478.4000000000408,-0.4799734295545738,0
2025-06-27 12:20:00,2025-06-27 12:20:00,,1517.9,,,158.0,0.1581102599120882,0
2025-06-30 13:05:00,2025-06-30 13:05:00,,1504.8,,,98.39999999998508,0.09864971701313906,0
2025-06-30 13:20:00,2025-06-30 13:20:00,,1503.6,,,137.59999999995307,0.13792383612414882,0
2025-06-30 13:30:00,2025-06-30 13:30:00,,1503.0,,,35.69999999996753,0.035725640145363356,0
2025-06-30 13:40:00,2025-06-30 13:40:00,,1500.0,,,-556.5,-0.5565550765790792,0
2025-06-30 13:50:00,2025-06-30 13:50:00,,1498.9,,,-73.59999999993306,-0.07377011003063631,0
2025-06-30 14:00:00,2025-06-30 14:00:00,,1499.0,,,-376.0,-0.37606958055613887,0
2025-07-01 12:45:00,2025-07-01 12:45:00,,1528.9,,,109.19999999996276,0.10939879111102745,0
2025-07-02 14:15:00,2025-07-02 14:15:00,,1514.6777267169111,,,-997.8061891100974,-1.0,0
2025-07-03 13:40:00,2025-07-03 13:40:00,,1530.9,,,-174.5,-0.17469924932045075,0
2025-07-03 14:40:00,2025-07-03 14:40:00,,1514.7,,,54.600000000012415,0.05474497006127431,0
2025-07-03 14:50:00,2025-07-03 14:50:00,,1517.1,,,518.0,0.5193371476652751,0
2025-07-03 15:05:00,2025-07-03 15:05:00,,1519.0,,,916.0,0.9171057783913004,0
2025-07-04 14:45:00,2025-07-04 14:45:00,,1524.7,,,261.59999999998513,0.26161913358751443,0
2025-07-04 15:10:00,2025-07-04 15:10:00,,1527.5,,,-378.3999999999687,-0.3793301279731135,0
2025-07-04 15:20:00,2025-07-04 15:20:00,,1528.3,,,135.60000000003083,0.13564613690335964,0
2025-07-07 09:15:00,2025-07-07 09:15:00,,1530.9490077140117,,,-999.7136150499709,-1.0,0
2025-07-07 14:05:00,2025-07-07 14:05:00,,1543.4,,,410.0,0.41013295857436577,0
2025-07-08 15:00:00,2025-07-08 15:00:00,,1534.4,,,-397.0,-0.39745677202435736,0
2025-07-09 12:25:00,2025-07-09 12:25:00,,1550.6,,,80.40000000001828,0.08050959805521282,0
2025-07-09 12:35:00,2025-07-09 12:35:00,,1549.8,,,82.40000000001874,0.08249579749090472,0
2025-07-09 14:35:00,2025-07-09 14:35:00,,1514.8,,,300.5999999999924,0.30143497355245363,0
2025-07-09 14:45:00,2025-07-09 14:45:00,,1515.2,,,176.00000000002183,0.17658049884780747,0
2025-07-14 09:45:00,2025-07-14 09:45:00,,1494.4312730811741,,,-999.3819243522694,-1.0,0
2025-07-15 15:00:00,2025-07-15 15:00:00,,1483.1,,,179.19999999993888,0.1794647286785886,0
2025-07-16 14:20:00,2025-07-16 14:20:00,,1487.1,,,565.5,0.5666360128378372,0
2025-07-17 10:55:00,2025-07-17 10:55:00,,1481.5023255001206,,,-999.2929920462775,-1.0,0
2025-07-17 14:50:00,2025-07-17 14:50:00,,1474.076250085445,,,1999.0424653093082,1.9999999999999076,0
2025-07-17 15:20:00,2025-07-17 15:20:00,,1478.9863423192407,,,-997.4383346264099,-1.0,0
2025-07-18 15:15:00,2025-07-18 15:15:00,,1474.9,,,873.3999999999278,0.8741436333282516,0
2025-07-21 09:35:00,2025-07-21 09:35:00,,1438.7,,,0.0,0.0,0
2025-07-21 13:45:00,2025-07-21 13:45:00,,1426.2,,,235.90000000001532,0.23605205772775187,0
2025-07-23 09:15:00,2025-07-23 09:15:00,,1415.9798218286342,,,-999.8100234602498,-1.0,0
2025-07-23 14:15:00,2025-07-23 14:15:00,,1423.2,,,-93.00000000002115,-0.09312017615967244,0
2025-07-24 11:15:00,2025-07-24 11:15:00,,1409.204714676318,,,1995.3290209887673,2.0,0
2025-07-28 09:15:00,2025-07-28 09:15:00,,1386.2524301538954,,,1997.2571002886298,2.0000000000000884,0
2025-07-28 09:30:00,2025-07-28 09:30:00,,1394.6723558201609,,,-998.8807830837577,-1.0,0
2025-07-28 13:25:00,2025-07-28 13:25:00,,1392.5,,,58.00000000001319,0.058139751697338676,0
2025-07-28 13:35:00,2025-07-28 13:35:00,,1392.0,,,208.60000000001355,0.20888910471944536,0
2025-07-28 15:25:00,2025-07-28 15:25:00,,1387.1,,,-94.80000000005748,-0.09503733802638296,0
2025-07-29 15:00:00,2025-07-29 15:00:00,,1415.1606189208655,,,-996.9732978423781,-1.0,0
2025-07-29 15:10:00,2025-07-29 15:10:00,,1415.9,,,49.59999999995489,0.04971498868600156,0
2025-07-29 15:20:00,2025-07-29 15:20:00,,1418.8,,,-48.400000000011005,-0.048435398017989816,0
2025-07-30 09:15:00,2025-07-30 09:15:00,,1420.9172792590145,,,-997.2915088323819,-1.0,0
2025-07-30 09:25:00,2025-07-30 09:25:00,,1416.9,,,91.0,0.09137357084516132,0
2025-07-30 09:35:00,2025-07-30 09:35:00,,1417.0,,,213.6000000000081,0.21364822156943053,0
2025-07-30 14:00:00,2025-07-30 14:00:00,,1414.9,,,33.099999999969896,0.03315540125307844,0
2025-08-04 13:55:00,2025-08-04 13:55:00,,1415.1,,,143.20000000003256,0.14358086078187118,0
2025-08-05 09:20:00,2025-08-05 09:20:00,,1402.5,,,445.4000000000119,0.4456012894973751,0
2025-08-05 09:30:00,2025-08-05 09:30:00,,1403.0,,,491.3999999999787,0.49199328284513366,0
2025-08-05 09:40:00,2025-08-05 09:40:00,,1401.0,,,316.40000000002055,0.31693183672223496,0
2025-08-05 09:50:00,2025-08-05 09:50:00,,1398.3,,,-175.19999999999004,-0.17589660866182322,0
2025-08-05 10:00:00,2025-08-05 10:00:00,,1398.4,,,72.9000000000442,0.07304952617654963,0
2025-08-05 10:15:00,2025-08-05 10:15:00,,1397.7,,,123.5,0.12358194010708984,0
2025-08-06 10:10:00,2025-08-06 10:10:00,,1389.6,,,-401.5999999999772,-0.40236650848168837,0
